tree_id,generated_id,WBI_VALUE,NDMI2_VALUE,NDSI_RWC_VALUE,PRI_VALUE,WBI_WATER_BLOCK,SWIR_WATER_BLOCK,PRI_PHYSIOLOGICAL_SUPPORT,WATER_EVIDENCE_STATUS,WATER_DOMAIN_STATE,WATER_MEASUREMENT_QUALITY,NDRE_VALUE,CIRED_EDGE_VALUE,REP_D1_NM_VALUE,PSRI_VALUE,SIPI_VALUE,ARI1_VALUE,NDVI_VALUE,BIO_CHL_RE_SUPPORTED,BIO_PIGMENT_SUPPORTED,BIO_ARI1_HIGH,BIOCHEMICAL_STATUS,BIOCHEMICAL_DOMAIN_STATE,H_P95_m,RASTER_CHM_P95_m,H_IQR_m,STRUCTURE_QC_FINAL,STRUCTURE_STATUS_FINAL,STRUCTURE_EVIDENCE_STRENGTH,STRUCTURE_DOMAIN_STATE,HIGH_VERTICAL_VARIABILITY_CONTEXT,WATER_SUPPORTED,BIOCHEMICAL_SUPPORTED,STRUCTURE_LOW_STATURE,STRUCTURE_CORROBORATED,SUPPORTED_DOMAIN_COUNT,ASSESSABLE_DOMAIN_COUNT,MULTIDOMAIN_COMPLETENESS,CROSS_DOMAIN_PATTERN,FIELD_INSPECTION_TIER,CROSS_DOMAIN_INTERPRETATION,INTERPRETATION_BOUNDARY
2,2,,,,,NOT_ASSESSABLE,NOT_ASSESSABLE,NOT_ASSESSABLE,WATER_STATUS_NOT_FULLY_ASSESSABLE,NOT_FULLY_ASSESSABLE,LIMITED,,,,,,,,False,False,False,NOT_FULLY_ASSESSABLE,NOT_FULLY_ASSESSABLE,2.1068980216979982,,0.3598379492759704,WARN,NO_LOW_STATURE_EVIDENCE,NONE,NO_LOW_STATURE_EVIDENCE,False,False,False,False,False,0,1,LIMITED_0_OR_1_OF_3,NO_SUPPORTED_MAJOR_DOMAIN_ANOMALY,DATA_LIMITED_REVIEW,"No supported major-domain anomaly is identified, but the assessment is incomplete or contains inconclusive evidence.","Cross-domain agreement represents internal corroboration. It does not prove that water status, biochemical change, disease, or another factor caused the structural condition."
5,5,,,,,NOT_ASSESSABLE,NOT_ASSESSABLE,NOT_ASSESSABLE,WATER_STATUS_NOT_FULLY_ASSESSABLE,NOT_FULLY_ASSESSABLE,LIMITED,,,,,,,,False,False,False,NOT_FULLY_ASSESSABLE,NOT_FULLY_ASSESSABLE,1.8289135992527008,1.7806488037109374,0.7627946585416794,PASS,NO_LOW_STATURE_EVIDENCE,NONE,NO_LOW_STATURE_EVIDENCE,False,False,False,False,False,0,1,LIMITED_0_OR_1_OF_3,NO_SUPPORTED_MAJOR_DOMAIN_ANOMALY,DATA_LIMITED_REVIEW,"No supported major-domain anomaly is identified, but the assessment is incomplete or contains inconclusive evidence.","Cross-domain agreement represents internal corroboration. It does not prove that water status, biochemical change, disease, or another factor caused the structural condition."
6,6,1.05585042098864,,,-0.0807508281546159,NO_ANOMALY,NOT_ASSESSABLE,NO_ABNORMALITY,WATER_STATUS_NOT_FULLY_ASSESSABLE,NOT_FULLY_ASSESSABLE,LIMITED,0.4061261754285302,1.4372925988849286,727.0056241191137,0.0537086905450099,1.1072274275974967,2.53320131623627,0.728918323807518,False,False,False,NO_CONCORDANT_BIOCHEMICAL_DECLINE,NO_CONCORDANT_ANOMALY,2.4498983144760134,2.390837860107422,0.7176944315433502,PASS,NO_LOW_STATURE_EVIDENCE,NONE,NO_LOW_STATURE_EVIDENCE,False,False,False,False,False,0,2,PARTIAL_2_OF_3,NO_SUPPORTED_MAJOR_DOMAIN_ANOMALY,DATA_LIMITED_REVIEW,"No supported major-domain anomaly is identified, but the assessment is incomplete or contains inconclusive evidence.","Cross-domain agreement represents internal corroboration. It does not prove that water status, biochemical change, disease, or another factor caused the structural condition."
8,8,,,,,NOT_ASSESSABLE,NOT_ASSESSABLE,NOT_ASSESSABLE,WATER_STATUS_NOT_FULLY_ASSESSABLE,NOT_FULLY_ASSESSABLE,LIMITED,,,,,,,,False,False,False,NOT_FULLY_ASSESSABLE,NOT_FULLY_ASSESSABLE,2.429767370223999,2.55460205078125,0.4736860990524292,PASS,NO_LOW_STATURE_EVIDENCE,NONE,NO_LOW_STATURE_EVIDENCE,False,False,False,False,False,0,1,LIMITED_0_OR_1_OF_3,NO_SUPPORTED_MAJOR_DOMAIN_ANOMALY,DATA_LIMITED_REVIEW,"No supported major-domain anomaly is identified, but the assessment is incomplete or contains inconclusive evidence.","Cross-domain agreement represents internal corroboration. It does not prove that water status, biochemical change, disease, or another factor caused the structural condition."
9,9,,,,,NOT_ASSESSABLE,NOT_ASSESSABLE,NOT_ASSESSABLE,WATER_STATUS_NOT_FULLY_ASSESSABLE,NOT_FULLY_ASSESSABLE,LIMITED,,,,,,,,False,False,False,NOT_FULLY_ASSESSABLE,NOT_FULLY_ASSESSABLE,0.6998388320207596,0.563995361328125,0.1220495402812957,WARN,CORROBORATED_LOW_STRUCTURAL_STATURE,CORROBORATED,LOW_STATURE_CORROBORATED,False,False,False,True,True,1,1,LIMITED_0_OR_1_OF_3,STRUCTURE_ONLY,SINGLE_DOMAIN_PRIORITY,Relatively low structural stature is present without another supported major-domain anomaly.,"Cross-domain agreement represents internal corroboration. It does not prove that water status, biochemical change, disease, or another factor caused the structural condition."
10,10,,,,,NOT_ASSESSABLE,NOT_ASSESSABLE,NOT_ASSESSABLE,WATER_STATUS_NOT_FULLY_ASSESSABLE,NOT_FULLY_ASSESSABLE,LIMITED,,,,,,,,False,False,False,NOT_FULLY_ASSESSABLE,NOT_FULLY_ASSESSABLE,2.13531608581543,2.0675979614257813,1.5290932804346085,PASS,NO_LOW_STATURE_EVIDENCE,NONE,NO_LOW_STATURE_EVIDENCE,True,False,False,False,False,0,1,LIMITED_0_OR_1_OF_3,NO_SUPPORTED_MAJOR_DOMAIN_ANOMALY,DATA_LIMITED_REVIEW,"No supported major-domain anomaly is identified, but the assessment is incomplete or contains inconclusive evidence.","Cross-domain agreement represents internal corroboration. It does not prove that water status, biochemical change, disease, or another factor caused the structural condition."
12,12,,,,,NOT_ASSESSABLE,NOT_ASSESSABLE,NOT_ASSESSABLE,WATER_STATUS_NOT_FULLY_ASSESSABLE,NOT_FULLY_ASSESSABLE,LIMITED,,,,,,,,False,False,False,NOT_FULLY_ASSESSABLE,NOT_FULLY_ASSESSABLE,1.633739173412323,1.4053993225097656,0.6952180713415146,PASS,CORROBORATED_LOW_STRUCTURAL_STATURE,CORROBORATED,LOW_STATURE_CORROBORATED,False,False,False,True,True,1,1,LIMITED_0_OR_1_OF_3,STRUCTURE_ONLY,SINGLE_DOMAIN_PRIORITY,Relatively low structural stature is present without another supported major-domain anomaly.,"Cross-domain agreement represents internal corroboration. It does not prove that water status, biochemical change, disease, or another factor caused the structural condition."
13,13,,,,,NOT_ASSESSABLE,NOT_ASSESSABLE,NOT_ASSESSABLE,WATER_STATUS_NOT_FULLY_ASSESSABLE,NOT_FULLY_ASSESSABLE,LIMITED,,,,,,,,False,False,False,NOT_FULLY_ASSESSABLE,NOT_FULLY_ASSESSABLE,2.0472404718399044,1.5178421020507813,1.3969939574599266,PASS,NO_LOW_STATURE_EVIDENCE,NONE,NO_LOW_STATURE_EVIDENCE,True,False,False,False,False,0,1,LIMITED_0_OR_1_OF_3,NO_SUPPORTED_MAJOR_DOMAIN_ANOMALY,DATA_LIMITED_REVIEW,"No supported major-domain anomaly is identified, but the assessment is incomplete or contains inconclusive evidence.","Cross-domain agreement represents internal corroboration. It does not prove that water status, biochemical change, disease, or another factor caused the structural condition."
14,14,,,,,NOT_ASSESSABLE,NOT_ASSESSABLE,NOT_ASSESSABLE,WATER_STATUS_NOT_FULLY_ASSESSABLE,NOT_FULLY_ASSESSABLE,LIMITED,,,,,,,,False,False,False,NOT_FULLY_ASSESSABLE,NOT_FULLY_ASSESSABLE,0.8889502018690109,0.7429962158203125,0.3653083518147468,WARN,CORROBORATED_LOW_STRUCTURAL_STATURE,CORROBORATED,LOW_STATURE_CORROBORATED,False,False,False,True,True,1,1,LIMITED_0_OR_1_OF_3,STRUCTURE_ONLY,SINGLE_DOMAIN_PRIORITY,Relatively low structural stature is present without another supported major-domain anomaly.,"Cross-domain agreement represents internal corroboration. It does not prove that water status, biochemical change, disease, or another factor caused the structural condition."
15,15,,,,,NOT_ASSESSABLE,NOT_ASSESSABLE,NOT_ASSESSABLE,WATER_STATUS_NOT_FULLY_ASSESSABLE,NOT_FULLY_ASSESSABLE,LIMITED,,,,,,,,False,False,False,NOT_FULLY_ASSESSABLE,NOT_FULLY_ASSESSABLE,1.6710191249847413,1.5936012268066406,1.0427553206682203,PASS,NO_LOW_STATURE_EVIDENCE,NONE,NO_LOW_STATURE_EVIDENCE,False,False,False,False,False,0,1,LIMITED_0_OR_1_OF_3,NO_SUPPORTED_MAJOR_DOMAIN_ANOMALY,DATA_LIMITED_REVIEW,"No supported major-domain anomaly is identified, but the assessment is incomplete or contains inconclusive evidence.","Cross-domain agreement represents internal corroboration. It does not prove that water status, biochemical change, disease, or another factor caused the structural condition."
20,20,0.9744545700069328,-0.214466459214201,0.2788132372948268,-0.0901084151119817,ANOMALOUS,NO_ANOMALY,ABNORMAL,ISOLATED_DIRECT_WATER_ANOMALY,SCREENING_ANOMALY,HIGH,0.1864552766565191,0.4869008873182503,724.9347018110766,0.2535947977502094,1.6917817993062405,4.449798109966199,0.367759659168032,True,True,True,STRONG_CONCORDANT_BIOCHEMICAL_DECLINE,SUPPORTED_ANOMALY,0.4406492233276371,0.319000244140625,0.0553734377026557,PASS,CORROBORATED_LOW_STRUCTURAL_STATURE,CORROBORATED,LOW_STATURE_CORROBORATED,False,False,True,True,True,2,3,COMPLETE_3_OF_3,BIOCHEMICAL_STRUCTURE_ONLY,MULTI_DOMAIN_PRIORITY,Supported biochemical decline coincides with relatively low structural stature; a supported water-status anomaly is not present.,"Cross-domain agreement represents internal corroboration. It does not prove that water status, biochemical change, disease, or another factor caused the structural condition."
21,21,,,,,NOT_ASSESSABLE,NOT_ASSESSABLE,NOT_ASSESSABLE,WATER_STATUS_NOT_FULLY_ASSESSABLE,NOT_FULLY_ASSESSABLE,LIMITED,,,,,,,,False,False,False,NOT_FULLY_ASSESSABLE,NOT_FULLY_ASSESSABLE,2.289478588104248,2.2443893432617186,1.7932643815875051,PASS,NO_LOW_STATURE_EVIDENCE,NONE,NO_LOW_STATURE_EVIDENCE,True,False,False,False,False,0,1,LIMITED_0_OR_1_OF_3,NO_SUPPORTED_MAJOR_DOMAIN_ANOMALY,DATA_LIMITED_REVIEW,"No supported major-domain anomaly is identified, but the assessment is incomplete or contains inconclusive evidence.","Cross-domain agreement represents internal corroboration. It does not prove that water status, biochemical change, disease, or another factor caused the structural condition."
23,23,1.0149751404079497,,,-0.0845398010379492,NO_ANOMALY,NOT_ASSESSABLE,NO_ABNORMALITY,WATER_STATUS_NOT_FULLY_ASSESSABLE,NOT_FULLY_ASSESSABLE,LIMITED,0.3613932809714599,1.2097900200896332,726.8836232008589,0.1169375127401769,1.2078769857519531,4.167586029347822,0.6267437267233151,False,False,False,NO_CONCORDANT_BIOCHEMICAL_DECLINE,NO_CONCORDANT_ANOMALY,2.597278118133545,2.332987976074219,0.5106403231620789,PASS,NO_LOW_STATURE_EVIDENCE,NONE,NO_LOW_STATURE_EVIDENCE,False,False,False,False,False,0,2,PARTIAL_2_OF_3,NO_SUPPORTED_MAJOR_DOMAIN_ANOMALY,DATA_LIMITED_REVIEW,"No supported major-domain anomaly is identified, but the assessment is incomplete or contains inconclusive evidence.","Cross-domain agreement represents internal corroboration. It does not prove that water status, biochemical change, disease, or another factor caused the structural condition."
24,24,,,,,NOT_ASSESSABLE,NOT_ASSESSABLE,NOT_ASSESSABLE,WATER_STATUS_NOT_FULLY_ASSESSABLE,NOT_FULLY_ASSESSABLE,LIMITED,,,,,,,,False,False,False,NOT_FULLY_ASSESSABLE,NOT_FULLY_ASSESSABLE,1.7908642709255218,1.7847938537597656,0.6686146408319473,PASS,NO_LOW_STATURE_EVIDENCE,NONE,NO_LOW_STATURE_EVIDENCE,False,False,False,False,False,0,1,LIMITED_0_OR_1_OF_3,NO_SUPPORTED_MAJOR_DOMAIN_ANOMALY,DATA_LIMITED_REVIEW,"No supported major-domain anomaly is identified, but the assessment is incomplete or contains inconclusive evidence.","Cross-domain agreement represents internal corroboration. It does not prove that water status, biochemical change, disease, or another factor caused the structural condition."
25,25,0.9780400587584198,-0.0839810874404363,0.171546602281235,-0.0888211202916421,ANOMALOUS,ANOMALOUS_CONCORDANT,NO_ABNORMALITY,SUPPORTED_WATER_STATUS_ANOMALY,SUPPORTED_ANOMALY,HIGH,0.1662548014219906,0.4157592985545439,725.89640012705,0.2587695986540193,1.6395279169082642,3.9303993136676314,0.3318828889834592,False,True,False,SENESCENCE_PIGMENT_ONLY,SCREENING_ANOMALY,0.3196553438901901,0.246002197265625,0.057567112147808,WARN,CORROBORATED_LOW_STRUCTURAL_STATURE,CORROBORATED,LOW_STATURE_CORROBORATED,False,True,False,True,True,2,3,COMPLETE_3_OF_3,WATER_STRUCTURE_ONLY,MULTI_DOMAIN_PRIORITY,Supported water-status anomaly coincides with relatively low structural stature; biochemical decline is not supported at the domain level.,"Cross-domain agreement represents internal corroboration. It does not prove that water status, biochemical change, disease, or another factor caused the structural condition."
26,26,,,,,NOT_ASSESSABLE,NOT_ASSESSABLE,NOT_ASSESSABLE,WATER_STATUS_NOT_FULLY_ASSESSABLE,NOT_FULLY_ASSESSABLE,LIMITED,,,,,,,,False,False,False,NOT_FULLY_ASSESSABLE,NOT_FULLY_ASSESSABLE,0.915308117866516,0.740997314453125,0.4215036332607269,PASS,CORROBORATED_LOW_STRUCTURAL_STATURE,CORROBORATED,LOW_STATURE_CORROBORATED,False,False,False,True,True,1,1,LIMITED_0_OR_1_OF_3,STRUCTURE_ONLY,SINGLE_DOMAIN_PRIORITY,Relatively low structural stature is present without another supported major-domain anomaly.,"Cross-domain agreement represents internal corroboration. It does not prove that water status, biochemical change, disease, or another factor caused the structural condition."
27,27,,,,,NOT_ASSESSABLE,NOT_ASSESSABLE,NOT_ASSESSABLE,WATER_STATUS_NOT_FULLY_ASSESSABLE,NOT_FULLY_ASSESSABLE,LIMITED,,,,,,,,False,False,False,NOT_FULLY_ASSESSABLE,NOT_FULLY_ASSESSABLE,0.575633105635643,,0.090408518910408,WARN,LOW_STATURE_LAS_ONLY,SINGLE_MEASUREMENT,LOW_STATURE_LAS_ONLY,False,False,False,True,False,1,1,LIMITED_0_OR_1_OF_3,STRUCTURE_ONLY,SINGLE_DOMAIN_PRIORITY,Relatively low structural stature is present without another supported major-domain anomaly. Structural low-stature evidence is based on LAS H_P95 without raster-CHM corroboration.,"Cross-domain agreement represents internal corroboration. It does not prove that water status, biochemical change, disease, or another factor caused the structural condition."
28,28,,,,,NOT_ASSESSABLE,NOT_ASSESSABLE,NOT_ASSESSABLE,WATER_STATUS_NOT_FULLY_ASSESSABLE,NOT_FULLY_ASSESSABLE,LIMITED,,,,,,,,False,False,False,NOT_FULLY_ASSESSABLE,NOT_FULLY_ASSESSABLE,1.7104541063308716,1.2559967041015625,0.387079119682312,WARN,NO_LOW_STATURE_EVIDENCE,NONE,NO_LOW_STATURE_EVIDENCE,False,False,False,False,False,0,1,LIMITED_0_OR_1_OF_3,NO_SUPPORTED_MAJOR_DOMAIN_ANOMALY,DATA_LIMITED_REVIEW,"No supported major-domain anomaly is identified, but the assessment is incomplete or contains inconclusive evidence.","Cross-domain agreement represents internal corroboration. It does not prove that water status, biochemical change, disease, or another factor caused the structural condition."
29,29,1.0310427959579438,,,-0.0847852437406896,NO_ANOMALY,NOT_ASSESSABLE,NO_ABNORMALITY,WATER_STATUS_NOT_FULLY_ASSESSABLE,NOT_FULLY_ASSESSABLE,LIMITED,0.3859787257096961,1.359515561301501,726.1940803288916,0.0880508954218625,1.1877136052908743,3.171646376568911,0.6710182219206502,False,False,False,NO_CONCORDANT_BIOCHEMICAL_DECLINE,NO_CONCORDANT_ANOMALY,2.424093246459961,2.297441101074219,0.7379289865493774,PASS,NO_LOW_STATURE_EVIDENCE,NONE,NO_LOW_STATURE_EVIDENCE,False,False,False,False,False,0,2,PARTIAL_2_OF_3,NO_SUPPORTED_MAJOR_DOMAIN_ANOMALY,DATA_LIMITED_REVIEW,"No supported major-domain anomaly is identified, but the assessment is incomplete or contains inconclusive evidence.","Cross-domain agreement represents internal corroboration. It does not prove that water status, biochemical change, disease, or another factor caused the structural condition."
30,30,,,,,NOT_ASSESSABLE,NOT_ASSESSABLE,NOT_ASSESSABLE,WATER_STATUS_NOT_FULLY_ASSESSABLE,NOT_FULLY_ASSESSABLE,LIMITED,,,,,,,,False,False,False,NOT_FULLY_ASSESSABLE,NOT_FULLY_ASSESSABLE,1.9826567649841305,1.9860450744628904,1.4268635511398315,PASS,NO_LOW_STATURE_EVIDENCE,NONE,NO_LOW_STATURE_EVIDENCE,True,False,False,False,False,0,1,LIMITED_0_OR_1_OF_3,NO_SUPPORTED_MAJOR_DOMAIN_ANOMALY,DATA_LIMITED_REVIEW,"No supported major-domain anomaly is identified, but the assessment is incomplete or contains inconclusive evidence.","Cross-domain agreement represents internal corroboration. It does not prove that water status, biochemical change, disease, or another factor caused the structural condition."
31,31,0.9611977019064002,-0.2178596313638395,0.2888658588173954,-0.0912152923486476,ANOMALOUS,NO_ANOMALY,ABNORMAL,ISOLATED_DIRECT_WATER_ANOMALY,SCREENING_ANOMALY,HIGH,0.2148608632619005,0.6007475486476425,726.0658820900405,0.2128442647912753,1.5777702738242771,3.668070486637807,0.4188066361232309,False,False,False,NO_CONCORDANT_BIOCHEMICAL_DECLINE,NO_CONCORDANT_ANOMALY,1.582556515932083,0.3213966369628906,0.1255782023072242,WARN,CORROBORATED_LOW_STRUCTURAL_STATURE,CORROBORATED,LOW_STATURE_CORROBORATED,False,False,False,True,True,1,3,COMPLETE_3_OF_3,STRUCTURE_ONLY,SINGLE_DOMAIN_PRIORITY,Relatively low structural stature is present without another supported major-domain anomaly.,"Cross-domain agreement represents internal corroboration. It does not prove that water status, biochemical change, disease, or another factor caused the structural condition."
32,32,1.022833930083771,-0.5315842737423933,0.5640581406802808,-0.084409023141711,NO_ANOMALY,NO_ANOMALY,NO_ABNORMALITY,NO_CONCORDANT_WATER_ANOMALY,NO_CONCORDANT_ANOMALY,HIGH,0.3605606747488907,1.1951661819607782,726.6303383902825,0.1038835076544938,1.1848693827479684,3.353122580035252,0.6358254108935659,False,False,False,NO_CONCORDANT_BIOCHEMICAL_DECLINE,NO_CONCORDANT_ANOMALY,1.7212785482406616,1.49798583984375,0.2634487748146057,PASS,NO_LOW_STATURE_EVIDENCE,NONE,NO_LOW_STATURE_EVIDENCE,False,False,False,False,False,0,3,COMPLETE_3_OF_3,NO_SUPPORTED_MAJOR_DOMAIN_ANOMALY,NO_SUPPORTED_ANOMALY,No supported concordant anomaly evidence is identified across the assessed domains.,"Cross-domain agreement represents internal corroboration. It does not prove that water status, biochemical change, disease, or another factor caused the structural condition."
34,34,1.0125120284902949,,,-0.0821276667073479,NO_ANOMALY,NOT_ASSESSABLE,NO_ABNORMALITY,WATER_STATUS_NOT_FULLY_ASSESSABLE,NOT_FULLY_ASSESSABLE,LIMITED,0.4014700090777593,1.4371678031053134,727.6393176516272,0.0715119547604977,1.138275203733469,2.7337495874393056,0.6944653433193446,False,False,False,NO_CONCORDANT_BIOCHEMICAL_DECLINE,NO_CONCORDANT_ANOMALY,2.6391666412353514,2.6107406616210938,0.552702009677887,PASS,NO_LOW_STATURE_EVIDENCE,NONE,NO_LOW_STATURE_EVIDENCE,False,False,False,False,False,0,2,PARTIAL_2_OF_3,NO_SUPPORTED_MAJOR_DOMAIN_ANOMALY,DATA_LIMITED_REVIEW,"No supported major-domain anomaly is identified, but the assessment is incomplete or contains inconclusive evidence.","Cross-domain agreement represents internal corroboration. It does not prove that water status, biochemical change, disease, or another factor caused the structural condition."
36,36,,,,,NOT_ASSESSABLE,NOT_ASSESSABLE,NOT_ASSESSABLE,WATER_STATUS_NOT_FULLY_ASSESSABLE,NOT_FULLY_ASSESSABLE,LIMITED,,,,,,,,False,False,False,NOT_FULLY_ASSESSABLE,NOT_FULLY_ASSESSABLE,2.668395709991455,2.6042442321777344,0.859932005405426,PASS,NO_LOW_STATURE_EVIDENCE,NONE,NO_LOW_STATURE_EVIDENCE,False,False,False,False,False,0,1,LIMITED_0_OR_1_OF_3,NO_SUPPORTED_MAJOR_DOMAIN_ANOMALY,DATA_LIMITED_REVIEW,"No supported major-domain anomaly is identified, but the assessment is incomplete or contains inconclusive evidence.","Cross-domain agreement represents internal corroboration. It does not prove that water status, biochemical change, disease, or another factor caused the structural condition."
37,37,,,,,NOT_ASSESSABLE,NOT_ASSESSABLE,NOT_ASSESSABLE,WATER_STATUS_NOT_FULLY_ASSESSABLE,NOT_FULLY_ASSESSABLE,LIMITED,,,,,,,,False,False,False,NOT_FULLY_ASSESSABLE,NOT_FULLY_ASSESSABLE,1.076668846607208,0.4349822998046875,0.4393988996744156,WARN,CORROBORATED_LOW_STRUCTURAL_STATURE,CORROBORATED,LOW_STATURE_CORROBORATED,False,False,False,True,True,1,1,LIMITED_0_OR_1_OF_3,STRUCTURE_ONLY,SINGLE_DOMAIN_PRIORITY,Relatively low structural stature is present without another supported major-domain anomaly.,"Cross-domain agreement represents internal corroboration. It does not prove that water status, biochemical change, disease, or another factor caused the structural condition."
39,39,,,,,NOT_ASSESSABLE,NOT_ASSESSABLE,NOT_ASSESSABLE,WATER_STATUS_NOT_FULLY_ASSESSABLE,NOT_FULLY_ASSESSABLE,LIMITED,,,,,,,,False,False,False,NOT_FULLY_ASSESSABLE,NOT_FULLY_ASSESSABLE,2.042557573318481,1.7255950927734374,1.5466884821653366,PASS,NO_LOW_STATURE_EVIDENCE,NONE,NO_LOW_STATURE_EVIDENCE,True,False,False,False,False,0,1,LIMITED_0_OR_1_OF_3,NO_SUPPORTED_MAJOR_DOMAIN_ANOMALY,DATA_LIMITED_REVIEW,"No supported major-domain anomaly is identified, but the assessment is incomplete or contains inconclusive evidence.","Cross-domain agreement represents internal corroboration. It does not prove that water status, biochemical change, disease, or another factor caused the structural condition."
40,40,1.0251165062562766,-0.3846637722287783,0.4255923265532238,-0.0852038983774004,NO_ANOMALY,NO_ANOMALY,NO_ABNORMALITY,NO_CONCORDANT_WATER_ANOMALY,NO_CONCORDANT_ANOMALY,HIGH,0.3128838830291633,1.0627478956405678,726.9227400543552,0.1478415175487508,1.395344706941342,4.10276122898934,0.5513748786153363,False,False,False,NO_CONCORDANT_BIOCHEMICAL_DECLINE,NO_CONCORDANT_ANOMALY,2.3810297012329102,2.1497459411621094,1.9147914946079247,PASS,NO_LOW_STATURE_EVIDENCE,NONE,NO_LOW_STATURE_EVIDENCE,True,False,False,False,False,0,3,COMPLETE_3_OF_3,NO_SUPPORTED_MAJOR_DOMAIN_ANOMALY,NO_SUPPORTED_ANOMALY,No supported concordant anomaly evidence is identified across the assessed domains.,"Cross-domain agreement represents internal corroboration. It does not prove that water status, biochemical change, disease, or another factor caused the structural condition."
41,41,1.0501418936581106,-0.5332408736283969,0.5696721621661083,-0.0869669398799038,NO_ANOMALY,NO_ANOMALY,NO_ABNORMALITY,NO_CONCORDANT_WATER_ANOMALY,NO_CONCORDANT_ANOMALY,HIGH,0.3607771376473132,1.1704300792006794,725.9385297789061,0.0744310900081568,1.130690286707681,2.7830099611141588,0.6696541204481339,False,False,False,NO_CONCORDANT_BIOCHEMICAL_DECLINE,NO_CONCORDANT_ANOMALY,2.492915391921997,2.002845764160156,0.3033539950847626,PASS,NO_LOW_STATURE_EVIDENCE,NONE,NO_LOW_STATURE_EVIDENCE,False,False,False,False,False,0,3,COMPLETE_3_OF_3,NO_SUPPORTED_MAJOR_DOMAIN_ANOMALY,NO_SUPPORTED_ANOMALY,No supported concordant anomaly evidence is identified across the assessed domains.,"Cross-domain agreement represents internal corroboration. It does not prove that water status, biochemical change, disease, or another factor caused the structural condition."
42,42,,,,,NOT_ASSESSABLE,NOT_ASSESSABLE,NOT_ASSESSABLE,WATER_STATUS_NOT_FULLY_ASSESSABLE,NOT_FULLY_ASSESSABLE,LIMITED,,,,,,,,False,False,False,NOT_FULLY_ASSESSABLE,NOT_FULLY_ASSESSABLE,1.5384534120559692,0.3453842163085937,1.173482708632946,PASS,CORROBORATED_LOW_STRUCTURAL_STATURE,CORROBORATED,LOW_STATURE_CORROBORATED,False,False,False,True,True,1,1,LIMITED_0_OR_1_OF_3,STRUCTURE_ONLY,SINGLE_DOMAIN_PRIORITY,Relatively low structural stature is present without another supported major-domain anomaly.,"Cross-domain agreement represents internal corroboration. It does not prove that water status, biochemical change, disease, or another factor caused the structural condition."
44,44,,,,,NOT_ASSESSABLE,NOT_ASSESSABLE,NOT_ASSESSABLE,WATER_STATUS_NOT_FULLY_ASSESSABLE,NOT_FULLY_ASSESSABLE,LIMITED,,,,,,,,False,False,False,NOT_FULLY_ASSESSABLE,NOT_FULLY_ASSESSABLE,1.5588932871818542,1.4665031433105469,1.0497465059161186,PASS,LOW_STATURE_LAS_ONLY,SINGLE_MEASUREMENT,LOW_STATURE_LAS_ONLY,False,False,False,True,False,1,1,LIMITED_0_OR_1_OF_3,STRUCTURE_ONLY,SINGLE_DOMAIN_PRIORITY,Relatively low structural stature is present without another supported major-domain anomaly. Structural low-stature evidence is based on LAS H_P95 without raster-CHM corroboration.,"Cross-domain agreement represents internal corroboration. It does not prove that water status, biochemical change, disease, or another factor caused the structural condition."
45,45,,,,,NOT_ASSESSABLE,NOT_ASSESSABLE,NOT_ASSESSABLE,WATER_STATUS_NOT_FULLY_ASSESSABLE,NOT_FULLY_ASSESSABLE,LIMITED,,,,,,,,False,False,False,NOT_FULLY_ASSESSABLE,NOT_FULLY_ASSESSABLE,2.275240278244018,1.779645538330078,0.4520711898803711,PASS,NO_LOW_STATURE_EVIDENCE,NONE,NO_LOW_STATURE_EVIDENCE,False,False,False,False,False,0,1,LIMITED_0_OR_1_OF_3,NO_SUPPORTED_MAJOR_DOMAIN_ANOMALY,DATA_LIMITED_REVIEW,"No supported major-domain anomaly is identified, but the assessment is incomplete or contains inconclusive evidence.","Cross-domain agreement represents internal corroboration. It does not prove that water status, biochemical change, disease, or another factor caused the structural condition."
46,46,,,,,NOT_ASSESSABLE,NOT_ASSESSABLE,NOT_ASSESSABLE,WATER_STATUS_NOT_FULLY_ASSESSABLE,NOT_FULLY_ASSESSABLE,LIMITED,,,,,,,,False,False,False,NOT_FULLY_ASSESSABLE,NOT_FULLY_ASSESSABLE,2.7771913051605224,2.648493194580078,1.599464476108551,PASS,NO_LOW_STATURE_EVIDENCE,NONE,NO_LOW_STATURE_EVIDENCE,True,False,False,False,False,0,1,LIMITED_0_OR_1_OF_3,NO_SUPPORTED_MAJOR_DOMAIN_ANOMALY,DATA_LIMITED_REVIEW,"No supported major-domain anomaly is identified, but the assessment is incomplete or contains inconclusive evidence.","Cross-domain agreement represents internal corroboration. It does not prove that water status, biochemical change, disease, or another factor caused the structural condition."
47,47,1.0034039245715316,-0.3067238949359409,0.3700691194732255,-0.0854858383992462,NO_ANOMALY,NO_ANOMALY,NO_ABNORMALITY,NO_CONCORDANT_WATER_ANOMALY,NO_CONCORDANT_ANOMALY,HIGH,0.2678683243151508,0.8042395842766312,726.0683735826613,0.1664287359958133,1.3887135475523698,4.594065260865864,0.50147487232078,False,False,True,NO_CONCORDANT_BIOCHEMICAL_DECLINE,NO_CONCORDANT_ANOMALY,1.993266093730926,1.2398040771484375,1.1334495693445206,PASS,NO_LOW_STATURE_EVIDENCE,NONE,NO_LOW_STATURE_EVIDENCE,False,False,False,False,False,0,3,COMPLETE_3_OF_3,NO_SUPPORTED_MAJOR_DOMAIN_ANOMALY,NO_SUPPORTED_ANOMALY,No supported concordant anomaly evidence is identified across the assessed domains.,"Cross-domain agreement represents internal corroboration. It does not prove that water status, biochemical change, disease, or another factor caused the structural condition."
49,49,1.0249038746208776,,,-0.0903095208284139,NO_ANOMALY,NOT_ASSESSABLE,ABNORMAL,WATER_STATUS_NOT_FULLY_ASSESSABLE,NOT_FULLY_ASSESSABLE,LIMITED,0.375807183441238,1.3343141315981706,726.736812312696,0.0979260345266463,1.2139075252359404,2.9604742763490126,0.6493205435861653,False,False,False,NO_CONCORDANT_BIOCHEMICAL_DECLINE,NO_CONCORDANT_ANOMALY,2.8157202243804926,2.3828948974609374,0.8235635757446289,PASS,NO_LOW_STATURE_EVIDENCE,NONE,NO_LOW_STATURE_EVIDENCE,False,False,False,False,False,0,2,PARTIAL_2_OF_3,NO_SUPPORTED_MAJOR_DOMAIN_ANOMALY,DATA_LIMITED_REVIEW,"No supported major-domain anomaly is identified, but the assessment is incomplete or contains inconclusive evidence.","Cross-domain agreement represents internal corroboration. It does not prove that water status, biochemical change, disease, or another factor caused the structural condition."
50,50,1.015609269786704,-0.456146891455226,0.5031128819426637,-0.0889260368252466,NO_ANOMALY,NO_ANOMALY,NO_ABNORMALITY,NO_CONCORDANT_WATER_ANOMALY,NO_CONCORDANT_ANOMALY,HIGH,0.3210289446344719,0.9854945151549892,725.6063832976811,0.1241308390396037,1.213289883212715,4.691575510746912,0.6070265394584383,False,False,True,NO_CONCORDANT_BIOCHEMICAL_DECLINE,NO_CONCORDANT_ANOMALY,2.154463648796081,2.1718513488769533,0.36590376496315,PASS,NO_LOW_STATURE_EVIDENCE,NONE,NO_LOW_STATURE_EVIDENCE,False,False,False,False,False,0,3,COMPLETE_3_OF_3,NO_SUPPORTED_MAJOR_DOMAIN_ANOMALY,NO_SUPPORTED_ANOMALY,No supported concordant anomaly evidence is identified across the assessed domains.,"Cross-domain agreement represents internal corroboration. It does not prove that water status, biochemical change, disease, or another factor caused the structural condition."
51,51,,,,,NOT_ASSESSABLE,NOT_ASSESSABLE,NOT_ASSESSABLE,WATER_STATUS_NOT_FULLY_ASSESSABLE,NOT_FULLY_ASSESSABLE,LIMITED,,,,,,,,False,False,False,NOT_FULLY_ASSESSABLE,NOT_FULLY_ASSESSABLE,1.338594913482666,0.265191650390625,0.0937839299440383,PASS,CORROBORATED_LOW_STRUCTURAL_STATURE,CORROBORATED,LOW_STATURE_CORROBORATED,False,False,False,True,True,1,1,LIMITED_0_OR_1_OF_3,STRUCTURE_ONLY,SINGLE_DOMAIN_PRIORITY,Relatively low structural stature is present without another supported major-domain anomaly.,"Cross-domain agreement represents internal corroboration. It does not prove that water status, biochemical change, disease, or another factor caused the structural condition."
52,52,,,,,NOT_ASSESSABLE,NOT_ASSESSABLE,NOT_ASSESSABLE,WATER_STATUS_NOT_FULLY_ASSESSABLE,NOT_FULLY_ASSESSABLE,LIMITED,,,,,,,,False,False,False,NOT_FULLY_ASSESSABLE,NOT_FULLY_ASSESSABLE,1.7913856506347656,1.670989990234375,1.2746965363621712,PASS,NO_LOW_STATURE_EVIDENCE,NONE,NO_LOW_STATURE_EVIDENCE,False,False,False,False,False,0,1,LIMITED_0_OR_1_OF_3,NO_SUPPORTED_MAJOR_DOMAIN_ANOMALY,DATA_LIMITED_REVIEW,"No supported major-domain anomaly is identified, but the assessment is incomplete or contains inconclusive evidence.","Cross-domain agreement represents internal corroboration. It does not prove that water status, biochemical change, disease, or another factor caused the structural condition."
53,53,1.020463124107509,,,-0.0910488784077937,NO_ANOMALY,NOT_ASSESSABLE,ABNORMAL,WATER_STATUS_NOT_FULLY_ASSESSABLE,NOT_FULLY_ASSESSABLE,LIMITED,0.3352688133022423,1.0942267259925165,726.3986283392281,0.1060925718526652,1.2247573838766903,2.855463626451648,0.609666292487796,False,False,False,NO_CONCORDANT_BIOCHEMICAL_DECLINE,NO_CONCORDANT_ANOMALY,2.285169208049774,2.0961929321289063,0.7578617632389069,PASS,NO_LOW_STATURE_EVIDENCE,NONE,NO_LOW_STATURE_EVIDENCE,False,False,False,False,False,0,2,PARTIAL_2_OF_3,NO_SUPPORTED_MAJOR_DOMAIN_ANOMALY,DATA_LIMITED_REVIEW,"No supported major-domain anomaly is identified, but the assessment is incomplete or contains inconclusive evidence.","Cross-domain agreement represents internal corroboration. It does not prove that water status, biochemical change, disease, or another factor caused the structural condition."
54,54,0.9961360685596145,-0.1795671072412251,0.2402963037658602,-0.0919321135428254,NO_ANOMALY,PARTIAL_DISCORDANT,ABNORMAL,SWIR_DISCORDANT_INSUFFICIENT_EVIDENCE,INCONCLUSIVE,HIGH,0.1897952190363801,0.5212489988254794,726.4472055944702,0.236610757710494,1.7337593065069172,4.447356912892323,0.3800566511228817,False,True,True,SENESCENCE_PIGMENT_ONLY,SCREENING_ANOMALY,1.6040673851966858,1.603089141845703,1.0168495327234268,PASS,LOW_STATURE_LAS_ONLY,SINGLE_MEASUREMENT,LOW_STATURE_LAS_ONLY,False,False,False,True,False,1,3,COMPLETE_3_OF_3,STRUCTURE_ONLY,SINGLE_DOMAIN_PRIORITY,Relatively low structural stature is present without another supported major-domain anomaly. Structural low-stature evidence is based on LAS H_P95 without raster-CHM corroboration.,"Cross-domain agreement represents internal corroboration. It does not prove that water status, biochemical change, disease, or another factor caused the structural condition."
55,55,,,,,NOT_ASSESSABLE,NOT_ASSESSABLE,NOT_ASSESSABLE,WATER_STATUS_NOT_FULLY_ASSESSABLE,NOT_FULLY_ASSESSABLE,LIMITED,,,,,,,,False,False,False,NOT_FULLY_ASSESSABLE,NOT_FULLY_ASSESSABLE,1.279061245918274,,0.5353887230157852,WARN,LOW_STATURE_LAS_ONLY,SINGLE_MEASUREMENT,LOW_STATURE_LAS_ONLY,False,False,False,True,False,1,1,LIMITED_0_OR_1_OF_3,STRUCTURE_ONLY,SINGLE_DOMAIN_PRIORITY,Relatively low structural stature is present without another supported major-domain anomaly. Structural low-stature evidence is based on LAS H_P95 without raster-CHM corroboration.,"Cross-domain agreement represents internal corroboration. It does not prove that water status, biochemical change, disease, or another factor caused the structural condition."
56,56,1.02655726273672,-0.5242896499795079,0.5524118685994813,-0.0935309185279316,NO_ANOMALY,NO_ANOMALY,ABNORMAL,NO_CONCORDANT_WATER_ANOMALY,NO_CONCORDANT_ANOMALY,HIGH,0.361056600660356,1.1914861675726405,725.4540151511391,0.0804656749247219,1.1548383343847588,2.6716488547437303,0.6647604989335612,False,False,False,NO_CONCORDANT_BIOCHEMICAL_DECLINE,NO_CONCORDANT_ANOMALY,2.6492051362991327,2.5936500549316404,0.5752505660057068,PASS,NO_LOW_STATURE_EVIDENCE,NONE,NO_LOW_STATURE_EVIDENCE,False,False,False,False,False,0,3,COMPLETE_3_OF_3,NO_SUPPORTED_MAJOR_DOMAIN_ANOMALY,NO_SUPPORTED_ANOMALY,No supported concordant anomaly evidence is identified across the assessed domains.,"Cross-domain agreement represents internal corroboration. It does not prove that water status, biochemical change, disease, or another factor caused the structural condition."
57,57,,,,,NOT_ASSESSABLE,NOT_ASSESSABLE,NOT_ASSESSABLE,WATER_STATUS_NOT_FULLY_ASSESSABLE,NOT_FULLY_ASSESSABLE,LIMITED,,,,,,,,False,False,False,NOT_FULLY_ASSESSABLE,NOT_FULLY_ASSESSABLE,1.615962678194046,1.4162910461425782,0.3944040536880493,PASS,LOW_STATURE_LAS_ONLY,SINGLE_MEASUREMENT,LOW_STATURE_LAS_ONLY,False,False,False,True,False,1,1,LIMITED_0_OR_1_OF_3,STRUCTURE_ONLY,SINGLE_DOMAIN_PRIORITY,Relatively low structural stature is present without another supported major-domain anomaly. Structural low-stature evidence is based on LAS H_P95 without raster-CHM corroboration.,"Cross-domain agreement represents internal corroboration. It does not prove that water status, biochemical change, disease, or another factor caused the structural condition."
58,58,,,,,NOT_ASSESSABLE,NOT_ASSESSABLE,NOT_ASSESSABLE,WATER_STATUS_NOT_FULLY_ASSESSABLE,NOT_FULLY_ASSESSABLE,LIMITED,,,,,,,,False,False,False,NOT_FULLY_ASSESSABLE,NOT_FULLY_ASSESSABLE,1.1913656413555116,0.352996826171875,0.0813819766044616,PASS,CORROBORATED_LOW_STRUCTURAL_STATURE,CORROBORATED,LOW_STATURE_CORROBORATED,False,False,False,True,True,1,1,LIMITED_0_OR_1_OF_3,STRUCTURE_ONLY,SINGLE_DOMAIN_PRIORITY,Relatively low structural stature is present without another supported major-domain anomaly.,"Cross-domain agreement represents internal corroboration. It does not prove that water status, biochemical change, disease, or another factor caused the structural condition."
59,59,1.0366112415320106,-0.5723922648847714,0.5991346201144239,-0.0867114418601339,NO_ANOMALY,NO_ANOMALY,NO_ABNORMALITY,NO_CONCORDANT_WATER_ANOMALY,NO_CONCORDANT_ANOMALY,HIGH,0.4180342758634173,1.527001733240578,727.6691490913174,0.0633290456826735,1.1214490676556208,2.2731041415068,0.7124518940571221,False,False,False,NO_CONCORDANT_BIOCHEMICAL_DECLINE,NO_CONCORDANT_ANOMALY,2.707456016540528,2.6110939025878905,0.369937539100647,PASS,NO_LOW_STATURE_EVIDENCE,NONE,NO_LOW_STATURE_EVIDENCE,False,False,False,False,False,0,3,COMPLETE_3_OF_3,NO_SUPPORTED_MAJOR_DOMAIN_ANOMALY,NO_SUPPORTED_ANOMALY,No supported concordant anomaly evidence is identified across the assessed domains.,"Cross-domain agreement represents internal corroboration. It does not prove that water status, biochemical change, disease, or another factor caused the structural condition."
60,60,0.963101973843544,-0.1656741109997657,0.2515929857359685,-0.0841869402274481,ANOMALOUS,ANOMALOUS_CONCORDANT,NO_ABNORMALITY,SUPPORTED_WATER_STATUS_ANOMALY,SUPPORTED_ANOMALY,HIGH,0.1881542040590387,0.4888266655821148,725.109121625606,0.2267058214109,1.5687080389163843,4.155793061790417,0.3857632259981165,True,False,False,CHLOROPHYLL_RED_EDGE_ONLY,SCREENING_ANOMALY,1.924327433109284,1.8292007446289065,1.2092627324163914,PASS,NO_LOW_STATURE_EVIDENCE,NONE,NO_LOW_STATURE_EVIDENCE,False,True,False,False,False,1,3,COMPLETE_3_OF_3,WATER_ONLY,SINGLE_DOMAIN_PRIORITY,Supported water-status anomaly is present without another supported major-domain signal.,"Cross-domain agreement represents internal corroboration. It does not prove that water status, biochemical change, disease, or another factor caused the structural condition."
61,61,1.0343660738165057,-0.2582290168097319,0.315004610025422,-0.0796930442688613,NO_ANOMALY,NO_ANOMALY,NO_ABNORMALITY,NO_CONCORDANT_WATER_ANOMALY,NO_CONCORDANT_ANOMALY,HIGH,0.2597914671958345,0.810159573357291,727.4218372097781,0.1811958299097634,1.4715555814052967,4.855859135691274,0.4553925400911141,False,False,True,NO_CONCORDANT_BIOCHEMICAL_DECLINE,NO_CONCORDANT_ANOMALY,1.9220982789993288,1.0989494323730469,1.0242134928703308,PASS,NO_LOW_STATURE_EVIDENCE,NONE,NO_LOW_STATURE_EVIDENCE,False,False,False,False,False,0,3,COMPLETE_3_OF_3,NO_SUPPORTED_MAJOR_DOMAIN_ANOMALY,NO_SUPPORTED_ANOMALY,No supported concordant anomaly evidence is identified across the assessed domains.,"Cross-domain agreement represents internal corroboration. It does not prove that water status, biochemical change, disease, or another factor caused the structural condition."
64,64,,,,,NOT_ASSESSABLE,NOT_ASSESSABLE,NOT_ASSESSABLE,WATER_STATUS_NOT_FULLY_ASSESSABLE,NOT_FULLY_ASSESSABLE,LIMITED,,,,,,,,False,False,False,NOT_FULLY_ASSESSABLE,NOT_FULLY_ASSESSABLE,1.6167598962783811,1.400003051757812,1.2047896683216095,PASS,CORROBORATED_LOW_STRUCTURAL_STATURE,CORROBORATED,LOW_STATURE_CORROBORATED,False,False,False,True,True,1,1,LIMITED_0_OR_1_OF_3,STRUCTURE_ONLY,SINGLE_DOMAIN_PRIORITY,Relatively low structural stature is present without another supported major-domain anomaly.,"Cross-domain agreement represents internal corroboration. It does not prove that water status, biochemical change, disease, or another factor caused the structural condition."
65,65,1.044571753615981,-0.5280960592111257,0.566927273644757,-0.0855596854188808,NO_ANOMALY,NO_ANOMALY,NO_ABNORMALITY,NO_CONCORDANT_WATER_ANOMALY,NO_CONCORDANT_ANOMALY,HIGH,0.3964604015520547,1.3554778384424613,727.563789718924,0.0790426801210249,1.1192819165546553,3.7077919114965674,0.6847323850502848,False,False,False,NO_CONCORDANT_BIOCHEMICAL_DECLINE,NO_CONCORDANT_ANOMALY,2.3078547716140747,2.049993896484375,0.2206222712993621,PASS,NO_LOW_STATURE_EVIDENCE,NONE,NO_LOW_STATURE_EVIDENCE,False,False,False,False,False,0,3,COMPLETE_3_OF_3,NO_SUPPORTED_MAJOR_DOMAIN_ANOMALY,NO_SUPPORTED_ANOMALY,No supported concordant anomaly evidence is identified across the assessed domains.,"Cross-domain agreement represents internal corroboration. It does not prove that water status, biochemical change, disease, or another factor caused the structural condition."
66,66,,,,,NOT_ASSESSABLE,NOT_ASSESSABLE,NOT_ASSESSABLE,WATER_STATUS_NOT_FULLY_ASSESSABLE,NOT_FULLY_ASSESSABLE,LIMITED,,,,,,,,False,False,False,NOT_FULLY_ASSESSABLE,NOT_FULLY_ASSESSABLE,1.5807940363883972,1.5974822998046874,0.9333601593971252,PASS,LOW_STATURE_LAS_ONLY,SINGLE_MEASUREMENT,LOW_STATURE_LAS_ONLY,False,False,False,True,False,1,1,LIMITED_0_OR_1_OF_3,STRUCTURE_ONLY,SINGLE_DOMAIN_PRIORITY,Relatively low structural stature is present without another supported major-domain anomaly. Structural low-stature evidence is based on LAS H_P95 without raster-CHM corroboration.,"Cross-domain agreement represents internal corroboration. It does not prove that water status, biochemical change, disease, or another factor caused the structural condition."
67,67,0.9663710067115708,-0.0823374777414872,0.1775146287234134,-0.08836646457242,ANOMALOUS,ANOMALOUS_CONCORDANT,NO_ABNORMALITY,SUPPORTED_WATER_STATUS_ANOMALY,SUPPORTED_ANOMALY,HIGH,0.1596949417570974,0.3920301560153643,724.4996347406279,0.2674439109451038,1.7108635049450642,4.607878300029311,0.3349379796638685,True,True,True,STRONG_CONCORDANT_BIOCHEMICAL_DECLINE,SUPPORTED_ANOMALY,1.2777951955795288,0.9069976806640624,0.0867054760456085,WARN,CORROBORATED_LOW_STRUCTURAL_STATURE,CORROBORATED,LOW_STATURE_CORROBORATED,False,True,True,True,True,3,3,COMPLETE_3_OF_3,WATER_BIOCHEMICAL_STRUCTURE,HIGH_MULTI_DOMAIN_PRIORITY,Supported water-status anomaly and supported biochemical decline coincide with relatively low structural stature.,"Cross-domain agreement represents internal corroboration. It does not prove that water status, biochemical change, disease, or another factor caused the structural condition."
68,68,1.0410735203289718,-0.448593738308374,0.4892884574878707,-0.091545205473117,NO_ANOMALY,NO_ANOMALY,ABNORMAL,NO_CONCORDANT_WATER_ANOMALY,NO_CONCORDANT_ANOMALY,HIGH,0.3342306415963826,1.0778867757802817,725.6996498186315,0.1072762416834224,1.2125866461500594,3.4081631179539325,0.6152664035068214,False,False,False,NO_CONCORDANT_BIOCHEMICAL_DECLINE,NO_CONCORDANT_ANOMALY,2.328684520721436,2.1384918212890627,0.8142575025558472,PASS,NO_LOW_STATURE_EVIDENCE,NONE,NO_LOW_STATURE_EVIDENCE,False,False,False,False,False,0,3,COMPLETE_3_OF_3,NO_SUPPORTED_MAJOR_DOMAIN_ANOMALY,NO_SUPPORTED_ANOMALY,No supported concordant anomaly evidence is identified across the assessed domains.,"Cross-domain agreement represents internal corroboration. It does not prove that water status, biochemical change, disease, or another factor caused the structural condition."
70,70,,,,,NOT_ASSESSABLE,NOT_ASSESSABLE,NOT_ASSESSABLE,WATER_STATUS_NOT_FULLY_ASSESSABLE,NOT_FULLY_ASSESSABLE,LIMITED,,,,,,,,False,False,False,NOT_FULLY_ASSESSABLE,NOT_FULLY_ASSESSABLE,0.6194601207971573,0.31298828125,0.067710243165493,WARN,CORROBORATED_LOW_STRUCTURAL_STATURE,CORROBORATED,LOW_STATURE_CORROBORATED,False,False,False,True,True,1,1,LIMITED_0_OR_1_OF_3,STRUCTURE_ONLY,SINGLE_DOMAIN_PRIORITY,Relatively low structural stature is present without another supported major-domain anomaly.,"Cross-domain agreement represents internal corroboration. It does not prove that water status, biochemical change, disease, or another factor caused the structural condition."
71,71,1.04960427559593,-0.4617365671540134,0.4931881678444833,-0.1020554242885713,NO_ANOMALY,NO_ANOMALY,ABNORMAL,NO_CONCORDANT_WATER_ANOMALY,NO_CONCORDANT_ANOMALY,HIGH,0.3424460710911799,1.1395515779643353,725.1771830294197,0.1027735876486403,1.2385249122665276,2.7289322847574367,0.631991196632169,False,False,False,NO_CONCORDANT_BIOCHEMICAL_DECLINE,NO_CONCORDANT_ANOMALY,2.492097020149231,2.100102996826172,0.9681098759174348,PASS,NO_LOW_STATURE_EVIDENCE,NONE,NO_LOW_STATURE_EVIDENCE,False,False,False,False,False,0,3,COMPLETE_3_OF_3,NO_SUPPORTED_MAJOR_DOMAIN_ANOMALY,NO_SUPPORTED_ANOMALY,No supported concordant anomaly evidence is identified across the assessed domains.,"Cross-domain agreement represents internal corroboration. It does not prove that water status, biochemical change, disease, or another factor caused the structural condition."
73,73,,,,,NOT_ASSESSABLE,NOT_ASSESSABLE,NOT_ASSESSABLE,WATER_STATUS_NOT_FULLY_ASSESSABLE,NOT_FULLY_ASSESSABLE,LIMITED,,,,,,,,False,False,False,NOT_FULLY_ASSESSABLE,NOT_FULLY_ASSESSABLE,2.231078803539276,2.124600982666016,0.3895110785961151,PASS,NO_LOW_STATURE_EVIDENCE,NONE,NO_LOW_STATURE_EVIDENCE,False,False,False,False,False,0,1,LIMITED_0_OR_1_OF_3,NO_SUPPORTED_MAJOR_DOMAIN_ANOMALY,DATA_LIMITED_REVIEW,"No supported major-domain anomaly is identified, but the assessment is incomplete or contains inconclusive evidence.","Cross-domain agreement represents internal corroboration. It does not prove that water status, biochemical change, disease, or another factor caused the structural condition."
74,74,1.0384740330576083,-0.5230102554816983,0.5554595270513445,-0.0817910695124453,NO_ANOMALY,NO_ANOMALY,NO_ABNORMALITY,NO_CONCORDANT_WATER_ANOMALY,NO_CONCORDANT_ANOMALY,HIGH,0.4082686593688427,1.4614199527235905,727.0051512611863,0.0654352334414669,1.1249933918265582,2.7950903089062296,0.6985878644987183,False,False,False,NO_CONCORDANT_BIOCHEMICAL_DECLINE,NO_CONCORDANT_ANOMALY,3.086842000484467,2.587493896484375,0.650247186422348,PASS,NO_LOW_STATURE_EVIDENCE,NONE,NO_LOW_STATURE_EVIDENCE,False,False,False,False,False,0,3,COMPLETE_3_OF_3,NO_SUPPORTED_MAJOR_DOMAIN_ANOMALY,NO_SUPPORTED_ANOMALY,No supported concordant anomaly evidence is identified across the assessed domains.,"Cross-domain agreement represents internal corroboration. It does not prove that water status, biochemical change, disease, or another factor caused the structural condition."
75,75,,-0.1785284114640255,0.2497260573142069,,NOT_ASSESSABLE,PARTIAL_DISCORDANT,NOT_ASSESSABLE,NOT_FULLY_ASSESSABLE_SWIR_DISCORDANT,INCONCLUSIVE,LIMITED,,,,,,,,False,False,False,NOT_FULLY_ASSESSABLE,NOT_FULLY_ASSESSABLE,1.5141983985900878,1.4388839721679687,0.14803346991539,PASS,LOW_STATURE_LAS_ONLY,SINGLE_MEASUREMENT,LOW_STATURE_LAS_ONLY,False,False,False,True,False,1,1,LIMITED_0_OR_1_OF_3,STRUCTURE_ONLY,SINGLE_DOMAIN_PRIORITY,Relatively low structural stature is present without another supported major-domain anomaly. Structural low-stature evidence is based on LAS H_P95 without raster-CHM corroboration.,"Cross-domain agreement represents internal corroboration. It does not prove that water status, biochemical change, disease, or another factor caused the structural condition."
76,76,,,,,NOT_ASSESSABLE,NOT_ASSESSABLE,NOT_ASSESSABLE,WATER_STATUS_NOT_FULLY_ASSESSABLE,NOT_FULLY_ASSESSABLE,LIMITED,,,,,,,,False,False,False,NOT_FULLY_ASSESSABLE,NOT_FULLY_ASSESSABLE,2.0311786770820617,1.88299560546875,0.8773891627788544,PASS,NO_LOW_STATURE_EVIDENCE,NONE,NO_LOW_STATURE_EVIDENCE,False,False,False,False,False,0,1,LIMITED_0_OR_1_OF_3,NO_SUPPORTED_MAJOR_DOMAIN_ANOMALY,DATA_LIMITED_REVIEW,"No supported major-domain anomaly is identified, but the assessment is incomplete or contains inconclusive evidence.","Cross-domain agreement represents internal corroboration. It does not prove that water status, biochemical change, disease, or another factor caused the structural condition."
77,77,1.0221774997878192,-0.528922496059016,0.5612947083302073,-0.0894114502508664,NO_ANOMALY,NO_ANOMALY,ABNORMAL,NO_CONCORDANT_WATER_ANOMALY,NO_CONCORDANT_ANOMALY,HIGH,0.3843482500780631,1.3309708425732691,726.9985895752077,0.0818424140795706,1.1448125444025017,3.396053675402014,0.6768385032246029,False,False,False,NO_CONCORDANT_BIOCHEMICAL_DECLINE,NO_CONCORDANT_ANOMALY,2.286584186553955,1.8523040771484376,0.1881377696990966,PASS,NO_LOW_STATURE_EVIDENCE,NONE,NO_LOW_STATURE_EVIDENCE,False,False,False,False,False,0,3,COMPLETE_3_OF_3,NO_SUPPORTED_MAJOR_DOMAIN_ANOMALY,NO_SUPPORTED_ANOMALY,No supported concordant anomaly evidence is identified across the assessed domains.,"Cross-domain agreement represents internal corroboration. It does not prove that water status, biochemical change, disease, or another factor caused the structural condition."
78,78,1.027205746153366,,,-0.0864509454401981,NO_ANOMALY,NOT_ASSESSABLE,NO_ABNORMALITY,WATER_STATUS_NOT_FULLY_ASSESSABLE,NOT_FULLY_ASSESSABLE,LIMITED,0.3315374026804879,1.0777594692747718,726.1607422989109,0.1090351224823498,1.2291990480327826,3.4359225500551887,0.6050891280289028,False,False,False,NO_CONCORDANT_BIOCHEMICAL_DECLINE,NO_CONCORDANT_ANOMALY,1.775597596168518,1.9501991271972656,0.2761366367340088,PASS,NO_LOW_STATURE_EVIDENCE,NONE,NO_LOW_STATURE_EVIDENCE,False,False,False,False,False,0,2,PARTIAL_2_OF_3,NO_SUPPORTED_MAJOR_DOMAIN_ANOMALY,DATA_LIMITED_REVIEW,"No supported major-domain anomaly is identified, but the assessment is incomplete or contains inconclusive evidence.","Cross-domain agreement represents internal corroboration. It does not prove that water status, biochemical change, disease, or another factor caused the structural condition."
79,79,0.9128663917637576,-0.0855260865638243,0.166394632662239,-0.0935639946053581,ANOMALOUS,ANOMALOUS_CONCORDANT,ABNORMAL,STRONG_INTERNAL_WATER_EVIDENCE,SUPPORTED_ANOMALY,HIGH,0.1288272245159347,0.3061685153140001,724.3736575880304,0.3199962042373269,1.9994965546935008,4.593761930614186,0.2763224695081991,True,True,True,STRONG_CONCORDANT_BIOCHEMICAL_DECLINE,SUPPORTED_ANOMALY,1.043906426429746,0.243988037109375,0.0742217302322387,WARN,CORROBORATED_LOW_STRUCTURAL_STATURE,CORROBORATED,LOW_STATURE_CORROBORATED,False,True,True,True,True,3,3,COMPLETE_3_OF_3,WATER_BIOCHEMICAL_STRUCTURE,HIGH_MULTI_DOMAIN_PRIORITY,Supported water-status anomaly and supported biochemical decline coincide with relatively low structural stature.,"Cross-domain agreement represents internal corroboration. It does not prove that water status, biochemical change, disease, or another factor caused the structural condition."
80,80,0.981499356315476,-0.1738563589893868,0.2668693088270821,-0.080441739742862,NO_ANOMALY,PARTIAL_DISCORDANT,NO_ABNORMALITY,SWIR_DISCORDANT_INSUFFICIENT_EVIDENCE,INCONCLUSIVE,HIGH,0.1884704962539976,0.4815414859312798,724.82765225466,0.2307392717625132,1.589709062492822,4.298626609917943,0.3647585764283438,True,False,False,CHLOROPHYLL_RED_EDGE_ONLY,SCREENING_ANOMALY,1.4114167153835295,1.21064453125,0.0886900164186954,WARN,CORROBORATED_LOW_STRUCTURAL_STATURE,CORROBORATED,LOW_STATURE_CORROBORATED,False,False,False,True,True,1,3,COMPLETE_3_OF_3,STRUCTURE_ONLY,SINGLE_DOMAIN_PRIORITY,Relatively low structural stature is present without another supported major-domain anomaly.,"Cross-domain agreement represents internal corroboration. It does not prove that water status, biochemical change, disease, or another factor caused the structural condition."
81,81,1.043943006493648,,,-0.0830673467472505,NO_ANOMALY,NOT_ASSESSABLE,NO_ABNORMALITY,WATER_STATUS_NOT_FULLY_ASSESSABLE,NOT_FULLY_ASSESSABLE,LIMITED,0.4335106975444183,1.603489234636151,727.1994381733439,0.0472824465079612,1.0880750839548303,2.2503170590121293,0.7389118428394377,False,False,False,NO_CONCORDANT_BIOCHEMICAL_DECLINE,NO_CONCORDANT_ANOMALY,2.817891001701355,2.375041198730469,0.2997527122497558,PASS,NO_LOW_STATURE_EVIDENCE,NONE,NO_LOW_STATURE_EVIDENCE,False,False,False,False,False,0,2,PARTIAL_2_OF_3,NO_SUPPORTED_MAJOR_DOMAIN_ANOMALY,DATA_LIMITED_REVIEW,"No supported major-domain anomaly is identified, but the assessment is incomplete or contains inconclusive evidence.","Cross-domain agreement represents internal corroboration. It does not prove that water status, biochemical change, disease, or another factor caused the structural condition."
82,82,0.9933723210393396,,,-0.0676562655764433,NO_ANOMALY,NOT_ASSESSABLE,NO_ABNORMALITY,WATER_STATUS_NOT_FULLY_ASSESSABLE,NOT_FULLY_ASSESSABLE,LIMITED,0.3690802092504598,1.352559034406708,727.853080741982,0.105347578668668,1.2299939173590877,3.706253937626269,0.6239005198798211,False,False,False,NO_CONCORDANT_BIOCHEMICAL_DECLINE,NO_CONCORDANT_ANOMALY,2.406886959075928,2.240741729736328,1.8939527720212936,PASS,NO_LOW_STATURE_EVIDENCE,NONE,NO_LOW_STATURE_EVIDENCE,True,False,False,False,False,0,2,PARTIAL_2_OF_3,NO_SUPPORTED_MAJOR_DOMAIN_ANOMALY,DATA_LIMITED_REVIEW,"No supported major-domain anomaly is identified, but the assessment is incomplete or contains inconclusive evidence.","Cross-domain agreement represents internal corroboration. It does not prove that water status, biochemical change, disease, or another factor caused the structural condition."
83,83,1.0017881326566798,-0.4715561729121286,0.5057189344640342,-0.0924111120792854,NO_ANOMALY,NO_ANOMALY,ABNORMAL,NO_CONCORDANT_WATER_ANOMALY,NO_CONCORDANT_ANOMALY,HIGH,0.3280731761009828,1.036943192106824,725.8374001939358,0.1162395637080201,1.2235174248849967,3.652852126157091,0.6122840306665487,False,False,False,NO_CONCORDANT_BIOCHEMICAL_DECLINE,NO_CONCORDANT_ANOMALY,2.4978690147399902,1.9100425720214844,0.8570341765880585,PASS,NO_LOW_STATURE_EVIDENCE,NONE,NO_LOW_STATURE_EVIDENCE,False,False,False,False,False,0,3,COMPLETE_3_OF_3,NO_SUPPORTED_MAJOR_DOMAIN_ANOMALY,NO_SUPPORTED_ANOMALY,No supported concordant anomaly evidence is identified across the assessed domains.,"Cross-domain agreement represents internal corroboration. It does not prove that water status, biochemical change, disease, or another factor caused the structural condition."
84,84,1.0521487137447076,-0.5662804563459473,0.5907658720863244,-0.0816384391621483,NO_ANOMALY,NO_ANOMALY,NO_ABNORMALITY,NO_CONCORDANT_WATER_ANOMALY,NO_CONCORDANT_ANOMALY,HIGH,0.4252750421768521,1.5589422258933798,727.6594418897753,0.0612679477732327,1.10552022583609,3.16376806538611,0.7170895406341118,False,False,False,NO_CONCORDANT_BIOCHEMICAL_DECLINE,NO_CONCORDANT_ANOMALY,2.938329267501831,2.903247833251953,0.353264570236206,PASS,NO_LOW_STATURE_EVIDENCE,NONE,NO_LOW_STATURE_EVIDENCE,False,False,False,False,False,0,3,COMPLETE_3_OF_3,NO_SUPPORTED_MAJOR_DOMAIN_ANOMALY,NO_SUPPORTED_ANOMALY,No supported concordant anomaly evidence is identified across the assessed domains.,"Cross-domain agreement represents internal corroboration. It does not prove that water status, biochemical change, disease, or another factor caused the structural condition."
85,85,,-0.0371594349896522,0.1411703778338535,,NOT_ASSESSABLE,ANOMALOUS_CONCORDANT,NOT_ASSESSABLE,NOT_FULLY_ASSESSABLE_ISOLATED_ANOMALY,SCREENING_ANOMALY,LIMITED,,,,,,,,False,False,False,NOT_FULLY_ASSESSABLE,NOT_FULLY_ASSESSABLE,1.3252546548843385,1.281884765625,0.0591550916433334,PASS,CORROBORATED_LOW_STRUCTURAL_STATURE,CORROBORATED,LOW_STATURE_CORROBORATED,False,False,False,True,True,1,1,LIMITED_0_OR_1_OF_3,STRUCTURE_ONLY,SINGLE_DOMAIN_PRIORITY,Relatively low structural stature is present without another supported major-domain anomaly.,"Cross-domain agreement represents internal corroboration. It does not prove that water status, biochemical change, disease, or another factor caused the structural condition."
86,86,,,,,NOT_ASSESSABLE,NOT_ASSESSABLE,NOT_ASSESSABLE,WATER_STATUS_NOT_FULLY_ASSESSABLE,NOT_FULLY_ASSESSABLE,LIMITED,,,,,,,,False,False,False,NOT_FULLY_ASSESSABLE,NOT_FULLY_ASSESSABLE,2.0963278651237487,2.06399917602539,1.484745278954506,PASS,NO_LOW_STATURE_EVIDENCE,NONE,NO_LOW_STATURE_EVIDENCE,True,False,False,False,False,0,1,LIMITED_0_OR_1_OF_3,NO_SUPPORTED_MAJOR_DOMAIN_ANOMALY,DATA_LIMITED_REVIEW,"No supported major-domain anomaly is identified, but the assessment is incomplete or contains inconclusive evidence.","Cross-domain agreement represents internal corroboration. It does not prove that water status, biochemical change, disease, or another factor caused the structural condition."
88,88,,-0.2790367795989973,0.3280954844909673,,NOT_ASSESSABLE,NO_ANOMALY,NOT_ASSESSABLE,WATER_STATUS_NOT_FULLY_ASSESSABLE,NOT_FULLY_ASSESSABLE,LIMITED,,,,,,,,False,False,False,NOT_FULLY_ASSESSABLE,NOT_FULLY_ASSESSABLE,2.082080399990082,1.9181877136230467,1.623690128326416,PASS,NO_LOW_STATURE_EVIDENCE,NONE,NO_LOW_STATURE_EVIDENCE,True,False,False,False,False,0,1,LIMITED_0_OR_1_OF_3,NO_SUPPORTED_MAJOR_DOMAIN_ANOMALY,DATA_LIMITED_REVIEW,"No supported major-domain anomaly is identified, but the assessment is incomplete or contains inconclusive evidence.","Cross-domain agreement represents internal corroboration. It does not prove that water status, biochemical change, disease, or another factor caused the structural condition."
89,89,0.969312287784902,-0.1778059493371049,0.2626549323071103,-0.0707958626444417,ANOMALOUS,PARTIAL_DISCORDANT,NO_ABNORMALITY,SWIR_DISCORDANT_INSUFFICIENT_EVIDENCE,INCONCLUSIVE,HIGH,0.2619370464756374,0.7248450233845515,727.7861331497564,0.1640840256358408,1.3208969948720315,5.053674143674176,0.4669511172049436,False,False,True,NO_CONCORDANT_BIOCHEMICAL_DECLINE,NO_CONCORDANT_ANOMALY,0.5777109816670416,0.43499755859375,0.0511792749166488,WARN,CORROBORATED_LOW_STRUCTURAL_STATURE,CORROBORATED,LOW_STATURE_CORROBORATED,False,False,False,True,True,1,3,COMPLETE_3_OF_3,STRUCTURE_ONLY,SINGLE_DOMAIN_PRIORITY,Relatively low structural stature is present without another supported major-domain anomaly.,"Cross-domain agreement represents internal corroboration. It does not prove that water status, biochemical change, disease, or another factor caused the structural condition."
90,90,1.0307132854029109,-0.4779057014414956,0.5079493422615815,-0.0954791915626913,NO_ANOMALY,NO_ANOMALY,ABNORMAL,NO_CONCORDANT_WATER_ANOMALY,NO_CONCORDANT_ANOMALY,HIGH,0.3579306222544567,1.21873189688252,725.8426135143613,0.1009448494970723,1.2256422727414558,2.943622502242798,0.6414301410576471,False,False,False,NO_CONCORDANT_BIOCHEMICAL_DECLINE,NO_CONCORDANT_ANOMALY,2.8950756311416623,2.860987091064453,1.1102139949798584,PASS,NO_LOW_STATURE_EVIDENCE,NONE,NO_LOW_STATURE_EVIDENCE,False,False,False,False,False,0,3,COMPLETE_3_OF_3,NO_SUPPORTED_MAJOR_DOMAIN_ANOMALY,NO_SUPPORTED_ANOMALY,No supported concordant anomaly evidence is identified across the assessed domains.,"Cross-domain agreement represents internal corroboration. It does not prove that water status, biochemical change, disease, or another factor caused the structural condition."
92,92,,-0.1079927915613004,0.184655454927071,,NOT_ASSESSABLE,ANOMALOUS_CONCORDANT,NOT_ASSESSABLE,NOT_FULLY_ASSESSABLE_ISOLATED_ANOMALY,SCREENING_ANOMALY,LIMITED,,,,,,,,False,False,False,NOT_FULLY_ASSESSABLE,NOT_FULLY_ASSESSABLE,1.4894222497940062,1.1461540222167967,0.9412101358175278,PASS,CORROBORATED_LOW_STRUCTURAL_STATURE,CORROBORATED,LOW_STATURE_CORROBORATED,False,False,False,True,True,1,1,LIMITED_0_OR_1_OF_3,STRUCTURE_ONLY,SINGLE_DOMAIN_PRIORITY,Relatively low structural stature is present without another supported major-domain anomaly.,"Cross-domain agreement represents internal corroboration. It does not prove that water status, biochemical change, disease, or another factor caused the structural condition."
93,93,1.015634925149056,-0.4886435600031262,0.5239683817762506,-0.0860354448458612,NO_ANOMALY,NO_ANOMALY,NO_ABNORMALITY,NO_CONCORDANT_WATER_ANOMALY,NO_CONCORDANT_ANOMALY,HIGH,0.3824534076981858,1.3404804070652865,727.7930960239169,0.1074016381797357,1.2115133045446718,5.283794845607392,0.6533075605268474,False,False,True,NO_CONCORDANT_BIOCHEMICAL_DECLINE,NO_CONCORDANT_ANOMALY,2.237994813919068,2.227001190185547,0.5317402184009552,PASS,NO_LOW_STATURE_EVIDENCE,NONE,NO_LOW_STATURE_EVIDENCE,False,False,False,False,False,0,3,COMPLETE_3_OF_3,NO_SUPPORTED_MAJOR_DOMAIN_ANOMALY,NO_SUPPORTED_ANOMALY,No supported concordant anomaly evidence is identified across the assessed domains.,"Cross-domain agreement represents internal corroboration. It does not prove that water status, biochemical change, disease, or another factor caused the structural condition."
94,94,1.0134126167913036,,,-0.0733655387921301,NO_ANOMALY,NOT_ASSESSABLE,NO_ABNORMALITY,WATER_STATUS_NOT_FULLY_ASSESSABLE,NOT_FULLY_ASSESSABLE,LIMITED,0.3933946004615601,1.447223643035738,728.2023738774735,0.0933378249246795,1.1557309646098437,5.064904714402768,0.6579942628876536,False,False,True,NO_CONCORDANT_BIOCHEMICAL_DECLINE,NO_CONCORDANT_ANOMALY,2.283641421794892,2.2467498779296875,0.9203615188598632,PASS,NO_LOW_STATURE_EVIDENCE,NONE,NO_LOW_STATURE_EVIDENCE,False,False,False,False,False,0,2,PARTIAL_2_OF_3,NO_SUPPORTED_MAJOR_DOMAIN_ANOMALY,DATA_LIMITED_REVIEW,"No supported major-domain anomaly is identified, but the assessment is incomplete or contains inconclusive evidence.","Cross-domain agreement represents internal corroboration. It does not prove that water status, biochemical change, disease, or another factor caused the structural condition."
95,95,0.9266306484880512,-0.2107844377230683,0.2946132010214968,-0.0827354254189803,ANOMALOUS,NO_ANOMALY,NO_ABNORMALITY,ISOLATED_DIRECT_WATER_ANOMALY,SCREENING_ANOMALY,HIGH,0.2029507676148171,0.5359750117458351,724.5959225386391,0.2102228775123878,1.5137733170414056,3.9581564102908455,0.4070845671126067,True,False,False,CHLOROPHYLL_RED_EDGE_ONLY,SCREENING_ANOMALY,1.8148730993270872,1.5351005554199215,1.169284239411354,PASS,NO_LOW_STATURE_EVIDENCE,NONE,NO_LOW_STATURE_EVIDENCE,False,False,False,False,False,0,3,COMPLETE_3_OF_3,NO_SUPPORTED_MAJOR_DOMAIN_ANOMALY,SCREENING_PRIORITY,"Screening-level spectral evidence is present, but no major domain reaches the supported multi-indicator condition.","Cross-domain agreement represents internal corroboration. It does not prove that water status, biochemical change, disease, or another factor caused the structural condition."
96,96,1.036355525795123,-0.4743873023393435,0.5083566245113077,-0.0901803915346875,NO_ANOMALY,NO_ANOMALY,ABNORMAL,NO_CONCORDANT_WATER_ANOMALY,NO_CONCORDANT_ANOMALY,HIGH,0.3634999064539225,1.2349916272359174,726.6605167884602,0.0953027620596569,1.1998622399409098,3.2287140506400576,0.6420453103839046,False,False,False,NO_CONCORDANT_BIOCHEMICAL_DECLINE,NO_CONCORDANT_ANOMALY,2.11994469165802,1.9611076354980468,0.3412850499153137,PASS,NO_LOW_STATURE_EVIDENCE,NONE,NO_LOW_STATURE_EVIDENCE,False,False,False,False,False,0,3,COMPLETE_3_OF_3,NO_SUPPORTED_MAJOR_DOMAIN_ANOMALY,NO_SUPPORTED_ANOMALY,No supported concordant anomaly evidence is identified across the assessed domains.,"Cross-domain agreement represents internal corroboration. It does not prove that water status, biochemical change, disease, or another factor caused the structural condition."
97,97,0.9115725498800848,,,-0.0864111632809151,ANOMALOUS,NOT_ASSESSABLE,NO_ABNORMALITY,NOT_FULLY_ASSESSABLE_ISOLATED_ANOMALY,SCREENING_ANOMALY,LIMITED,0.1324145696371009,0.3113922949834472,723.6856442373517,0.3072761598085902,1.900426369131212,4.330453685389921,0.2784963247344348,True,True,False,CONCORDANT_BIOCHEMICAL_DECLINE,SUPPORTED_ANOMALY,0.3498635441064834,0.41400146484375,0.0433291494846344,PASS,CORROBORATED_LOW_STRUCTURAL_STATURE,CORROBORATED,LOW_STATURE_CORROBORATED,False,False,True,True,True,2,2,PARTIAL_2_OF_3,BIOCHEMICAL_STRUCTURE_ONLY,MULTI_DOMAIN_PRIORITY,Supported biochemical decline coincides with relatively low structural stature; a supported water-status anomaly is not present.,"Cross-domain agreement represents internal corroboration. It does not prove that water status, biochemical change, disease, or another factor caused the structural condition."
100,100,0.985859262671839,,,-0.0832700490150158,NO_ANOMALY,NOT_ASSESSABLE,NO_ABNORMALITY,WATER_STATUS_NOT_FULLY_ASSESSABLE,NOT_FULLY_ASSESSABLE,LIMITED,0.3414252734008082,1.2856588170093142,727.0958758199295,0.163607847887489,1.434338716665215,4.376717968134079,0.5715994229059449,False,False,False,NO_CONCORDANT_BIOCHEMICAL_DECLINE,NO_CONCORDANT_ANOMALY,1.91293825507164,1.922906494140625,0.8493120521306992,PASS,NO_LOW_STATURE_EVIDENCE,NONE,NO_LOW_STATURE_EVIDENCE,False,False,False,False,False,0,2,PARTIAL_2_OF_3,NO_SUPPORTED_MAJOR_DOMAIN_ANOMALY,DATA_LIMITED_REVIEW,"No supported major-domain anomaly is identified, but the assessment is incomplete or contains inconclusive evidence.","Cross-domain agreement represents internal corroboration. It does not prove that water status, biochemical change, disease, or another factor caused the structural condition."
101,101,1.035075608262306,-0.5527303744669819,0.5784594137608732,-0.0808968719977873,NO_ANOMALY,NO_ANOMALY,NO_ABNORMALITY,NO_CONCORDANT_WATER_ANOMALY,NO_CONCORDANT_ANOMALY,HIGH,0.4334844048217758,1.6152002645120531,728.2171931620452,0.0593414119531926,1.1073764285226364,2.9933863769080897,0.7170330684431572,False,False,False,NO_CONCORDANT_BIOCHEMICAL_DECLINE,NO_CONCORDANT_ANOMALY,2.4884533047676087,2.261701965332031,0.621514618396759,PASS,NO_LOW_STATURE_EVIDENCE,NONE,NO_LOW_STATURE_EVIDENCE,False,False,False,False,False,0,3,COMPLETE_3_OF_3,NO_SUPPORTED_MAJOR_DOMAIN_ANOMALY,NO_SUPPORTED_ANOMALY,No supported concordant anomaly evidence is identified across the assessed domains.,"Cross-domain agreement represents internal corroboration. It does not prove that water status, biochemical change, disease, or another factor caused the structural condition."
103,103,0.9618512286501102,,,-0.0828747562946612,ANOMALOUS,NOT_ASSESSABLE,NO_ABNORMALITY,NOT_FULLY_ASSESSABLE_ISOLATED_ANOMALY,SCREENING_ANOMALY,LIMITED,0.3441457121059746,1.1441403560285726,725.7526318675542,0.0880885055501922,1.224567368524699,3.0193655262900863,0.6425124814180243,False,False,False,NO_CONCORDANT_BIOCHEMICAL_DECLINE,NO_CONCORDANT_ANOMALY,2.7223060131073,2.375189208984375,0.7529064416885376,PASS,NO_LOW_STATURE_EVIDENCE,NONE,NO_LOW_STATURE_EVIDENCE,False,False,False,False,False,0,2,PARTIAL_2_OF_3,NO_SUPPORTED_MAJOR_DOMAIN_ANOMALY,SCREENING_PRIORITY,"Screening-level spectral evidence is present, but no major domain reaches the supported multi-indicator condition.","Cross-domain agreement represents internal corroboration. It does not prove that water status, biochemical change, disease, or another factor caused the structural condition."
104,104,1.0429058939036118,-0.4971802146813206,0.5287073697119831,-0.0868676353850056,NO_ANOMALY,NO_ANOMALY,NO_ABNORMALITY,NO_CONCORDANT_WATER_ANOMALY,NO_CONCORDANT_ANOMALY,HIGH,0.3707083563132123,1.272736357897303,727.027754905554,0.0879692709079828,1.1787021154082296,2.8209125947175826,0.6546124137321793,False,False,False,NO_CONCORDANT_BIOCHEMICAL_DECLINE,NO_CONCORDANT_ANOMALY,3.1085256934165955,3.1355865478515623,0.6718434691429138,PASS,NO_LOW_STATURE_EVIDENCE,NONE,NO_LOW_STATURE_EVIDENCE,False,False,False,False,False,0,3,COMPLETE_3_OF_3,NO_SUPPORTED_MAJOR_DOMAIN_ANOMALY,NO_SUPPORTED_ANOMALY,No supported concordant anomaly evidence is identified across the assessed domains.,"Cross-domain agreement represents internal corroboration. It does not prove that water status, biochemical change, disease, or another factor caused the structural condition."
105,105,,,,,NOT_ASSESSABLE,NOT_ASSESSABLE,NOT_ASSESSABLE,WATER_STATUS_NOT_FULLY_ASSESSABLE,NOT_FULLY_ASSESSABLE,LIMITED,,,,,,,,False,False,False,NOT_FULLY_ASSESSABLE,NOT_FULLY_ASSESSABLE,1.807189071178436,1.5273483276367184,0.0929315313696861,WARN,NO_LOW_STATURE_EVIDENCE,NONE,NO_LOW_STATURE_EVIDENCE,False,False,False,False,False,0,1,LIMITED_0_OR_1_OF_3,NO_SUPPORTED_MAJOR_DOMAIN_ANOMALY,DATA_LIMITED_REVIEW,"No supported major-domain anomaly is identified, but the assessment is incomplete or contains inconclusive evidence.","Cross-domain agreement represents internal corroboration. It does not prove that water status, biochemical change, disease, or another factor caused the structural condition."
107,107,0.9525426700382096,-0.0555775069225894,0.132821026005928,-0.0958548299632663,ANOMALOUS,ANOMALOUS_CONCORDANT,ABNORMAL,STRONG_INTERNAL_WATER_EVIDENCE,SUPPORTED_ANOMALY,HIGH,0.1233673168024834,0.2871913725593891,724.8085153757338,0.3181420206470917,1.9963255971958072,4.270652773565438,0.2579060402451849,True,True,False,CONCORDANT_BIOCHEMICAL_DECLINE,SUPPORTED_ANOMALY,0.3104989975690841,0.2660064697265625,0.0246390476822853,WARN,CORROBORATED_LOW_STRUCTURAL_STATURE,CORROBORATED,LOW_STATURE_CORROBORATED,False,True,True,True,True,3,3,COMPLETE_3_OF_3,WATER_BIOCHEMICAL_STRUCTURE,HIGH_MULTI_DOMAIN_PRIORITY,Supported water-status anomaly and supported biochemical decline coincide with relatively low structural stature.,"Cross-domain agreement represents internal corroboration. It does not prove that water status, biochemical change, disease, or another factor caused the structural condition."
108,108,0.9946597536098032,,,-0.0519854092662547,NO_ANOMALY,NOT_ASSESSABLE,NO_ABNORMALITY,WATER_STATUS_NOT_FULLY_ASSESSABLE,NOT_FULLY_ASSESSABLE,LIMITED,0.4155717784645716,1.7134246428807576,728.956805799675,0.0925408882062093,1.1917428107493906,3.85336821914681,0.6270867479373551,False,False,False,NO_CONCORDANT_BIOCHEMICAL_DECLINE,NO_CONCORDANT_ANOMALY,1.9512266755104064,1.962987518310547,0.5994597971439362,PASS,NO_LOW_STATURE_EVIDENCE,NONE,NO_LOW_STATURE_EVIDENCE,False,False,False,False,False,0,2,PARTIAL_2_OF_3,NO_SUPPORTED_MAJOR_DOMAIN_ANOMALY,DATA_LIMITED_REVIEW,"No supported major-domain anomaly is identified, but the assessment is incomplete or contains inconclusive evidence.","Cross-domain agreement represents internal corroboration. It does not prove that water status, biochemical change, disease, or another factor caused the structural condition."
109,109,1.0250997550360723,-0.5001628053833208,0.5311360499165835,-0.0856120081509198,NO_ANOMALY,NO_ANOMALY,NO_ABNORMALITY,NO_CONCORDANT_WATER_ANOMALY,NO_CONCORDANT_ANOMALY,HIGH,0.3906519153968362,1.3523475506109794,727.1656478667718,0.0810334147177491,1.1473276317845666,3.029313440511233,0.666739669602828,False,False,False,NO_CONCORDANT_BIOCHEMICAL_DECLINE,NO_CONCORDANT_ANOMALY,2.879227042198181,2.586544799804688,0.8799084424972534,PASS,NO_LOW_STATURE_EVIDENCE,NONE,NO_LOW_STATURE_EVIDENCE,False,False,False,False,False,0,3,COMPLETE_3_OF_3,NO_SUPPORTED_MAJOR_DOMAIN_ANOMALY,NO_SUPPORTED_ANOMALY,No supported concordant anomaly evidence is identified across the assessed domains.,"Cross-domain agreement represents internal corroboration. It does not prove that water status, biochemical change, disease, or another factor caused the structural condition."
110,110,1.0133974088223263,-0.3930044692385955,0.456580167197453,-0.0790258962050583,NO_ANOMALY,NO_ANOMALY,NO_ABNORMALITY,NO_CONCORDANT_WATER_ANOMALY,NO_CONCORDANT_ANOMALY,HIGH,0.3365585499522211,1.1146075424126711,727.1004518052881,0.1221946924597187,1.2457350958332478,3.949050573705903,0.5899162575884167,False,False,False,NO_CONCORDANT_BIOCHEMICAL_DECLINE,NO_CONCORDANT_ANOMALY,1.5336583137512207,1.4487884521484375,0.2731133699417114,PASS,LOW_STATURE_LAS_ONLY,SINGLE_MEASUREMENT,LOW_STATURE_LAS_ONLY,False,False,False,True,False,1,3,COMPLETE_3_OF_3,STRUCTURE_ONLY,SINGLE_DOMAIN_PRIORITY,Relatively low structural stature is present without another supported major-domain anomaly. Structural low-stature evidence is based on LAS H_P95 without raster-CHM corroboration.,"Cross-domain agreement represents internal corroboration. It does not prove that water status, biochemical change, disease, or another factor caused the structural condition."
111,111,1.034387962155935,-0.4677864638568551,0.5064065601213635,-0.091135441774275,NO_ANOMALY,NO_ANOMALY,ABNORMAL,NO_CONCORDANT_WATER_ANOMALY,NO_CONCORDANT_ANOMALY,HIGH,0.3481152100985679,1.1259569263563327,726.4739751735992,0.1002230375774234,1.1979527709129272,3.104619069446338,0.6262421237746432,False,False,False,NO_CONCORDANT_BIOCHEMICAL_DECLINE,NO_CONCORDANT_ANOMALY,2.899022793769836,3.078297424316406,0.5803351700305939,PASS,NO_LOW_STATURE_EVIDENCE,NONE,NO_LOW_STATURE_EVIDENCE,False,False,False,False,False,0,3,COMPLETE_3_OF_3,NO_SUPPORTED_MAJOR_DOMAIN_ANOMALY,NO_SUPPORTED_ANOMALY,No supported concordant anomaly evidence is identified across the assessed domains.,"Cross-domain agreement represents internal corroboration. It does not prove that water status, biochemical change, disease, or another factor caused the structural condition."
112,112,0.9992202803416104,,,-0.091219735853195,NO_ANOMALY,NOT_ASSESSABLE,ABNORMAL,WATER_STATUS_NOT_FULLY_ASSESSABLE,NOT_FULLY_ASSESSABLE,LIMITED,0.2424572551913712,0.7080047838927397,725.4412249567167,0.1929006192910253,1.4735994794309333,3.278658985742994,0.4615461808768606,False,False,False,NO_CONCORDANT_BIOCHEMICAL_DECLINE,NO_CONCORDANT_ANOMALY,1.8591049134731288,1.7071487426757812,1.4183470532298088,PASS,NO_LOW_STATURE_EVIDENCE,NONE,NO_LOW_STATURE_EVIDENCE,True,False,False,False,False,0,2,PARTIAL_2_OF_3,NO_SUPPORTED_MAJOR_DOMAIN_ANOMALY,DATA_LIMITED_REVIEW,"No supported major-domain anomaly is identified, but the assessment is incomplete or contains inconclusive evidence.","Cross-domain agreement represents internal corroboration. It does not prove that water status, biochemical change, disease, or another factor caused the structural condition."
113,113,1.024093353430626,0.0256118069187022,0.0413969412134189,-0.1077605809788796,NO_ANOMALY,ANOMALOUS_CONCORDANT,ABNORMAL,ISOLATED_DIRECT_WATER_ANOMALY,SCREENING_ANOMALY,HIGH,0.0835362601544765,0.1861071770854352,722.1700668010988,0.3946999293032746,2.5694437656306266,4.896689656530924,0.1937426033974054,True,True,True,STRONG_CONCORDANT_BIOCHEMICAL_DECLINE,SUPPORTED_ANOMALY,0.3600173652172088,,0.0721087455749511,WARN,LOW_STATURE_LAS_ONLY,SINGLE_MEASUREMENT,LOW_STATURE_LAS_ONLY,False,False,True,True,False,2,3,COMPLETE_3_OF_3,BIOCHEMICAL_STRUCTURE_ONLY,MULTI_DOMAIN_PRIORITY,Supported biochemical decline coincides with relatively low structural stature; a supported water-status anomaly is not present. Structural low-stature evidence is based on LAS H_P95 without raster-CHM corroboration.,"Cross-domain agreement represents internal corroboration. It does not prove that water status, biochemical change, disease, or another factor caused the structural condition."
115,115,0.9752354241551155,,,-0.0751697787799548,ANOMALOUS,NOT_ASSESSABLE,NO_ABNORMALITY,NOT_FULLY_ASSESSABLE_ISOLATED_ANOMALY,SCREENING_ANOMALY,LIMITED,0.3404172264883551,1.1285745265770917,726.6516491570079,0.1094541234675,1.228858277912296,4.412418636460335,0.6112194064178386,False,False,True,NO_CONCORDANT_BIOCHEMICAL_DECLINE,NO_CONCORDANT_ANOMALY,2.5961628198623656,2.5922042846679685,1.0363461375236511,PASS,NO_LOW_STATURE_EVIDENCE,NONE,NO_LOW_STATURE_EVIDENCE,False,False,False,False,False,0,2,PARTIAL_2_OF_3,NO_SUPPORTED_MAJOR_DOMAIN_ANOMALY,SCREENING_PRIORITY,"Screening-level spectral evidence is present, but no major domain reaches the supported multi-indicator condition.","Cross-domain agreement represents internal corroboration. It does not prove that water status, biochemical change, disease, or another factor caused the structural condition."
116,116,0.9356510164605414,-0.0027679542643212,0.058292757568485,-0.1090670903998015,ANOMALOUS,ANOMALOUS_CONCORDANT,ABNORMAL,STRONG_INTERNAL_WATER_EVIDENCE,SUPPORTED_ANOMALY,HIGH,0.0868225939659158,0.1979282250909505,723.6045130099048,0.3875483016139301,2.54209998401584,4.818646591544607,0.2042461416010197,True,True,True,STRONG_CONCORDANT_BIOCHEMICAL_DECLINE,SUPPORTED_ANOMALY,1.4331260323524448,0.2968971252441406,0.0340841189026832,PASS,CORROBORATED_LOW_STRUCTURAL_STATURE,CORROBORATED,LOW_STATURE_CORROBORATED,False,True,True,True,True,3,3,COMPLETE_3_OF_3,WATER_BIOCHEMICAL_STRUCTURE,HIGH_MULTI_DOMAIN_PRIORITY,Supported water-status anomaly and supported biochemical decline coincide with relatively low structural stature.,"Cross-domain agreement represents internal corroboration. It does not prove that water status, biochemical change, disease, or another factor caused the structural condition."
117,117,1.0129151576721749,-0.4454080464468309,0.5000513032172618,-0.080071783281328,NO_ANOMALY,NO_ANOMALY,NO_ABNORMALITY,NO_CONCORDANT_WATER_ANOMALY,NO_CONCORDANT_ANOMALY,HIGH,0.3627297630878133,1.2403228611928243,727.4783126502609,0.1126300645371525,1.1914437525041404,5.466797415104586,0.6357589588416106,False,False,True,NO_CONCORDANT_BIOCHEMICAL_DECLINE,NO_CONCORDANT_ANOMALY,2.5777199029922486,2.536865234375,0.7020391821861267,PASS,NO_LOW_STATURE_EVIDENCE,NONE,NO_LOW_STATURE_EVIDENCE,False,False,False,False,False,0,3,COMPLETE_3_OF_3,NO_SUPPORTED_MAJOR_DOMAIN_ANOMALY,NO_SUPPORTED_ANOMALY,No supported concordant anomaly evidence is identified across the assessed domains.,"Cross-domain agreement represents internal corroboration. It does not prove that water status, biochemical change, disease, or another factor caused the structural condition."
118,118,1.0569213771163155,-0.457317061827922,0.5007609955005182,-0.0802107900532298,NO_ANOMALY,NO_ANOMALY,NO_ABNORMALITY,NO_CONCORDANT_WATER_ANOMALY,NO_CONCORDANT_ANOMALY,HIGH,0.3610521007694495,1.2341753135063604,727.0010829981459,0.0984963621849195,1.201158360057716,3.3267232614592035,0.6281225738366156,False,False,False,NO_CONCORDANT_BIOCHEMICAL_DECLINE,NO_CONCORDANT_ANOMALY,1.9035953283309937,1.749542236328125,0.4973009824752807,PASS,NO_LOW_STATURE_EVIDENCE,NONE,NO_LOW_STATURE_EVIDENCE,False,False,False,False,False,0,3,COMPLETE_3_OF_3,NO_SUPPORTED_MAJOR_DOMAIN_ANOMALY,NO_SUPPORTED_ANOMALY,No supported concordant anomaly evidence is identified across the assessed domains.,"Cross-domain agreement represents internal corroboration. It does not prove that water status, biochemical change, disease, or another factor caused the structural condition."
119,119,0.9915185941102774,,,-0.0783640270097439,NO_ANOMALY,NOT_ASSESSABLE,NO_ABNORMALITY,WATER_STATUS_NOT_FULLY_ASSESSABLE,NOT_FULLY_ASSESSABLE,LIMITED,0.3609351994583673,1.2594214679565487,726.8866321019023,0.0972970533589222,1.235454223029275,3.714431889704936,0.6442161565256923,False,False,False,NO_CONCORDANT_BIOCHEMICAL_DECLINE,NO_CONCORDANT_ANOMALY,2.824483633041382,2.732250213623047,0.4941020011901855,PASS,NO_LOW_STATURE_EVIDENCE,NONE,NO_LOW_STATURE_EVIDENCE,False,False,False,False,False,0,2,PARTIAL_2_OF_3,NO_SUPPORTED_MAJOR_DOMAIN_ANOMALY,DATA_LIMITED_REVIEW,"No supported major-domain anomaly is identified, but the assessment is incomplete or contains inconclusive evidence.","Cross-domain agreement represents internal corroboration. It does not prove that water status, biochemical change, disease, or another factor caused the structural condition."
122,122,0.953521425539578,-0.0559426112276958,0.1692665737328914,-0.0838287409375699,ANOMALOUS,ANOMALOUS_CONCORDANT,NO_ABNORMALITY,SUPPORTED_WATER_STATUS_ANOMALY,SUPPORTED_ANOMALY,HIGH,0.1556407476360801,0.3981059568095714,725.6240715396582,0.2952023940947719,1.87462910749534,5.498184185747034,0.3085731235577855,False,True,True,SENESCENCE_PIGMENT_ONLY,SCREENING_ANOMALY,0.2992311894893646,0.3329925537109375,0.0580902844667434,WARN,CORROBORATED_LOW_STRUCTURAL_STATURE,CORROBORATED,LOW_STATURE_CORROBORATED,False,True,False,True,True,2,3,COMPLETE_3_OF_3,WATER_STRUCTURE_ONLY,MULTI_DOMAIN_PRIORITY,Supported water-status anomaly coincides with relatively low structural stature; biochemical decline is not supported at the domain level.,"Cross-domain agreement represents internal corroboration. It does not prove that water status, biochemical change, disease, or another factor caused the structural condition."
123,123,0.985311737377124,-0.4829031836216581,0.5106270813680232,-0.0843991864390692,NO_ANOMALY,NO_ANOMALY,NO_ABNORMALITY,NO_CONCORDANT_WATER_ANOMALY,NO_CONCORDANT_ANOMALY,HIGH,0.3529103790740073,1.1901460508955506,726.4256150820387,0.0851017801133599,1.2022483226927052,2.955274140467662,0.6511523856760884,False,False,False,NO_CONCORDANT_BIOCHEMICAL_DECLINE,NO_CONCORDANT_ANOMALY,2.687785339355469,2.5864418029785154,0.6449941396713257,PASS,NO_LOW_STATURE_EVIDENCE,NONE,NO_LOW_STATURE_EVIDENCE,False,False,False,False,False,0,3,COMPLETE_3_OF_3,NO_SUPPORTED_MAJOR_DOMAIN_ANOMALY,NO_SUPPORTED_ANOMALY,No supported concordant anomaly evidence is identified across the assessed domains.,"Cross-domain agreement represents internal corroboration. It does not prove that water status, biochemical change, disease, or another factor caused the structural condition."
124,124,1.017893529414834,-0.3677156029372754,0.4316334067790078,-0.0912056292134895,NO_ANOMALY,NO_ANOMALY,ABNORMAL,NO_CONCORDANT_WATER_ANOMALY,NO_CONCORDANT_ANOMALY,HIGH,0.2965980744586656,0.9830283414666902,727.1442775511695,0.1882705871781024,1.4707318925801158,5.107678085095345,0.520322933209145,False,False,True,NO_CONCORDANT_BIOCHEMICAL_DECLINE,NO_CONCORDANT_ANOMALY,1.6961218178272246,1.6445907592773437,1.0793162062764168,PASS,NO_LOW_STATURE_EVIDENCE,NONE,NO_LOW_STATURE_EVIDENCE,False,False,False,False,False,0,3,COMPLETE_3_OF_3,NO_SUPPORTED_MAJOR_DOMAIN_ANOMALY,NO_SUPPORTED_ANOMALY,No supported concordant anomaly evidence is identified across the assessed domains.,"Cross-domain agreement represents internal corroboration. It does not prove that water status, biochemical change, disease, or another factor caused the structural condition."
125,125,0.9927723234074012,,,-0.0907914256909071,NO_ANOMALY,NOT_ASSESSABLE,ABNORMAL,WATER_STATUS_NOT_FULLY_ASSESSABLE,NOT_FULLY_ASSESSABLE,LIMITED,0.2477459339778164,0.7292826160259873,724.9546725180151,0.1862791335679141,1.4798594035640382,3.16457571301307,0.4774208001650987,False,False,False,NO_CONCORDANT_BIOCHEMICAL_DECLINE,NO_CONCORDANT_ANOMALY,2.716225266456604,2.0698867797851563,1.910275496542453,PASS,NO_LOW_STATURE_EVIDENCE,NONE,NO_LOW_STATURE_EVIDENCE,True,False,False,False,False,0,2,PARTIAL_2_OF_3,NO_SUPPORTED_MAJOR_DOMAIN_ANOMALY,DATA_LIMITED_REVIEW,"No supported major-domain anomaly is identified, but the assessment is incomplete or contains inconclusive evidence.","Cross-domain agreement represents internal corroboration. It does not prove that water status, biochemical change, disease, or another factor caused the structural condition."
126,126,0.9393362977519732,,,-0.0757908973721873,ANOMALOUS,NOT_ASSESSABLE,NO_ABNORMALITY,NOT_FULLY_ASSESSABLE_ISOLATED_ANOMALY,SCREENING_ANOMALY,LIMITED,0.1972420794175631,0.513885080967938,726.0234752392525,0.2275635973890184,1.56515408797565,3.949590030328416,0.3766911767921207,False,False,False,NO_CONCORDANT_BIOCHEMICAL_DECLINE,NO_CONCORDANT_ANOMALY,1.485444676876068,1.6702529907226562,0.9008219540119172,PASS,LOW_STATURE_LAS_ONLY,SINGLE_MEASUREMENT,LOW_STATURE_LAS_ONLY,False,False,False,True,False,1,2,PARTIAL_2_OF_3,STRUCTURE_ONLY,SINGLE_DOMAIN_PRIORITY,Relatively low structural stature is present without another supported major-domain anomaly. Structural low-stature evidence is based on LAS H_P95 without raster-CHM corroboration.,"Cross-domain agreement represents internal corroboration. It does not prove that water status, biochemical change, disease, or another factor caused the structural condition."
127,127,0.9661890049685476,-0.1687401785536225,0.2374838832507599,-0.0841319412935936,ANOMALOUS,ANOMALOUS_CONCORDANT,NO_ABNORMALITY,SUPPORTED_WATER_STATUS_ANOMALY,SUPPORTED_ANOMALY,HIGH,0.1703719524606426,0.4334223341289582,724.5103365068428,0.2485229411134049,1.7111084890202244,4.055486349017707,0.3433626459387638,True,True,False,CONCORDANT_BIOCHEMICAL_DECLINE,SUPPORTED_ANOMALY,1.8699972331523893,1.7113876342773438,0.3943080157041549,WARN,NO_LOW_STATURE_EVIDENCE,NONE,NO_LOW_STATURE_EVIDENCE,False,True,True,False,False,2,3,COMPLETE_3_OF_3,WATER_BIOCHEMICAL_ONLY,MULTI_DOMAIN_PRIORITY,Supported water-status and biochemical anomalies are present without current low-stature evidence.,"Cross-domain agreement represents internal corroboration. It does not prove that water status, biochemical change, disease, or another factor caused the structural condition."
128,128,1.0376317453767534,-0.4658720699805719,0.5124452815595018,-0.0823249052163642,NO_ANOMALY,NO_ANOMALY,NO_ABNORMALITY,NO_CONCORDANT_WATER_ANOMALY,NO_CONCORDANT_ANOMALY,HIGH,0.3655849145624299,1.247284560480196,727.1419896925279,0.0948766415463653,1.178666674046965,3.665687705474733,0.6337877565377824,False,False,False,NO_CONCORDANT_BIOCHEMICAL_DECLINE,NO_CONCORDANT_ANOMALY,1.9648600161075591,1.802891540527344,0.3486606478691101,PASS,NO_LOW_STATURE_EVIDENCE,NONE,NO_LOW_STATURE_EVIDENCE,False,False,False,False,False,0,3,COMPLETE_3_OF_3,NO_SUPPORTED_MAJOR_DOMAIN_ANOMALY,NO_SUPPORTED_ANOMALY,No supported concordant anomaly evidence is identified across the assessed domains.,"Cross-domain agreement represents internal corroboration. It does not prove that water status, biochemical change, disease, or another factor caused the structural condition."
129,129,0.9872441855930676,,,-0.0753897261798494,NO_ANOMALY,NOT_ASSESSABLE,NO_ABNORMALITY,WATER_STATUS_NOT_FULLY_ASSESSABLE,NOT_FULLY_ASSESSABLE,LIMITED,0.395877675164888,1.4487696872617273,727.3463659631155,0.0873095223483978,1.1958594182158115,3.25615506604074,0.6676859552829506,False,False,False,NO_CONCORDANT_BIOCHEMICAL_DECLINE,NO_CONCORDANT_ANOMALY,2.7453990221023554,2.181591796875,0.5841679275035858,PASS,NO_LOW_STATURE_EVIDENCE,NONE,NO_LOW_STATURE_EVIDENCE,False,False,False,False,False,0,2,PARTIAL_2_OF_3,NO_SUPPORTED_MAJOR_DOMAIN_ANOMALY,DATA_LIMITED_REVIEW,"No supported major-domain anomaly is identified, but the assessment is incomplete or contains inconclusive evidence.","Cross-domain agreement represents internal corroboration. It does not prove that water status, biochemical change, disease, or another factor caused the structural condition."
130,130,1.024267861021865,,,-0.0946663129374737,NO_ANOMALY,NOT_ASSESSABLE,ABNORMAL,WATER_STATUS_NOT_FULLY_ASSESSABLE,NOT_FULLY_ASSESSABLE,LIMITED,0.2819135515684526,0.907588192762736,726.4956053491973,0.1863717724508553,1.496272531639255,4.253142358863143,0.5024892077306209,False,False,False,NO_CONCORDANT_BIOCHEMICAL_DECLINE,NO_CONCORDANT_ANOMALY,1.6303437292575835,1.4359893798828125,1.0284496396780014,PASS,LOW_STATURE_LAS_ONLY,SINGLE_MEASUREMENT,LOW_STATURE_LAS_ONLY,False,False,False,True,False,1,2,PARTIAL_2_OF_3,STRUCTURE_ONLY,SINGLE_DOMAIN_PRIORITY,Relatively low structural stature is present without another supported major-domain anomaly. Structural low-stature evidence is based on LAS H_P95 without raster-CHM corroboration.,"Cross-domain agreement represents internal corroboration. It does not prove that water status, biochemical change, disease, or another factor caused the structural condition."
131,131,,,,,NOT_ASSESSABLE,NOT_ASSESSABLE,NOT_ASSESSABLE,WATER_STATUS_NOT_FULLY_ASSESSABLE,NOT_FULLY_ASSESSABLE,LIMITED,,,,,,,,False,False,False,NOT_FULLY_ASSESSABLE,NOT_FULLY_ASSESSABLE,0.4998455584049222,0.8260040283203125,0.1145346462726593,WARN,CORROBORATED_LOW_STRUCTURAL_STATURE,CORROBORATED,LOW_STATURE_CORROBORATED,False,False,False,True,True,1,1,LIMITED_0_OR_1_OF_3,STRUCTURE_ONLY,SINGLE_DOMAIN_PRIORITY,Relatively low structural stature is present without another supported major-domain anomaly.,"Cross-domain agreement represents internal corroboration. It does not prove that water status, biochemical change, disease, or another factor caused the structural condition."
132,132,1.0541096738440845,-0.5239889485446428,0.5490395205554319,-0.0788731786726634,NO_ANOMALY,NO_ANOMALY,NO_ABNORMALITY,NO_CONCORDANT_WATER_ANOMALY,NO_CONCORDANT_ANOMALY,HIGH,0.3960165830000726,1.421415385177755,726.8933410496417,0.062862964457827,1.1343980283969353,2.821092445344335,0.6995859959203407,False,False,False,NO_CONCORDANT_BIOCHEMICAL_DECLINE,NO_CONCORDANT_ANOMALY,2.359413242340088,2.342898559570312,0.5681577920913696,PASS,NO_LOW_STATURE_EVIDENCE,NONE,NO_LOW_STATURE_EVIDENCE,False,False,False,False,False,0,3,COMPLETE_3_OF_3,NO_SUPPORTED_MAJOR_DOMAIN_ANOMALY,NO_SUPPORTED_ANOMALY,No supported concordant anomaly evidence is identified across the assessed domains.,"Cross-domain agreement represents internal corroboration. It does not prove that water status, biochemical change, disease, or another factor caused the structural condition."
133,133,1.0307446700676968,-0.4448294284758977,0.4868894012577233,-0.0838680333574873,NO_ANOMALY,NO_ANOMALY,NO_ABNORMALITY,NO_CONCORDANT_WATER_ANOMALY,NO_CONCORDANT_ANOMALY,HIGH,0.3540541727505369,1.1879247994928777,726.7917240110153,0.1071471971104811,1.227031279216703,3.13578208023114,0.6133247963163047,False,False,False,NO_CONCORDANT_BIOCHEMICAL_DECLINE,NO_CONCORDANT_ANOMALY,2.4824779510498045,2.3216484069824217,0.7324285507202148,PASS,NO_LOW_STATURE_EVIDENCE,NONE,NO_LOW_STATURE_EVIDENCE,False,False,False,False,False,0,3,COMPLETE_3_OF_3,NO_SUPPORTED_MAJOR_DOMAIN_ANOMALY,NO_SUPPORTED_ANOMALY,No supported concordant anomaly evidence is identified across the assessed domains.,"Cross-domain agreement represents internal corroboration. It does not prove that water status, biochemical change, disease, or another factor caused the structural condition."
134,134,0.9850236100915676,-0.0668252464197728,0.1522886929402997,-0.0938198472885323,NO_ANOMALY,ANOMALOUS_CONCORDANT,ABNORMAL,ISOLATED_DIRECT_WATER_ANOMALY,SCREENING_ANOMALY,HIGH,0.1278349855859676,0.302281154616173,724.745635479308,0.3123964193831657,1.8586211800575256,4.28946356719403,0.2696897229847823,True,True,False,CONCORDANT_BIOCHEMICAL_DECLINE,SUPPORTED_ANOMALY,0.4169429898262015,0.217987060546875,0.0503826141357421,WARN,CORROBORATED_LOW_STRUCTURAL_STATURE,CORROBORATED,LOW_STATURE_CORROBORATED,False,False,True,True,True,2,3,COMPLETE_3_OF_3,BIOCHEMICAL_STRUCTURE_ONLY,MULTI_DOMAIN_PRIORITY,Supported biochemical decline coincides with relatively low structural stature; a supported water-status anomaly is not present.,"Cross-domain agreement represents internal corroboration. It does not prove that water status, biochemical change, disease, or another factor caused the structural condition."
135,135,0.9972675486905213,-0.1046403633365951,0.1853519248313082,-0.0893226763933306,NO_ANOMALY,ANOMALOUS_CONCORDANT,ABNORMAL,ISOLATED_DIRECT_WATER_ANOMALY,SCREENING_ANOMALY,HIGH,0.1542005090171038,0.3726857417955003,725.1725178286672,0.2767612615523421,1.7544168424876574,4.233987914638305,0.308879063035423,True,True,False,CONCORDANT_BIOCHEMICAL_DECLINE,SUPPORTED_ANOMALY,0.3370897114276885,0.1669921875,0.0791692957282066,WARN,CORROBORATED_LOW_STRUCTURAL_STATURE,CORROBORATED,LOW_STATURE_CORROBORATED,False,False,True,True,True,2,3,COMPLETE_3_OF_3,BIOCHEMICAL_STRUCTURE_ONLY,MULTI_DOMAIN_PRIORITY,Supported biochemical decline coincides with relatively low structural stature; a supported water-status anomaly is not present.,"Cross-domain agreement represents internal corroboration. It does not prove that water status, biochemical change, disease, or another factor caused the structural condition."
136,136,1.048712990362152,,,-0.081554753155179,NO_ANOMALY,NOT_ASSESSABLE,NO_ABNORMALITY,WATER_STATUS_NOT_FULLY_ASSESSABLE,NOT_FULLY_ASSESSABLE,LIMITED,0.3902824485799117,1.3686603815733904,727.5013572866296,0.0704291724066482,1.132403742904292,3.2702702906202177,0.6818507833127172,False,False,False,NO_CONCORDANT_BIOCHEMICAL_DECLINE,NO_CONCORDANT_ANOMALY,2.4404481410980225,2.2990966796875,0.4993793964385986,PASS,NO_LOW_STATURE_EVIDENCE,NONE,NO_LOW_STATURE_EVIDENCE,False,False,False,False,False,0,2,PARTIAL_2_OF_3,NO_SUPPORTED_MAJOR_DOMAIN_ANOMALY,DATA_LIMITED_REVIEW,"No supported major-domain anomaly is identified, but the assessment is incomplete or contains inconclusive evidence.","Cross-domain agreement represents internal corroboration. It does not prove that water status, biochemical change, disease, or another factor caused the structural condition."
137,137,1.0250144062335536,-0.3399039230760398,0.4021913775698352,-0.0851020541335032,NO_ANOMALY,NO_ANOMALY,NO_ABNORMALITY,NO_CONCORDANT_WATER_ANOMALY,NO_CONCORDANT_ANOMALY,HIGH,0.2900117775971969,0.8491245580869052,727.1977426868262,0.1454556624785442,1.2890994298693532,3.660636058744038,0.5218410338323504,False,False,False,NO_CONCORDANT_BIOCHEMICAL_DECLINE,NO_CONCORDANT_ANOMALY,1.8870821952819825,0.2910003662109375,0.4438459873199463,WARN,NO_LOW_STATURE_EVIDENCE,NONE,NO_LOW_STATURE_EVIDENCE,False,False,False,False,False,0,3,COMPLETE_3_OF_3,NO_SUPPORTED_MAJOR_DOMAIN_ANOMALY,NO_SUPPORTED_ANOMALY,No supported concordant anomaly evidence is identified across the assessed domains.,"Cross-domain agreement represents internal corroboration. It does not prove that water status, biochemical change, disease, or another factor caused the structural condition."
138,138,1.025473944375289,-0.4422434552270281,0.4855192111966858,-0.0908210909794496,NO_ANOMALY,NO_ANOMALY,ABNORMAL,NO_CONCORDANT_WATER_ANOMALY,NO_CONCORDANT_ANOMALY,HIGH,0.3438728412192688,1.1347523093507026,727.1954244840018,0.1200327737330297,1.2515305103091643,3.392417787939136,0.6109728489433337,False,False,False,NO_CONCORDANT_BIOCHEMICAL_DECLINE,NO_CONCORDANT_ANOMALY,2.5314270496368407,2.465586853027344,0.7268967032432556,PASS,NO_LOW_STATURE_EVIDENCE,NONE,NO_LOW_STATURE_EVIDENCE,False,False,False,False,False,0,3,COMPLETE_3_OF_3,NO_SUPPORTED_MAJOR_DOMAIN_ANOMALY,NO_SUPPORTED_ANOMALY,No supported concordant anomaly evidence is identified across the assessed domains.,"Cross-domain agreement represents internal corroboration. It does not prove that water status, biochemical change, disease, or another factor caused the structural condition."
139,139,1.0384486177136576,,,-0.0803594189967054,NO_ANOMALY,NOT_ASSESSABLE,NO_ABNORMALITY,WATER_STATUS_NOT_FULLY_ASSESSABLE,NOT_FULLY_ASSESSABLE,LIMITED,0.314314762934392,0.955920725375696,725.8926412700935,0.0959232658274803,1.1851468540447665,3.8887685292613705,0.604900999886651,False,False,False,NO_CONCORDANT_BIOCHEMICAL_DECLINE,NO_CONCORDANT_ANOMALY,2.272899866104126,2.1470870971679688,1.1710675358772278,PASS,NO_LOW_STATURE_EVIDENCE,NONE,NO_LOW_STATURE_EVIDENCE,False,False,False,False,False,0,2,PARTIAL_2_OF_3,NO_SUPPORTED_MAJOR_DOMAIN_ANOMALY,DATA_LIMITED_REVIEW,"No supported major-domain anomaly is identified, but the assessment is incomplete or contains inconclusive evidence.","Cross-domain agreement represents internal corroboration. It does not prove that water status, biochemical change, disease, or another factor caused the structural condition."
141,141,1.0330409952597088,-0.5217252962008251,0.5633135727261644,-0.080355908303221,NO_ANOMALY,NO_ANOMALY,NO_ABNORMALITY,NO_CONCORDANT_WATER_ANOMALY,NO_CONCORDANT_ANOMALY,HIGH,0.3996778688554587,1.4036201141692546,728.1905693544451,0.0763747678224093,1.1149830606436717,5.3772836314848815,0.6938698380291584,False,False,True,NO_CONCORDANT_BIOCHEMICAL_DECLINE,NO_CONCORDANT_ANOMALY,2.5524098396301267,2.649183654785156,0.5513941049575806,PASS,NO_LOW_STATURE_EVIDENCE,NONE,NO_LOW_STATURE_EVIDENCE,False,False,False,False,False,0,3,COMPLETE_3_OF_3,NO_SUPPORTED_MAJOR_DOMAIN_ANOMALY,NO_SUPPORTED_ANOMALY,No supported concordant anomaly evidence is identified across the assessed domains.,"Cross-domain agreement represents internal corroboration. It does not prove that water status, biochemical change, disease, or another factor caused the structural condition."
142,142,1.0129593599205986,-0.3780491722954156,0.4337106107143763,-0.0861898353843978,NO_ANOMALY,NO_ANOMALY,NO_ABNORMALITY,NO_CONCORDANT_WATER_ANOMALY,NO_CONCORDANT_ANOMALY,HIGH,0.2348296064158063,0.6256066991120055,725.6911817391101,0.1925108800147395,1.3567302300621984,4.670520342607029,0.4739911774184786,False,False,True,NO_CONCORDANT_BIOCHEMICAL_DECLINE,NO_CONCORDANT_ANOMALY,1.5734423398971558,,0.5889577865600586,WARN,LOW_STATURE_LAS_ONLY,SINGLE_MEASUREMENT,LOW_STATURE_LAS_ONLY,False,False,False,True,False,1,3,COMPLETE_3_OF_3,STRUCTURE_ONLY,SINGLE_DOMAIN_PRIORITY,Relatively low structural stature is present without another supported major-domain anomaly. Structural low-stature evidence is based on LAS H_P95 without raster-CHM corroboration.,"Cross-domain agreement represents internal corroboration. It does not prove that water status, biochemical change, disease, or another factor caused the structural condition."
143,143,0.973145632996272,-0.458669756601132,0.5040857960619627,-0.0838849706151712,ANOMALOUS,NO_ANOMALY,NO_ABNORMALITY,ISOLATED_DIRECT_WATER_ANOMALY,SCREENING_ANOMALY,HIGH,0.3182959673801543,0.9657316389421032,726.3437434705797,0.1145909059379942,1.2050412655403444,3.9766574295330415,0.5890532280875129,False,False,False,NO_CONCORDANT_BIOCHEMICAL_DECLINE,NO_CONCORDANT_ANOMALY,2.402861368656158,1.871894073486328,0.2005926072597503,PASS,NO_LOW_STATURE_EVIDENCE,NONE,NO_LOW_STATURE_EVIDENCE,False,False,False,False,False,0,3,COMPLETE_3_OF_3,NO_SUPPORTED_MAJOR_DOMAIN_ANOMALY,SCREENING_PRIORITY,"Screening-level spectral evidence is present, but no major domain reaches the supported multi-indicator condition.","Cross-domain agreement represents internal corroboration. It does not prove that water status, biochemical change, disease, or another factor caused the structural condition."
145,145,1.0239221378316512,-0.3791718172518334,0.445261913005536,-0.0847624909268364,NO_ANOMALY,NO_ANOMALY,NO_ABNORMALITY,NO_CONCORDANT_WATER_ANOMALY,NO_CONCORDANT_ANOMALY,HIGH,0.3129021325074471,1.0505990586151768,726.8655832938459,0.1698303074345965,1.3838158715287554,4.554682399854318,0.5474174103106677,False,False,True,NO_CONCORDANT_BIOCHEMICAL_DECLINE,NO_CONCORDANT_ANOMALY,2.397896707057953,2.3283950805664064,0.75921431183815,PASS,NO_LOW_STATURE_EVIDENCE,NONE,NO_LOW_STATURE_EVIDENCE,False,False,False,False,False,0,3,COMPLETE_3_OF_3,NO_SUPPORTED_MAJOR_DOMAIN_ANOMALY,NO_SUPPORTED_ANOMALY,No supported concordant anomaly evidence is identified across the assessed domains.,"Cross-domain agreement represents internal corroboration. It does not prove that water status, biochemical change, disease, or another factor caused the structural condition."
146,146,0.9871859990392048,-0.1655182434284983,0.248168154775242,-0.0813282769294049,NO_ANOMALY,ANOMALOUS_CONCORDANT,NO_ABNORMALITY,ISOLATED_DIRECT_WATER_ANOMALY,SCREENING_ANOMALY,HIGH,0.1710879295088576,0.4317081557505723,725.1478459414034,0.2534797964370686,1.724804843467972,3.9591895360359857,0.3377766464951039,True,True,False,CONCORDANT_BIOCHEMICAL_DECLINE,SUPPORTED_ANOMALY,1.982643246650696,1.9302040100097653,1.3852208778262138,PASS,NO_LOW_STATURE_EVIDENCE,NONE,NO_LOW_STATURE_EVIDENCE,False,False,True,False,False,1,3,COMPLETE_3_OF_3,BIOCHEMICAL_ONLY,SINGLE_DOMAIN_PRIORITY,Supported biochemical decline is present without another supported major-domain signal.,"Cross-domain agreement represents internal corroboration. It does not prove that water status, biochemical change, disease, or another factor caused the structural condition."
147,147,1.0482268238669774,,,-0.08304377082843,NO_ANOMALY,NOT_ASSESSABLE,NO_ABNORMALITY,WATER_STATUS_NOT_FULLY_ASSESSABLE,NOT_FULLY_ASSESSABLE,LIMITED,0.3799140929995435,1.323273459636372,726.8856560496606,0.0857059501965035,1.172631326313169,2.9977307931337283,0.6630992664280462,False,False,False,NO_CONCORDANT_BIOCHEMICAL_DECLINE,NO_CONCORDANT_ANOMALY,2.5845609664917,2.62919921875,0.7533832788467407,PASS,NO_LOW_STATURE_EVIDENCE,NONE,NO_LOW_STATURE_EVIDENCE,False,False,False,False,False,0,2,PARTIAL_2_OF_3,NO_SUPPORTED_MAJOR_DOMAIN_ANOMALY,DATA_LIMITED_REVIEW,"No supported major-domain anomaly is identified, but the assessment is incomplete or contains inconclusive evidence.","Cross-domain agreement represents internal corroboration. It does not prove that water status, biochemical change, disease, or another factor caused the structural condition."
148,148,0.9810639382366622,,,-0.0811627941088201,NO_ANOMALY,NOT_ASSESSABLE,NO_ABNORMALITY,WATER_STATUS_NOT_FULLY_ASSESSABLE,NOT_FULLY_ASSESSABLE,LIMITED,0.3093812576619772,0.9242169785172394,726.2438245271871,0.1011019177246052,1.185140834594086,3.589081751871264,0.5929987331073427,False,False,False,NO_CONCORDANT_BIOCHEMICAL_DECLINE,NO_CONCORDANT_ANOMALY,2.1763452768325804,2.0286964416503905,0.6845440566539764,PASS,NO_LOW_STATURE_EVIDENCE,NONE,NO_LOW_STATURE_EVIDENCE,False,False,False,False,False,0,2,PARTIAL_2_OF_3,NO_SUPPORTED_MAJOR_DOMAIN_ANOMALY,DATA_LIMITED_REVIEW,"No supported major-domain anomaly is identified, but the assessment is incomplete or contains inconclusive evidence.","Cross-domain agreement represents internal corroboration. It does not prove that water status, biochemical change, disease, or another factor caused the structural condition."
149,149,0.9523723661710412,-0.1793893336546564,0.2414811555837041,-0.0937357912550508,ANOMALOUS,PARTIAL_DISCORDANT,ABNORMAL,SWIR_DISCORDANT_INSUFFICIENT_EVIDENCE,INCONCLUSIVE,HIGH,0.1711915500029561,0.4379878167183846,724.920357406896,0.256657958750025,1.7392612714189066,4.661090044528036,0.353119300722377,True,True,True,STRONG_CONCORDANT_BIOCHEMICAL_DECLINE,SUPPORTED_ANOMALY,1.552360475063324,0.2740020751953125,0.9305608011782168,PASS,CORROBORATED_LOW_STRUCTURAL_STATURE,CORROBORATED,LOW_STATURE_CORROBORATED,False,False,True,True,True,2,3,COMPLETE_3_OF_3,BIOCHEMICAL_STRUCTURE_ONLY,MULTI_DOMAIN_PRIORITY,Supported biochemical decline coincides with relatively low structural stature; a supported water-status anomaly is not present.,"Cross-domain agreement represents internal corroboration. It does not prove that water status, biochemical change, disease, or another factor caused the structural condition."
150,150,0.9375778318917336,-0.087560558711138,0.1553953409746103,-0.0911661707057053,ANOMALOUS,ANOMALOUS_CONCORDANT,ABNORMAL,STRONG_INTERNAL_WATER_EVIDENCE,SUPPORTED_ANOMALY,HIGH,0.1505673367726953,0.3791659393109721,725.1725853020371,0.2947395216384234,1.9054855572197429,4.35632384043288,0.2879419138605856,True,True,False,CONCORDANT_BIOCHEMICAL_DECLINE,SUPPORTED_ANOMALY,1.4129887223243711,0.2868026733398437,0.0416634678840637,WARN,CORROBORATED_LOW_STRUCTURAL_STATURE,CORROBORATED,LOW_STATURE_CORROBORATED,False,True,True,True,True,3,3,COMPLETE_3_OF_3,WATER_BIOCHEMICAL_STRUCTURE,HIGH_MULTI_DOMAIN_PRIORITY,Supported water-status anomaly and supported biochemical decline coincide with relatively low structural stature.,"Cross-domain agreement represents internal corroboration. It does not prove that water status, biochemical change, disease, or another factor caused the structural condition."
152,152,1.0103960086116368,-0.3962124055279547,0.46061546983855,-0.0905705980711422,NO_ANOMALY,NO_ANOMALY,ABNORMAL,NO_CONCORDANT_WATER_ANOMALY,NO_CONCORDANT_ANOMALY,HIGH,0.3422845175082211,1.0942039392217455,728.5853680718735,0.1584170330011444,1.2715320992191066,5.734448764442209,0.5755657581108446,False,False,True,NO_CONCORDANT_BIOCHEMICAL_DECLINE,NO_CONCORDANT_ANOMALY,2.2662393569946286,2.237688446044922,0.2948283851146698,PASS,NO_LOW_STATURE_EVIDENCE,NONE,NO_LOW_STATURE_EVIDENCE,False,False,False,False,False,0,3,COMPLETE_3_OF_3,NO_SUPPORTED_MAJOR_DOMAIN_ANOMALY,NO_SUPPORTED_ANOMALY,No supported concordant anomaly evidence is identified across the assessed domains.,"Cross-domain agreement represents internal corroboration. It does not prove that water status, biochemical change, disease, or another factor caused the structural condition."
153,153,0.991837259676865,-0.5059080372097102,0.5255030780521829,-0.0718128028832897,NO_ANOMALY,NO_ANOMALY,NO_ABNORMALITY,NO_CONCORDANT_WATER_ANOMALY,NO_CONCORDANT_ANOMALY,MODERATE,0.4200698732109184,1.5956669551363898,728.3452252539801,0.0679675203393623,1.138055148454178,3.723989383636458,0.6819628731839165,False,False,False,NO_CONCORDANT_BIOCHEMICAL_DECLINE,NO_CONCORDANT_ANOMALY,2.179658710956573,2.1263900756835934,0.3034518659114837,PASS,NO_LOW_STATURE_EVIDENCE,NONE,NO_LOW_STATURE_EVIDENCE,False,False,False,False,False,0,3,COMPLETE_3_OF_3,NO_SUPPORTED_MAJOR_DOMAIN_ANOMALY,NO_SUPPORTED_ANOMALY,No supported concordant anomaly evidence is identified across the assessed domains.,"Cross-domain agreement represents internal corroboration. It does not prove that water status, biochemical change, disease, or another factor caused the structural condition."
154,154,0.996201994953674,-0.4349588869996041,0.4869032094909551,-0.0829186974095252,NO_ANOMALY,NO_ANOMALY,NO_ABNORMALITY,NO_CONCORDANT_WATER_ANOMALY,NO_CONCORDANT_ANOMALY,HIGH,0.335017820191953,1.0764139090867944,728.2039472246165,0.1391055113042777,1.26441762374898,5.98414596640532,0.5877259630481616,False,False,True,NO_CONCORDANT_BIOCHEMICAL_DECLINE,NO_CONCORDANT_ANOMALY,1.846731400489807,2.0763900756835936,0.6294176578521729,PASS,NO_LOW_STATURE_EVIDENCE,NONE,NO_LOW_STATURE_EVIDENCE,False,False,False,False,False,0,3,COMPLETE_3_OF_3,NO_SUPPORTED_MAJOR_DOMAIN_ANOMALY,NO_SUPPORTED_ANOMALY,No supported concordant anomaly evidence is identified across the assessed domains.,"Cross-domain agreement represents internal corroboration. It does not prove that water status, biochemical change, disease, or another factor caused the structural condition."
155,155,1.037877270732367,,,-0.0986220562973618,NO_ANOMALY,NOT_ASSESSABLE,ABNORMAL,WATER_STATUS_NOT_FULLY_ASSESSABLE,NOT_FULLY_ASSESSABLE,LIMITED,0.2153621332371201,0.6148122022708227,724.1990229311882,0.2254050663343016,1.642056974205941,3.923697481256714,0.4180113189972307,False,False,False,NO_CONCORDANT_BIOCHEMICAL_DECLINE,NO_CONCORDANT_ANOMALY,2.1704338788986206,1.1169891357421875,0.5663048624992371,PASS,NO_LOW_STATURE_EVIDENCE,NONE,NO_LOW_STATURE_EVIDENCE,False,False,False,False,False,0,2,PARTIAL_2_OF_3,NO_SUPPORTED_MAJOR_DOMAIN_ANOMALY,DATA_LIMITED_REVIEW,"No supported major-domain anomaly is identified, but the assessment is incomplete or contains inconclusive evidence.","Cross-domain agreement represents internal corroboration. It does not prove that water status, biochemical change, disease, or another factor caused the structural condition."
156,156,0.9630508577925948,,,-0.0835070071478809,ANOMALOUS,NOT_ASSESSABLE,NO_ABNORMALITY,NOT_FULLY_ASSESSABLE_ISOLATED_ANOMALY,SCREENING_ANOMALY,LIMITED,0.2670863726413003,0.7558697084612683,725.9689756281807,0.1317448135070471,1.2630027579444678,3.92843486316004,0.5404383090176876,False,False,False,NO_CONCORDANT_BIOCHEMICAL_DECLINE,NO_CONCORDANT_ANOMALY,2.4356194496154786,2.2351089477539063,1.1592522859573364,PASS,NO_LOW_STATURE_EVIDENCE,NONE,NO_LOW_STATURE_EVIDENCE,False,False,False,False,False,0,2,PARTIAL_2_OF_3,NO_SUPPORTED_MAJOR_DOMAIN_ANOMALY,SCREENING_PRIORITY,"Screening-level spectral evidence is present, but no major domain reaches the supported multi-indicator condition.","Cross-domain agreement represents internal corroboration. It does not prove that water status, biochemical change, disease, or another factor caused the structural condition."
157,157,0.9547513990943765,-0.0896536617771663,0.1768675330456269,-0.0956664185242149,ANOMALOUS,ANOMALOUS_CONCORDANT,ABNORMAL,STRONG_INTERNAL_WATER_EVIDENCE,SUPPORTED_ANOMALY,HIGH,0.1400748676211083,0.335044029286406,724.6066852081665,0.3008944775110407,1.9346894200398848,4.404834152973876,0.2823383833194984,True,True,False,CONCORDANT_BIOCHEMICAL_DECLINE,SUPPORTED_ANOMALY,1.4252882301807406,0.2509918212890625,0.055251307785511,PASS,CORROBORATED_LOW_STRUCTURAL_STATURE,CORROBORATED,LOW_STATURE_CORROBORATED,False,True,True,True,True,3,3,COMPLETE_3_OF_3,WATER_BIOCHEMICAL_STRUCTURE,HIGH_MULTI_DOMAIN_PRIORITY,Supported water-status anomaly and supported biochemical decline coincide with relatively low structural stature.,"Cross-domain agreement represents internal corroboration. It does not prove that water status, biochemical change, disease, or another factor caused the structural condition."
158,158,1.0359596747280737,-0.4348443155300691,0.489102781393414,-0.0929212754559841,NO_ANOMALY,NO_ANOMALY,ABNORMAL,NO_CONCORDANT_WATER_ANOMALY,NO_CONCORDANT_ANOMALY,HIGH,0.2765507212655989,0.833415387018621,724.9842007436666,0.1680886601493401,1.420304961878721,3.5435736219153533,0.5326775527783185,False,False,False,NO_CONCORDANT_BIOCHEMICAL_DECLINE,NO_CONCORDANT_ANOMALY,2.285468196868896,2.260395050048828,1.4093051254749298,PASS,NO_LOW_STATURE_EVIDENCE,NONE,NO_LOW_STATURE_EVIDENCE,True,False,False,False,False,0,3,COMPLETE_3_OF_3,NO_SUPPORTED_MAJOR_DOMAIN_ANOMALY,NO_SUPPORTED_ANOMALY,No supported concordant anomaly evidence is identified across the assessed domains.,"Cross-domain agreement represents internal corroboration. It does not prove that water status, biochemical change, disease, or another factor caused the structural condition."
159,159,1.0283361736877528,,,-0.078467058890279,NO_ANOMALY,NOT_ASSESSABLE,NO_ABNORMALITY,WATER_STATUS_NOT_FULLY_ASSESSABLE,NOT_FULLY_ASSESSABLE,LIMITED,0.3594314765246296,1.2028488022765191,726.081332443028,0.0874212777863499,1.180531543249533,3.025142014015929,0.6527467119359602,False,False,False,NO_CONCORDANT_BIOCHEMICAL_DECLINE,NO_CONCORDANT_ANOMALY,2.6761448979377747,2.623152160644531,0.9240449666976928,PASS,NO_LOW_STATURE_EVIDENCE,NONE,NO_LOW_STATURE_EVIDENCE,False,False,False,False,False,0,2,PARTIAL_2_OF_3,NO_SUPPORTED_MAJOR_DOMAIN_ANOMALY,DATA_LIMITED_REVIEW,"No supported major-domain anomaly is identified, but the assessment is incomplete or contains inconclusive evidence.","Cross-domain agreement represents internal corroboration. It does not prove that water status, biochemical change, disease, or another factor caused the structural condition."
160,160,1.054718184536371,-0.5077399421051922,0.5291952743959859,-0.0817995142070457,NO_ANOMALY,NO_ANOMALY,NO_ABNORMALITY,NO_CONCORDANT_WATER_ANOMALY,NO_CONCORDANT_ANOMALY,HIGH,0.3582183366137422,1.1921622367228184,726.8197001572039,0.0781832751684536,1.149772707108908,3.329137915925706,0.6550475736442563,False,False,False,NO_CONCORDANT_BIOCHEMICAL_DECLINE,NO_CONCORDANT_ANOMALY,2.608953547477722,2.69936752319336,0.6615314483642578,PASS,NO_LOW_STATURE_EVIDENCE,NONE,NO_LOW_STATURE_EVIDENCE,False,False,False,False,False,0,3,COMPLETE_3_OF_3,NO_SUPPORTED_MAJOR_DOMAIN_ANOMALY,NO_SUPPORTED_ANOMALY,No supported concordant anomaly evidence is identified across the assessed domains.,"Cross-domain agreement represents internal corroboration. It does not prove that water status, biochemical change, disease, or another factor caused the structural condition."
161,161,0.9947079918749804,-0.5136645120235604,0.5574840406223742,-0.0782984548393993,NO_ANOMALY,NO_ANOMALY,NO_ABNORMALITY,NO_CONCORDANT_WATER_ANOMALY,NO_CONCORDANT_ANOMALY,HIGH,0.3706616682977126,1.2544617503175564,728.0459336269628,0.1060881538671015,1.1603979977395644,6.07433259368396,0.6581214640439502,False,False,True,NO_CONCORDANT_BIOCHEMICAL_DECLINE,NO_CONCORDANT_ANOMALY,2.243801736831665,2.1798973083496094,0.7012871503829956,PASS,NO_LOW_STATURE_EVIDENCE,NONE,NO_LOW_STATURE_EVIDENCE,False,False,False,False,False,0,3,COMPLETE_3_OF_3,NO_SUPPORTED_MAJOR_DOMAIN_ANOMALY,NO_SUPPORTED_ANOMALY,No supported concordant anomaly evidence is identified across the assessed domains.,"Cross-domain agreement represents internal corroboration. It does not prove that water status, biochemical change, disease, or another factor caused the structural condition."
162,162,0.972254791153815,,,-0.087637541965746,ANOMALOUS,NOT_ASSESSABLE,NO_ABNORMALITY,NOT_FULLY_ASSESSABLE_ISOLATED_ANOMALY,SCREENING_ANOMALY,LIMITED,0.1781237445050278,0.4459831042259807,724.991811298315,0.2428861853082901,1.6201338640914291,3.6253177319114047,0.3544205010220713,True,True,False,CONCORDANT_BIOCHEMICAL_DECLINE,SUPPORTED_ANOMALY,1.7579968452453614,,1.2990148961544037,WARN,NO_LOW_STATURE_EVIDENCE,NONE,NO_LOW_STATURE_EVIDENCE,False,False,True,False,False,1,2,PARTIAL_2_OF_3,BIOCHEMICAL_ONLY,SINGLE_DOMAIN_PRIORITY,Supported biochemical decline is present without another supported major-domain signal.,"Cross-domain agreement represents internal corroboration. It does not prove that water status, biochemical change, disease, or another factor caused the structural condition."
163,163,0.9717297763256806,-0.1525985148632389,0.2416008918971911,-0.084146869324687,ANOMALOUS,ANOMALOUS_CONCORDANT,NO_ABNORMALITY,SUPPORTED_WATER_STATUS_ANOMALY,SUPPORTED_ANOMALY,HIGH,0.1587751018024776,0.3925377727268164,724.53398591158,0.2690640538093509,1.775578134799427,4.221107429620854,0.3160140084251627,True,True,False,CONCORDANT_BIOCHEMICAL_DECLINE,SUPPORTED_ANOMALY,1.7897292375564573,2.0918922424316406,0.143699824810028,WARN,NO_LOW_STATURE_EVIDENCE,NONE,NO_LOW_STATURE_EVIDENCE,False,True,True,False,False,2,3,COMPLETE_3_OF_3,WATER_BIOCHEMICAL_ONLY,MULTI_DOMAIN_PRIORITY,Supported water-status and biochemical anomalies are present without current low-stature evidence.,"Cross-domain agreement represents internal corroboration. It does not prove that water status, biochemical change, disease, or another factor caused the structural condition."
164,164,1.0033776760101318,,0.4827387557794414,-0.0775721991148676,NO_ANOMALY,NOT_ASSESSABLE,NO_ABNORMALITY,WATER_STATUS_NOT_FULLY_ASSESSABLE,NOT_FULLY_ASSESSABLE,LIMITED,0.3584655591327643,1.2288105985394455,727.1983475488419,0.0904800223899663,1.0819193124771118,3.770436162686696,0.6236999485523013,False,False,False,NO_CONCORDANT_BIOCHEMICAL_DECLINE,NO_CONCORDANT_ANOMALY,2.36224102973938,2.350791931152344,0.3530106544494629,PASS,NO_LOW_STATURE_EVIDENCE,NONE,NO_LOW_STATURE_EVIDENCE,False,False,False,False,False,0,2,PARTIAL_2_OF_3,NO_SUPPORTED_MAJOR_DOMAIN_ANOMALY,DATA_LIMITED_REVIEW,"No supported major-domain anomaly is identified, but the assessment is incomplete or contains inconclusive evidence.","Cross-domain agreement represents internal corroboration. It does not prove that water status, biochemical change, disease, or another factor caused the structural condition."
165,165,0.9732053927581232,-0.4583549411617896,0.491641549102402,-0.0707358614547846,ANOMALOUS,NO_ANOMALY,NO_ABNORMALITY,ISOLATED_DIRECT_WATER_ANOMALY,SCREENING_ANOMALY,HIGH,0.3999698790147224,1.3717641179661249,728.3767434935468,0.0777247002557334,1.1123955988381553,4.565371502050573,0.6766690155730463,False,False,True,NO_CONCORDANT_BIOCHEMICAL_DECLINE,NO_CONCORDANT_ANOMALY,2.6778361797332764,2.536993408203125,0.2094287872314453,PASS,NO_LOW_STATURE_EVIDENCE,NONE,NO_LOW_STATURE_EVIDENCE,False,False,False,False,False,0,3,COMPLETE_3_OF_3,NO_SUPPORTED_MAJOR_DOMAIN_ANOMALY,SCREENING_PRIORITY,"Screening-level spectral evidence is present, but no major domain reaches the supported multi-indicator condition.","Cross-domain agreement represents internal corroboration. It does not prove that water status, biochemical change, disease, or another factor caused the structural condition."
166,166,1.0348652244463643,-0.4629287129948911,0.5061405356316792,-0.0835974937326137,NO_ANOMALY,NO_ANOMALY,NO_ABNORMALITY,NO_CONCORDANT_WATER_ANOMALY,NO_CONCORDANT_ANOMALY,HIGH,0.3408354240465219,1.1431331349823517,727.0776925829502,0.1186630795153796,1.2636443573401062,3.62398607535986,0.6029648777794686,False,False,False,NO_CONCORDANT_BIOCHEMICAL_DECLINE,NO_CONCORDANT_ANOMALY,2.9356949448585508,2.5448036193847656,0.7086015939712524,PASS,NO_LOW_STATURE_EVIDENCE,NONE,NO_LOW_STATURE_EVIDENCE,False,False,False,False,False,0,3,COMPLETE_3_OF_3,NO_SUPPORTED_MAJOR_DOMAIN_ANOMALY,NO_SUPPORTED_ANOMALY,No supported concordant anomaly evidence is identified across the assessed domains.,"Cross-domain agreement represents internal corroboration. It does not prove that water status, biochemical change, disease, or another factor caused the structural condition."
168,168,1.022297220780247,-0.385278245789651,0.4343709504533173,-0.0903164136607454,NO_ANOMALY,NO_ANOMALY,ABNORMAL,NO_CONCORDANT_WATER_ANOMALY,NO_CONCORDANT_ANOMALY,HIGH,0.2982101496571073,0.948863465836645,726.3164488307838,0.1555857946975351,1.3825200477251922,3.465621445357993,0.5392804286742297,False,False,False,NO_CONCORDANT_BIOCHEMICAL_DECLINE,NO_CONCORDANT_ANOMALY,2.6647199630737304,2.371246337890625,1.9546582102775567,PASS,NO_LOW_STATURE_EVIDENCE,NONE,NO_LOW_STATURE_EVIDENCE,True,False,False,False,False,0,3,COMPLETE_3_OF_3,NO_SUPPORTED_MAJOR_DOMAIN_ANOMALY,NO_SUPPORTED_ANOMALY,No supported concordant anomaly evidence is identified across the assessed domains.,"Cross-domain agreement represents internal corroboration. It does not prove that water status, biochemical change, disease, or another factor caused the structural condition."
169,169,0.9839211805960256,,,-0.0963155549163426,NO_ANOMALY,NOT_ASSESSABLE,ABNORMAL,WATER_STATUS_NOT_FULLY_ASSESSABLE,NOT_FULLY_ASSESSABLE,LIMITED,0.1837361878311707,0.4609545057551818,725.4062380406241,0.2356604384662946,1.4988638996305848,6.569968867515771,0.3820216887022934,False,False,True,NO_CONCORDANT_BIOCHEMICAL_DECLINE,NO_CONCORDANT_ANOMALY,0.5513318419456481,,0.1464488506317138,WARN,LOW_STATURE_LAS_ONLY,SINGLE_MEASUREMENT,LOW_STATURE_LAS_ONLY,False,False,False,True,False,1,2,PARTIAL_2_OF_3,STRUCTURE_ONLY,SINGLE_DOMAIN_PRIORITY,Relatively low structural stature is present without another supported major-domain anomaly. Structural low-stature evidence is based on LAS H_P95 without raster-CHM corroboration.,"Cross-domain agreement represents internal corroboration. It does not prove that water status, biochemical change, disease, or another factor caused the structural condition."
170,170,0.9521438115363212,,,-0.0708703215139601,ANOMALOUS,NOT_ASSESSABLE,NO_ABNORMALITY,NOT_FULLY_ASSESSABLE_ISOLATED_ANOMALY,SCREENING_ANOMALY,LIMITED,0.3190158744441512,1.0021024921281003,726.3492855218929,0.1253583785819201,1.232767151715953,5.379339245713143,0.5847866608734942,False,False,True,NO_CONCORDANT_BIOCHEMICAL_DECLINE,NO_CONCORDANT_ANOMALY,2.093402218818664,1.8169906616210936,1.4430637508630753,PASS,NO_LOW_STATURE_EVIDENCE,NONE,NO_LOW_STATURE_EVIDENCE,True,False,False,False,False,0,2,PARTIAL_2_OF_3,NO_SUPPORTED_MAJOR_DOMAIN_ANOMALY,SCREENING_PRIORITY,"Screening-level spectral evidence is present, but no major domain reaches the supported multi-indicator condition.","Cross-domain agreement represents internal corroboration. It does not prove that water status, biochemical change, disease, or another factor caused the structural condition."
171,171,,-0.5074662172431775,0.5267368508532605,-0.0849158330762636,NOT_ASSESSABLE,NO_ANOMALY,NO_ABNORMALITY,WATER_STATUS_NOT_FULLY_ASSESSABLE,NOT_FULLY_ASSESSABLE,LIMITED,0.3687149740655229,1.2785310878120713,726.8488301416572,0.0811125718567998,1.1882594903826549,3.177516437404526,0.6605434443260514,False,False,False,NO_CONCORDANT_BIOCHEMICAL_DECLINE,NO_CONCORDANT_ANOMALY,2.8704400658607483,2.7435882568359373,0.5139344930648804,PASS,NO_LOW_STATURE_EVIDENCE,NONE,NO_LOW_STATURE_EVIDENCE,False,False,False,False,False,0,2,PARTIAL_2_OF_3,NO_SUPPORTED_MAJOR_DOMAIN_ANOMALY,DATA_LIMITED_REVIEW,"No supported major-domain anomaly is identified, but the assessment is incomplete or contains inconclusive evidence.","Cross-domain agreement represents internal corroboration. It does not prove that water status, biochemical change, disease, or another factor caused the structural condition."
173,173,0.9844591624570874,-0.20483051022281,0.3032361963153138,-0.0794163650398969,NO_ANOMALY,NO_ANOMALY,NO_ABNORMALITY,NO_CONCORDANT_WATER_ANOMALY,NO_CONCORDANT_ANOMALY,HIGH,0.2172656895973384,0.5847537593159162,725.6989580159059,0.2192771571693493,1.5323955505420137,3.743904817526831,0.4011134351801475,False,False,False,NO_CONCORDANT_BIOCHEMICAL_DECLINE,NO_CONCORDANT_ANOMALY,1.1857008934020996,0.4233879089355469,0.6098645329475403,PASS,CORROBORATED_LOW_STRUCTURAL_STATURE,CORROBORATED,LOW_STATURE_CORROBORATED,False,False,False,True,True,1,3,COMPLETE_3_OF_3,STRUCTURE_ONLY,SINGLE_DOMAIN_PRIORITY,Relatively low structural stature is present without another supported major-domain anomaly.,"Cross-domain agreement represents internal corroboration. It does not prove that water status, biochemical change, disease, or another factor caused the structural condition."
174,174,0.9887520726816048,,,-0.0722581769649269,NO_ANOMALY,NOT_ASSESSABLE,NO_ABNORMALITY,WATER_STATUS_NOT_FULLY_ASSESSABLE,NOT_FULLY_ASSESSABLE,LIMITED,0.3728037065702234,1.303676132187233,727.8756338494153,0.1078477632028738,1.218325142193861,5.283616612728049,0.6414062653506157,False,False,True,NO_CONCORDANT_BIOCHEMICAL_DECLINE,NO_CONCORDANT_ANOMALY,2.4292539596557616,2.262737274169922,0.7951088547706604,PASS,NO_LOW_STATURE_EVIDENCE,NONE,NO_LOW_STATURE_EVIDENCE,False,False,False,False,False,0,2,PARTIAL_2_OF_3,NO_SUPPORTED_MAJOR_DOMAIN_ANOMALY,DATA_LIMITED_REVIEW,"No supported major-domain anomaly is identified, but the assessment is incomplete or contains inconclusive evidence.","Cross-domain agreement represents internal corroboration. It does not prove that water status, biochemical change, disease, or another factor caused the structural condition."
175,175,0.9901200560674104,-0.0661797040763687,0.1231034853674501,-0.1008769272261032,NO_ANOMALY,ANOMALOUS_CONCORDANT,ABNORMAL,ISOLATED_DIRECT_WATER_ANOMALY,SCREENING_ANOMALY,HIGH,0.1319988896745635,0.3310525296180945,724.0951688029168,0.3163348159945596,2.058395319727345,3.940709128516236,0.2805470076741044,True,True,False,CONCORDANT_BIOCHEMICAL_DECLINE,SUPPORTED_ANOMALY,1.4877242267131805,0.3220062255859375,1.0507191717624664,WARN,CORROBORATED_LOW_STRUCTURAL_STATURE,CORROBORATED,LOW_STATURE_CORROBORATED,False,False,True,True,True,2,3,COMPLETE_3_OF_3,BIOCHEMICAL_STRUCTURE_ONLY,MULTI_DOMAIN_PRIORITY,Supported biochemical decline coincides with relatively low structural stature; a supported water-status anomaly is not present.,"Cross-domain agreement represents internal corroboration. It does not prove that water status, biochemical change, disease, or another factor caused the structural condition."
176,176,1.0594750061083305,-0.5466009573040009,0.5562045380887258,-0.0669999320161797,NO_ANOMALY,NO_ANOMALY,NO_ABNORMALITY,NO_CONCORDANT_WATER_ANOMALY,NO_CONCORDANT_ANOMALY,HIGH,0.3874421885746432,1.3244689583465967,727.6984252953771,0.0868486380238858,1.1268398367362211,7.647862723827032,0.6835376381008855,False,False,True,NO_CONCORDANT_BIOCHEMICAL_DECLINE,NO_CONCORDANT_ANOMALY,2.360413432121277,2.276038360595703,0.3995047211647033,PASS,NO_LOW_STATURE_EVIDENCE,NONE,NO_LOW_STATURE_EVIDENCE,False,False,False,False,False,0,3,COMPLETE_3_OF_3,NO_SUPPORTED_MAJOR_DOMAIN_ANOMALY,NO_SUPPORTED_ANOMALY,No supported concordant anomaly evidence is identified across the assessed domains.,"Cross-domain agreement represents internal corroboration. It does not prove that water status, biochemical change, disease, or another factor caused the structural condition."
177,177,0.9785126671698786,-0.3332803370250323,0.4085414887383604,-0.0759505561344258,NO_ANOMALY,NO_ANOMALY,NO_ABNORMALITY,NO_CONCORDANT_WATER_ANOMALY,NO_CONCORDANT_ANOMALY,HIGH,0.2624885031704206,0.7409033850268224,726.2505537307625,0.1559812574871517,1.320082016563248,4.786135783017072,0.4955895997937894,False,False,True,NO_CONCORDANT_BIOCHEMICAL_DECLINE,NO_CONCORDANT_ANOMALY,1.835474878549576,1.4766921997070312,1.3251755088567734,PASS,NO_LOW_STATURE_EVIDENCE,NONE,NO_LOW_STATURE_EVIDENCE,False,False,False,False,False,0,3,COMPLETE_3_OF_3,NO_SUPPORTED_MAJOR_DOMAIN_ANOMALY,NO_SUPPORTED_ANOMALY,No supported concordant anomaly evidence is identified across the assessed domains.,"Cross-domain agreement represents internal corroboration. It does not prove that water status, biochemical change, disease, or another factor caused the structural condition."
178,178,1.015837801505736,-0.138754341721364,0.2294360910438905,-0.0842502269104621,NO_ANOMALY,ANOMALOUS_CONCORDANT,NO_ABNORMALITY,ISOLATED_DIRECT_WATER_ANOMALY,SCREENING_ANOMALY,HIGH,0.1963760012868945,0.5003504813485778,727.5845745184515,0.2410576821177436,1.552652252408239,3.842255127851317,0.3608826451225597,False,False,False,NO_CONCORDANT_BIOCHEMICAL_DECLINE,NO_CONCORDANT_ANOMALY,0.689682641625404,0.3149871826171875,0.0252768993377685,WARN,CORROBORATED_LOW_STRUCTURAL_STATURE,CORROBORATED,LOW_STATURE_CORROBORATED,False,False,False,True,True,1,3,COMPLETE_3_OF_3,STRUCTURE_ONLY,SINGLE_DOMAIN_PRIORITY,Relatively low structural stature is present without another supported major-domain anomaly.,"Cross-domain agreement represents internal corroboration. It does not prove that water status, biochemical change, disease, or another factor caused the structural condition."
179,179,0.9964055446186616,-0.1998627374834923,0.2814192099485273,-0.0884309096280254,NO_ANOMALY,NO_ANOMALY,NO_ABNORMALITY,NO_CONCORDANT_WATER_ANOMALY,NO_CONCORDANT_ANOMALY,HIGH,0.2352092567921171,0.6593272427757058,727.114658964809,0.2072380425268233,1.4705265780788848,3.921280648666462,0.4239293728886455,False,False,False,NO_CONCORDANT_BIOCHEMICAL_DECLINE,NO_CONCORDANT_ANOMALY,1.425440502166748,0.2769927978515625,0.7677517309784889,WARN,CORROBORATED_LOW_STRUCTURAL_STATURE,CORROBORATED,LOW_STATURE_CORROBORATED,False,False,False,True,True,1,3,COMPLETE_3_OF_3,STRUCTURE_ONLY,SINGLE_DOMAIN_PRIORITY,Relatively low structural stature is present without another supported major-domain anomaly.,"Cross-domain agreement represents internal corroboration. It does not prove that water status, biochemical change, disease, or another factor caused the structural condition."
180,180,1.0626777096688491,-0.5076409269218416,,-0.0803785709289309,NO_ANOMALY,NOT_ASSESSABLE,NO_ABNORMALITY,WATER_STATUS_NOT_FULLY_ASSESSABLE,NOT_FULLY_ASSESSABLE,LIMITED,0.3579720487322562,1.166268460317447,726.9519588669283,0.0744431759212235,1.133871436616701,4.061940584729276,0.658023107333433,False,False,False,NO_CONCORDANT_BIOCHEMICAL_DECLINE,NO_CONCORDANT_ANOMALY,2.113346791267395,1.9944381713867188,0.7831119298934937,PASS,NO_LOW_STATURE_EVIDENCE,NONE,NO_LOW_STATURE_EVIDENCE,False,False,False,False,False,0,2,PARTIAL_2_OF_3,NO_SUPPORTED_MAJOR_DOMAIN_ANOMALY,DATA_LIMITED_REVIEW,"No supported major-domain anomaly is identified, but the assessment is incomplete or contains inconclusive evidence.","Cross-domain agreement represents internal corroboration. It does not prove that water status, biochemical change, disease, or another factor caused the structural condition."
181,181,0.973315513942394,,,-0.0770743121192701,ANOMALOUS,NOT_ASSESSABLE,NO_ABNORMALITY,NOT_FULLY_ASSESSABLE_ISOLATED_ANOMALY,SCREENING_ANOMALY,LIMITED,0.3358282239723626,1.0561607983592105,727.9689199355745,0.1173289417278814,1.1840082614972172,6.435881412415552,0.6098630337693982,False,False,True,NO_CONCORDANT_BIOCHEMICAL_DECLINE,NO_CONCORDANT_ANOMALY,2.0462175607681274,1.7372039794921872,0.9488633573055268,PASS,NO_LOW_STATURE_EVIDENCE,NONE,NO_LOW_STATURE_EVIDENCE,False,False,False,False,False,0,2,PARTIAL_2_OF_3,NO_SUPPORTED_MAJOR_DOMAIN_ANOMALY,SCREENING_PRIORITY,"Screening-level spectral evidence is present, but no major domain reaches the supported multi-indicator condition.","Cross-domain agreement represents internal corroboration. It does not prove that water status, biochemical change, disease, or another factor caused the structural condition."
182,182,1.008826386890397,-0.394388393043915,0.4378440701236171,-0.0768124908327544,NO_ANOMALY,NO_ANOMALY,NO_ABNORMALITY,NO_CONCORDANT_WATER_ANOMALY,NO_CONCORDANT_ANOMALY,HIGH,0.2964340617446465,0.9373373739714208,726.3868009479709,0.1310413900182945,1.3146286373520688,3.654912689395384,0.551580583681615,False,False,False,NO_CONCORDANT_BIOCHEMICAL_DECLINE,NO_CONCORDANT_ANOMALY,2.041729760169983,1.9430404663085936,1.631846308708191,PASS,NO_LOW_STATURE_EVIDENCE,NONE,NO_LOW_STATURE_EVIDENCE,True,False,False,False,False,0,3,COMPLETE_3_OF_3,NO_SUPPORTED_MAJOR_DOMAIN_ANOMALY,NO_SUPPORTED_ANOMALY,No supported concordant anomaly evidence is identified across the assessed domains.,"Cross-domain agreement represents internal corroboration. It does not prove that water status, biochemical change, disease, or another factor caused the structural condition."
183,183,0.9843606716537188,-0.1891301473358252,0.2776848707406091,-0.0873603401276079,NO_ANOMALY,NO_ANOMALY,NO_ABNORMALITY,NO_CONCORDANT_WATER_ANOMALY,NO_CONCORDANT_ANOMALY,HIGH,0.1996566010163141,0.5208845200351162,725.0863420482522,0.2383473990236323,1.6110314258348657,3.4673821952069925,0.370059413379907,True,True,False,CONCORDANT_BIOCHEMICAL_DECLINE,SUPPORTED_ANOMALY,1.6912959575653077,0.3019866943359375,0.916441336274147,WARN,NO_LOW_STATURE_EVIDENCE,NONE,NO_LOW_STATURE_EVIDENCE,False,False,True,False,False,1,3,COMPLETE_3_OF_3,BIOCHEMICAL_ONLY,SINGLE_DOMAIN_PRIORITY,Supported biochemical decline is present without another supported major-domain signal.,"Cross-domain agreement represents internal corroboration. It does not prove that water status, biochemical change, disease, or another factor caused the structural condition."
184,184,,,,,NOT_ASSESSABLE,NOT_ASSESSABLE,NOT_ASSESSABLE,WATER_STATUS_NOT_FULLY_ASSESSABLE,NOT_FULLY_ASSESSABLE,LIMITED,,,,,,,,False,False,False,NOT_FULLY_ASSESSABLE,NOT_FULLY_ASSESSABLE,2.0117757320404053,0.2584365844726562,1.2052250802516935,PASS,NO_LOW_STATURE_EVIDENCE,NONE,NO_LOW_STATURE_EVIDENCE,False,False,False,False,False,0,1,LIMITED_0_OR_1_OF_3,NO_SUPPORTED_MAJOR_DOMAIN_ANOMALY,DATA_LIMITED_REVIEW,"No supported major-domain anomaly is identified, but the assessment is incomplete or contains inconclusive evidence.","Cross-domain agreement represents internal corroboration. It does not prove that water status, biochemical change, disease, or another factor caused the structural condition."
185,185,1.057722562967814,-0.5053722968461198,0.5262243554992944,-0.0872507899940767,NO_ANOMALY,NO_ANOMALY,NO_ABNORMALITY,NO_CONCORDANT_WATER_ANOMALY,NO_CONCORDANT_ANOMALY,HIGH,0.3706011239325646,1.2820911607858765,727.0319277831721,0.0820605338834412,1.1789290561052224,3.591032263549043,0.6664980752442742,False,False,False,NO_CONCORDANT_BIOCHEMICAL_DECLINE,NO_CONCORDANT_ANOMALY,2.101041436195373,2.063294219970703,0.5131562054157257,PASS,NO_LOW_STATURE_EVIDENCE,NONE,NO_LOW_STATURE_EVIDENCE,False,False,False,False,False,0,3,COMPLETE_3_OF_3,NO_SUPPORTED_MAJOR_DOMAIN_ANOMALY,NO_SUPPORTED_ANOMALY,No supported concordant anomaly evidence is identified across the assessed domains.,"Cross-domain agreement represents internal corroboration. It does not prove that water status, biochemical change, disease, or another factor caused the structural condition."
186,186,1.0135031075279088,-0.3608489471573267,0.4166823362709403,-0.0942485398575174,NO_ANOMALY,NO_ANOMALY,ABNORMAL,NO_CONCORDANT_WATER_ANOMALY,NO_CONCORDANT_ANOMALY,HIGH,0.2667294714812792,0.7736187809863877,726.3620667550318,0.178355917835656,1.3829732755357615,4.1759017357125074,0.5032393343972958,False,False,False,NO_CONCORDANT_BIOCHEMICAL_DECLINE,NO_CONCORDANT_ANOMALY,1.6035812497138977,1.379206085205078,0.7256149128079414,PASS,CORROBORATED_LOW_STRUCTURAL_STATURE,CORROBORATED,LOW_STATURE_CORROBORATED,False,False,False,True,True,1,3,COMPLETE_3_OF_3,STRUCTURE_ONLY,SINGLE_DOMAIN_PRIORITY,Relatively low structural stature is present without another supported major-domain anomaly.,"Cross-domain agreement represents internal corroboration. It does not prove that water status, biochemical change, disease, or another factor caused the structural condition."
187,187,1.0018446564482844,,,-0.0782836761930708,NO_ANOMALY,NOT_ASSESSABLE,NO_ABNORMALITY,WATER_STATUS_NOT_FULLY_ASSESSABLE,NOT_FULLY_ASSESSABLE,LIMITED,0.3305341116129459,1.1681162932777411,727.6580234775045,0.1580781961252375,1.368703086583495,5.343414996055489,0.5576626740861572,False,False,True,NO_CONCORDANT_BIOCHEMICAL_DECLINE,NO_CONCORDANT_ANOMALY,2.1224008798599243,2.049150085449219,1.3751460313796997,PASS,NO_LOW_STATURE_EVIDENCE,NONE,NO_LOW_STATURE_EVIDENCE,False,False,False,False,False,0,2,PARTIAL_2_OF_3,NO_SUPPORTED_MAJOR_DOMAIN_ANOMALY,DATA_LIMITED_REVIEW,"No supported major-domain anomaly is identified, but the assessment is incomplete or contains inconclusive evidence.","Cross-domain agreement represents internal corroboration. It does not prove that water status, biochemical change, disease, or another factor caused the structural condition."
188,188,0.9814297106470644,,,-0.0628851322326096,NO_ANOMALY,NOT_ASSESSABLE,NO_ABNORMALITY,WATER_STATUS_NOT_FULLY_ASSESSABLE,NOT_FULLY_ASSESSABLE,LIMITED,0.4530096751044445,1.7691844447656475,729.7792826642766,0.0652576609180582,1.0980389922561853,6.192299878986117,0.713800992799769,False,False,True,NO_CONCORDANT_BIOCHEMICAL_DECLINE,NO_CONCORDANT_ANOMALY,2.453576374053955,2.290093994140625,0.2666065692901611,PASS,NO_LOW_STATURE_EVIDENCE,NONE,NO_LOW_STATURE_EVIDENCE,False,False,False,False,False,0,2,PARTIAL_2_OF_3,NO_SUPPORTED_MAJOR_DOMAIN_ANOMALY,DATA_LIMITED_REVIEW,"No supported major-domain anomaly is identified, but the assessment is incomplete or contains inconclusive evidence.","Cross-domain agreement represents internal corroboration. It does not prove that water status, biochemical change, disease, or another factor caused the structural condition."
190,190,0.994743770146716,-0.1823364719055905,0.2715413549255021,-0.0873085906123453,NO_ANOMALY,NO_ANOMALY,NO_ABNORMALITY,NO_CONCORDANT_WATER_ANOMALY,NO_CONCORDANT_ANOMALY,HIGH,0.1816916540133005,0.4826972374627752,724.8625240278602,0.2561273354831277,1.804484902538978,3.5778423798256567,0.346715781290384,True,True,False,CONCORDANT_BIOCHEMICAL_DECLINE,SUPPORTED_ANOMALY,1.986721754074097,1.83599853515625,1.139053225517273,PASS,NO_LOW_STATURE_EVIDENCE,NONE,NO_LOW_STATURE_EVIDENCE,False,False,True,False,False,1,3,COMPLETE_3_OF_3,BIOCHEMICAL_ONLY,SINGLE_DOMAIN_PRIORITY,Supported biochemical decline is present without another supported major-domain signal.,"Cross-domain agreement represents internal corroboration. It does not prove that water status, biochemical change, disease, or another factor caused the structural condition."
191,191,1.0369833460910516,-0.4402195867936442,0.4825354814687575,-0.0804661650355549,NO_ANOMALY,NO_ANOMALY,NO_ABNORMALITY,NO_CONCORDANT_WATER_ANOMALY,NO_CONCORDANT_ANOMALY,HIGH,0.3371286583490197,1.1327463707146728,726.9590996851554,0.1063170588164788,1.2507816588565266,3.992207904981645,0.6054558246180667,False,False,False,NO_CONCORDANT_BIOCHEMICAL_DECLINE,NO_CONCORDANT_ANOMALY,2.822573113441468,2.719601440429688,2.132932022213936,PASS,NO_LOW_STATURE_EVIDENCE,NONE,NO_LOW_STATURE_EVIDENCE,True,False,False,False,False,0,3,COMPLETE_3_OF_3,NO_SUPPORTED_MAJOR_DOMAIN_ANOMALY,NO_SUPPORTED_ANOMALY,No supported concordant anomaly evidence is identified across the assessed domains.,"Cross-domain agreement represents internal corroboration. It does not prove that water status, biochemical change, disease, or another factor caused the structural condition."
192,192,0.9140933813229108,,,-0.0905730434458557,ANOMALOUS,NOT_ASSESSABLE,ABNORMAL,NOT_FULLY_ASSESSABLE_ISOLATED_ANOMALY,SCREENING_ANOMALY,LIMITED,0.1377693222777196,0.3292073154259738,723.9461521466578,0.3080025823758739,1.8413656895745325,6.813875302944231,0.3126179385646381,True,True,True,STRONG_CONCORDANT_BIOCHEMICAL_DECLINE,SUPPORTED_ANOMALY,0.350814513862133,,0.0413173288106918,WARN,LOW_STATURE_LAS_ONLY,SINGLE_MEASUREMENT,LOW_STATURE_LAS_ONLY,False,False,True,True,False,2,2,PARTIAL_2_OF_3,BIOCHEMICAL_STRUCTURE_ONLY,MULTI_DOMAIN_PRIORITY,Supported biochemical decline coincides with relatively low structural stature; a supported water-status anomaly is not present. Structural low-stature evidence is based on LAS H_P95 without raster-CHM corroboration.,"Cross-domain agreement represents internal corroboration. It does not prove that water status, biochemical change, disease, or another factor caused the structural condition."
193,193,1.045955652966973,,,-0.0763659977114556,NO_ANOMALY,NOT_ASSESSABLE,NO_ABNORMALITY,WATER_STATUS_NOT_FULLY_ASSESSABLE,NOT_FULLY_ASSESSABLE,LIMITED,0.4022006096797915,1.4411375038229302,727.4877818374518,0.064670527173045,1.1207582249961234,4.112005472955179,0.7016613898805603,False,False,False,NO_CONCORDANT_BIOCHEMICAL_DECLINE,NO_CONCORDANT_ANOMALY,2.036448407173157,1.8199905395507807,0.4979388415813446,PASS,NO_LOW_STATURE_EVIDENCE,NONE,NO_LOW_STATURE_EVIDENCE,False,False,False,False,False,0,2,PARTIAL_2_OF_3,NO_SUPPORTED_MAJOR_DOMAIN_ANOMALY,DATA_LIMITED_REVIEW,"No supported major-domain anomaly is identified, but the assessment is incomplete or contains inconclusive evidence.","Cross-domain agreement represents internal corroboration. It does not prove that water status, biochemical change, disease, or another factor caused the structural condition."
194,194,1.0107769675305076,,,-0.0824062836113549,NO_ANOMALY,NOT_ASSESSABLE,NO_ABNORMALITY,WATER_STATUS_NOT_FULLY_ASSESSABLE,NOT_FULLY_ASSESSABLE,LIMITED,0.3289342515920481,1.0520806324402716,726.2957344559568,0.1029984606201511,1.2209303946080403,3.523376443133922,0.608470278522909,False,False,False,NO_CONCORDANT_BIOCHEMICAL_DECLINE,NO_CONCORDANT_ANOMALY,2.8228211879730223,2.256900787353515,0.9231985807418824,PASS,NO_LOW_STATURE_EVIDENCE,NONE,NO_LOW_STATURE_EVIDENCE,False,False,False,False,False,0,2,PARTIAL_2_OF_3,NO_SUPPORTED_MAJOR_DOMAIN_ANOMALY,DATA_LIMITED_REVIEW,"No supported major-domain anomaly is identified, but the assessment is incomplete or contains inconclusive evidence.","Cross-domain agreement represents internal corroboration. It does not prove that water status, biochemical change, disease, or another factor caused the structural condition."
195,195,1.015018193918446,-0.4048865054867785,0.44926755054948,-0.0954515211394624,NO_ANOMALY,NO_ANOMALY,ABNORMAL,NO_CONCORDANT_WATER_ANOMALY,NO_CONCORDANT_ANOMALY,HIGH,0.262109354941837,0.7619091298194416,724.9653545753746,0.1569156797111912,1.368222531785765,3.50288997391914,0.5228994624033773,False,False,False,NO_CONCORDANT_BIOCHEMICAL_DECLINE,NO_CONCORDANT_ANOMALY,2.510033965110779,2.104107666015625,1.3432250767946243,PASS,NO_LOW_STATURE_EVIDENCE,NONE,NO_LOW_STATURE_EVIDENCE,False,False,False,False,False,0,3,COMPLETE_3_OF_3,NO_SUPPORTED_MAJOR_DOMAIN_ANOMALY,NO_SUPPORTED_ANOMALY,No supported concordant anomaly evidence is identified across the assessed domains.,"Cross-domain agreement represents internal corroboration. It does not prove that water status, biochemical change, disease, or another factor caused the structural condition."
196,196,1.008568278806494,-0.3580024613555708,0.4291443997420026,-0.0784054809277023,NO_ANOMALY,NO_ANOMALY,NO_ABNORMALITY,NO_CONCORDANT_WATER_ANOMALY,NO_CONCORDANT_ANOMALY,HIGH,0.3175250779894549,1.01847904997295,726.6323499353239,0.143177308741778,1.303092357730646,3.3337427181310133,0.5480233362800302,False,False,False,NO_CONCORDANT_BIOCHEMICAL_DECLINE,NO_CONCORDANT_ANOMALY,1.9504629611968995,1.811891174316406,1.360955387353897,PASS,NO_LOW_STATURE_EVIDENCE,NONE,NO_LOW_STATURE_EVIDENCE,False,False,False,False,False,0,3,COMPLETE_3_OF_3,NO_SUPPORTED_MAJOR_DOMAIN_ANOMALY,NO_SUPPORTED_ANOMALY,No supported concordant anomaly evidence is identified across the assessed domains.,"Cross-domain agreement represents internal corroboration. It does not prove that water status, biochemical change, disease, or another factor caused the structural condition."
197,197,1.0111517826578609,-0.3318462209982968,0.395043396791073,-0.0970443065123548,NO_ANOMALY,NO_ANOMALY,ABNORMAL,NO_CONCORDANT_WATER_ANOMALY,NO_CONCORDANT_ANOMALY,HIGH,0.1759623215575686,0.4438934040729562,724.2433509272275,0.2051890141926834,1.5032292399851923,3.249900494149812,0.4151013772225709,True,False,False,CHLOROPHYLL_RED_EDGE_ONLY,SCREENING_ANOMALY,2.5783700942993164,2.17999267578125,0.8471713066101074,WARN,NO_LOW_STATURE_EVIDENCE,NONE,NO_LOW_STATURE_EVIDENCE,False,False,False,False,False,0,3,COMPLETE_3_OF_3,NO_SUPPORTED_MAJOR_DOMAIN_ANOMALY,SCREENING_PRIORITY,"Screening-level spectral evidence is present, but no major domain reaches the supported multi-indicator condition.","Cross-domain agreement represents internal corroboration. It does not prove that water status, biochemical change, disease, or another factor caused the structural condition."
198,198,1.0158305011557616,-0.4371881763261317,0.4833746322391585,-0.0806881141424873,NO_ANOMALY,NO_ANOMALY,NO_ABNORMALITY,NO_CONCORDANT_WATER_ANOMALY,NO_CONCORDANT_ANOMALY,HIGH,0.3096818299321019,0.959373989969135,726.6853466543599,0.1446439064797324,1.275376674160554,6.077534400892274,0.5730494405658276,False,False,True,NO_CONCORDANT_BIOCHEMICAL_DECLINE,NO_CONCORDANT_ANOMALY,3.061488735675812,2.9169921875,0.9930546879768372,PASS,NO_LOW_STATURE_EVIDENCE,NONE,NO_LOW_STATURE_EVIDENCE,False,False,False,False,False,0,3,COMPLETE_3_OF_3,NO_SUPPORTED_MAJOR_DOMAIN_ANOMALY,NO_SUPPORTED_ANOMALY,No supported concordant anomaly evidence is identified across the assessed domains.,"Cross-domain agreement represents internal corroboration. It does not prove that water status, biochemical change, disease, or another factor caused the structural condition."
199,199,0.9450323022077772,-0.1561976023041474,0.2548715995654502,-0.0830776651007869,ANOMALOUS,PARTIAL_DISCORDANT,NO_ABNORMALITY,SWIR_DISCORDANT_INSUFFICIENT_EVIDENCE,INCONCLUSIVE,HIGH,0.1567914667494218,0.3889434469750428,725.0658296138396,0.2799394856860919,1.831839898992077,3.744264830048156,0.3144370543860391,True,True,False,CONCORDANT_BIOCHEMICAL_DECLINE,SUPPORTED_ANOMALY,1.9377164125442503,,0.0892521739006042,WARN,NO_LOW_STATURE_EVIDENCE,NONE,NO_LOW_STATURE_EVIDENCE,False,False,True,False,False,1,3,COMPLETE_3_OF_3,BIOCHEMICAL_ONLY,SINGLE_DOMAIN_PRIORITY,Supported biochemical decline is present without another supported major-domain signal.,"Cross-domain agreement represents internal corroboration. It does not prove that water status, biochemical change, disease, or another factor caused the structural condition."
200,200,0.9814652068852804,-0.3871025600091872,0.4407540666016593,-0.0743440838403726,NO_ANOMALY,NO_ANOMALY,NO_ABNORMALITY,NO_CONCORDANT_WATER_ANOMALY,NO_CONCORDANT_ANOMALY,HIGH,0.303897590171325,0.9181166334409948,726.9115819661102,0.1221531901022009,1.2418133685583643,4.430031394951078,0.5534334591142556,False,False,True,NO_CONCORDANT_BIOCHEMICAL_DECLINE,NO_CONCORDANT_ANOMALY,1.4697011232376098,1.3765487670898438,0.4797883629798889,PASS,CORROBORATED_LOW_STRUCTURAL_STATURE,CORROBORATED,LOW_STATURE_CORROBORATED,False,False,False,True,True,1,3,COMPLETE_3_OF_3,STRUCTURE_ONLY,SINGLE_DOMAIN_PRIORITY,Relatively low structural stature is present without another supported major-domain anomaly.,"Cross-domain agreement represents internal corroboration. It does not prove that water status, biochemical change, disease, or another factor caused the structural condition."
201,201,1.0608702556414369,,,-0.0807280703669122,NO_ANOMALY,NOT_ASSESSABLE,NO_ABNORMALITY,WATER_STATUS_NOT_FULLY_ASSESSABLE,NOT_FULLY_ASSESSABLE,LIMITED,0.2726508920412269,0.8687952458205594,726.0495914744697,0.1791880664368648,1.479365016158673,3.748868185232,0.4935501134904827,False,False,False,NO_CONCORDANT_BIOCHEMICAL_DECLINE,NO_CONCORDANT_ANOMALY,1.9480625629425048,1.8753585815429688,1.4677751958370209,PASS,NO_LOW_STATURE_EVIDENCE,NONE,NO_LOW_STATURE_EVIDENCE,True,False,False,False,False,0,2,PARTIAL_2_OF_3,NO_SUPPORTED_MAJOR_DOMAIN_ANOMALY,DATA_LIMITED_REVIEW,"No supported major-domain anomaly is identified, but the assessment is incomplete or contains inconclusive evidence.","Cross-domain agreement represents internal corroboration. It does not prove that water status, biochemical change, disease, or another factor caused the structural condition."
203,203,1.0677921605929837,,,-0.0778118539938613,NO_ANOMALY,NOT_ASSESSABLE,NO_ABNORMALITY,WATER_STATUS_NOT_FULLY_ASSESSABLE,NOT_FULLY_ASSESSABLE,LIMITED,0.3884303964465894,1.3927623753384748,727.2306754547459,0.0648457522123964,1.1353561765682552,2.3746308427970484,0.6805185660257197,False,False,False,NO_CONCORDANT_BIOCHEMICAL_DECLINE,NO_CONCORDANT_ANOMALY,2.3625473260879515,2.239486694335937,0.5835062265396118,PASS,NO_LOW_STATURE_EVIDENCE,NONE,NO_LOW_STATURE_EVIDENCE,False,False,False,False,False,0,2,PARTIAL_2_OF_3,NO_SUPPORTED_MAJOR_DOMAIN_ANOMALY,DATA_LIMITED_REVIEW,"No supported major-domain anomaly is identified, but the assessment is incomplete or contains inconclusive evidence.","Cross-domain agreement represents internal corroboration. It does not prove that water status, biochemical change, disease, or another factor caused the structural condition."
204,204,0.9344219655161008,-0.093730619218541,0.1909812343614473,-0.0872651417476552,ANOMALOUS,ANOMALOUS_CONCORDANT,NO_ABNORMALITY,SUPPORTED_WATER_STATUS_ANOMALY,SUPPORTED_ANOMALY,HIGH,0.146893889863579,0.3553130930469441,724.298368120319,0.2950113755357591,1.888540156935151,4.285494373787594,0.2896941338583559,True,True,False,CONCORDANT_BIOCHEMICAL_DECLINE,SUPPORTED_ANOMALY,0.8311272263526905,1.5909881591796875,0.0938812941312789,WARN,LOW_STATURE_LAS_ONLY,SINGLE_MEASUREMENT,LOW_STATURE_LAS_ONLY,False,True,True,True,False,3,3,COMPLETE_3_OF_3,WATER_BIOCHEMICAL_STRUCTURE,HIGH_MULTI_DOMAIN_PRIORITY,Supported water-status anomaly and supported biochemical decline coincide with relatively low structural stature. Structural low-stature evidence is based on LAS H_P95 without raster-CHM corroboration.,"Cross-domain agreement represents internal corroboration. It does not prove that water status, biochemical change, disease, or another factor caused the structural condition."
205,205,0.9984338102081912,-0.4991491924420575,0.5310502621583857,-0.0743785470780258,NO_ANOMALY,NO_ANOMALY,NO_ABNORMALITY,NO_CONCORDANT_WATER_ANOMALY,NO_CONCORDANT_ANOMALY,HIGH,0.3269464526749394,1.0050559746628906,726.3948435103641,0.0916098377535841,1.1623010784974963,3.716625027788933,0.6112656252774906,False,False,False,NO_CONCORDANT_BIOCHEMICAL_DECLINE,NO_CONCORDANT_ANOMALY,1.6649845004081725,1.5073974609374998,0.8178545236587524,PASS,NO_LOW_STATURE_EVIDENCE,NONE,NO_LOW_STATURE_EVIDENCE,False,False,False,False,False,0,3,COMPLETE_3_OF_3,NO_SUPPORTED_MAJOR_DOMAIN_ANOMALY,NO_SUPPORTED_ANOMALY,No supported concordant anomaly evidence is identified across the assessed domains.,"Cross-domain agreement represents internal corroboration. It does not prove that water status, biochemical change, disease, or another factor caused the structural condition."
206,206,0.9847380339273868,-0.1381883521982079,0.2252289205800713,-0.0824407077596499,NO_ANOMALY,ANOMALOUS_CONCORDANT,NO_ABNORMALITY,ISOLATED_DIRECT_WATER_ANOMALY,SCREENING_ANOMALY,HIGH,0.2007686039317044,0.5315964000971954,726.6382461253252,0.2348412440783761,1.578684763442439,3.96312354060274,0.3612479838407842,False,False,False,NO_CONCORDANT_BIOCHEMICAL_DECLINE,NO_CONCORDANT_ANOMALY,0.8957472130656234,1.2599945068359375,0.0734229981899261,WARN,CORROBORATED_LOW_STRUCTURAL_STATURE,CORROBORATED,LOW_STATURE_CORROBORATED,False,False,False,True,True,1,3,COMPLETE_3_OF_3,STRUCTURE_ONLY,SINGLE_DOMAIN_PRIORITY,Relatively low structural stature is present without another supported major-domain anomaly.,"Cross-domain agreement represents internal corroboration. It does not prove that water status, biochemical change, disease, or another factor caused the structural condition."
209,209,1.1191296645629176,-0.4571659996717701,0.4938227429665495,-0.0822553954093945,NO_ANOMALY,NO_ANOMALY,NO_ABNORMALITY,NO_CONCORDANT_WATER_ANOMALY,NO_CONCORDANT_ANOMALY,HIGH,0.3277080347493331,1.065712144902511,726.3098765996035,0.1013448496645095,1.2172034194948895,3.9835494853851743,0.6070593338100202,False,False,False,NO_CONCORDANT_BIOCHEMICAL_DECLINE,NO_CONCORDANT_ANOMALY,2.039141499996185,1.8581008911132808,1.083897203207016,PASS,NO_LOW_STATURE_EVIDENCE,NONE,NO_LOW_STATURE_EVIDENCE,False,False,False,False,False,0,3,COMPLETE_3_OF_3,NO_SUPPORTED_MAJOR_DOMAIN_ANOMALY,NO_SUPPORTED_ANOMALY,No supported concordant anomaly evidence is identified across the assessed domains.,"Cross-domain agreement represents internal corroboration. It does not prove that water status, biochemical change, disease, or another factor caused the structural condition."
210,210,1.021717678569811,-0.5260290805560366,0.5613910221684035,-0.0889124999240064,NO_ANOMALY,NO_ANOMALY,NO_ABNORMALITY,NO_CONCORDANT_WATER_ANOMALY,NO_CONCORDANT_ANOMALY,HIGH,0.3494425106414985,1.1321449930283225,726.3942303056408,0.0813362291784717,1.1513782985561387,3.625173197505015,0.6551293519760963,False,False,False,NO_CONCORDANT_BIOCHEMICAL_DECLINE,NO_CONCORDANT_ANOMALY,2.20266695022583,2.026287841796875,0.3666929006576538,PASS,NO_LOW_STATURE_EVIDENCE,NONE,NO_LOW_STATURE_EVIDENCE,False,False,False,False,False,0,3,COMPLETE_3_OF_3,NO_SUPPORTED_MAJOR_DOMAIN_ANOMALY,NO_SUPPORTED_ANOMALY,No supported concordant anomaly evidence is identified across the assessed domains.,"Cross-domain agreement represents internal corroboration. It does not prove that water status, biochemical change, disease, or another factor caused the structural condition."
211,211,0.949662188725357,-0.3132081965519181,0.3816602092241731,-0.0928855047235197,ANOMALOUS,NO_ANOMALY,ABNORMAL,ISOLATED_DIRECT_WATER_ANOMALY,SCREENING_ANOMALY,HIGH,0.2640235835108024,0.801636072737051,726.8358450257911,0.2362547186292264,1.5036080560186482,6.608360985835619,0.4757961567855108,False,False,True,NO_CONCORDANT_BIOCHEMICAL_DECLINE,NO_CONCORDANT_ANOMALY,1.8061497330665583,1.6001968383789062,0.5616300702095032,PASS,NO_LOW_STATURE_EVIDENCE,NONE,NO_LOW_STATURE_EVIDENCE,False,False,False,False,False,0,3,COMPLETE_3_OF_3,NO_SUPPORTED_MAJOR_DOMAIN_ANOMALY,SCREENING_PRIORITY,"Screening-level spectral evidence is present, but no major domain reaches the supported multi-indicator condition.","Cross-domain agreement represents internal corroboration. It does not prove that water status, biochemical change, disease, or another factor caused the structural condition."
212,212,0.97887323941597,,,-0.0937909506022879,NO_ANOMALY,NOT_ASSESSABLE,ABNORMAL,WATER_STATUS_NOT_FULLY_ASSESSABLE,NOT_FULLY_ASSESSABLE,LIMITED,0.2032851857583024,0.5479828062305095,725.1030817365302,0.236699894722737,1.6043013963001922,4.123397371533073,0.3917055372378693,True,False,False,CHLOROPHYLL_RED_EDGE_ONLY,SCREENING_ANOMALY,1.8902117192745207,1.5322578430175782,1.1619935110211372,PASS,NO_LOW_STATURE_EVIDENCE,NONE,NO_LOW_STATURE_EVIDENCE,False,False,False,False,False,0,2,PARTIAL_2_OF_3,NO_SUPPORTED_MAJOR_DOMAIN_ANOMALY,SCREENING_PRIORITY,"Screening-level spectral evidence is present, but no major domain reaches the supported multi-indicator condition.","Cross-domain agreement represents internal corroboration. It does not prove that water status, biochemical change, disease, or another factor caused the structural condition."
213,213,1.075469640876446,,,-0.0798565188548315,NO_ANOMALY,NOT_ASSESSABLE,NO_ABNORMALITY,WATER_STATUS_NOT_FULLY_ASSESSABLE,NOT_FULLY_ASSESSABLE,LIMITED,0.4151586748887751,1.4935510146025288,727.0491067256286,0.0520063626615758,1.1003002694775157,2.370445042520313,0.7272812194577332,False,False,False,NO_CONCORDANT_BIOCHEMICAL_DECLINE,NO_CONCORDANT_ANOMALY,2.675241208076477,2.590304565429688,0.4730788469314575,PASS,NO_LOW_STATURE_EVIDENCE,NONE,NO_LOW_STATURE_EVIDENCE,False,False,False,False,False,0,2,PARTIAL_2_OF_3,NO_SUPPORTED_MAJOR_DOMAIN_ANOMALY,DATA_LIMITED_REVIEW,"No supported major-domain anomaly is identified, but the assessment is incomplete or contains inconclusive evidence.","Cross-domain agreement represents internal corroboration. It does not prove that water status, biochemical change, disease, or another factor caused the structural condition."
214,214,,,,,NOT_ASSESSABLE,NOT_ASSESSABLE,NOT_ASSESSABLE,WATER_STATUS_NOT_FULLY_ASSESSABLE,NOT_FULLY_ASSESSABLE,LIMITED,,,,,,,,False,False,False,NOT_FULLY_ASSESSABLE,NOT_FULLY_ASSESSABLE,2.916558599472046,2.8751983642578125,1.099554866552353,PASS,NO_LOW_STATURE_EVIDENCE,NONE,NO_LOW_STATURE_EVIDENCE,False,False,False,False,False,0,1,LIMITED_0_OR_1_OF_3,NO_SUPPORTED_MAJOR_DOMAIN_ANOMALY,DATA_LIMITED_REVIEW,"No supported major-domain anomaly is identified, but the assessment is incomplete or contains inconclusive evidence.","Cross-domain agreement represents internal corroboration. It does not prove that water status, biochemical change, disease, or another factor caused the structural condition."
215,215,1.0350647389908847,-0.2674168205770572,0.3390932708863374,-0.0818800886568069,NO_ANOMALY,NO_ANOMALY,NO_ABNORMALITY,NO_CONCORDANT_WATER_ANOMALY,NO_CONCORDANT_ANOMALY,HIGH,0.2672577237262238,0.7673576985020758,726.7920891803849,0.1653222866091865,1.3471977019988082,3.6771908067728662,0.4758739613715305,False,False,False,NO_CONCORDANT_BIOCHEMICAL_DECLINE,NO_CONCORDANT_ANOMALY,1.778295540809631,1.4250030517578125,0.6632443740963936,PASS,NO_LOW_STATURE_EVIDENCE,NONE,NO_LOW_STATURE_EVIDENCE,False,False,False,False,False,0,3,COMPLETE_3_OF_3,NO_SUPPORTED_MAJOR_DOMAIN_ANOMALY,NO_SUPPORTED_ANOMALY,No supported concordant anomaly evidence is identified across the assessed domains.,"Cross-domain agreement represents internal corroboration. It does not prove that water status, biochemical change, disease, or another factor caused the structural condition."
216,216,1.0259177430555038,,,-0.080044127199424,NO_ANOMALY,NOT_ASSESSABLE,NO_ABNORMALITY,WATER_STATUS_NOT_FULLY_ASSESSABLE,NOT_FULLY_ASSESSABLE,LIMITED,0.3907377125992249,1.411868128366781,727.7245199106192,0.0779985420938104,1.166414909089439,3.703269303071679,0.6791409483754995,False,False,False,NO_CONCORDANT_BIOCHEMICAL_DECLINE,NO_CONCORDANT_ANOMALY,2.350270795822144,2.4504928588867188,0.6451011896133423,PASS,NO_LOW_STATURE_EVIDENCE,NONE,NO_LOW_STATURE_EVIDENCE,False,False,False,False,False,0,2,PARTIAL_2_OF_3,NO_SUPPORTED_MAJOR_DOMAIN_ANOMALY,DATA_LIMITED_REVIEW,"No supported major-domain anomaly is identified, but the assessment is incomplete or contains inconclusive evidence.","Cross-domain agreement represents internal corroboration. It does not prove that water status, biochemical change, disease, or another factor caused the structural condition."
217,217,0.952770501387616,,,-0.0869262707136253,ANOMALOUS,NOT_ASSESSABLE,NO_ABNORMALITY,NOT_FULLY_ASSESSABLE_ISOLATED_ANOMALY,SCREENING_ANOMALY,LIMITED,0.1699834549128884,0.4241472731384039,724.6346428914528,0.2720576029785387,1.6843534971429546,5.019499102921209,0.3511077512547783,True,True,True,STRONG_CONCORDANT_BIOCHEMICAL_DECLINE,SUPPORTED_ANOMALY,0.5091544598340988,0.4099884033203125,0.0656185075640678,WARN,CORROBORATED_LOW_STRUCTURAL_STATURE,CORROBORATED,LOW_STATURE_CORROBORATED,False,False,True,True,True,2,2,PARTIAL_2_OF_3,BIOCHEMICAL_STRUCTURE_ONLY,MULTI_DOMAIN_PRIORITY,Supported biochemical decline coincides with relatively low structural stature; a supported water-status anomaly is not present.,"Cross-domain agreement represents internal corroboration. It does not prove that water status, biochemical change, disease, or another factor caused the structural condition."
218,218,1.0208661414542783,,,-0.0757675014233497,NO_ANOMALY,NOT_ASSESSABLE,NO_ABNORMALITY,WATER_STATUS_NOT_FULLY_ASSESSABLE,NOT_FULLY_ASSESSABLE,LIMITED,0.3592764290163862,1.1703405138688312,727.8606063646295,0.0837033853105867,1.1474401843651438,4.056118518188095,0.6436202654575355,False,False,False,NO_CONCORDANT_BIOCHEMICAL_DECLINE,NO_CONCORDANT_ANOMALY,1.998430466651916,1.800495147705078,0.2544916868209839,PASS,NO_LOW_STATURE_EVIDENCE,NONE,NO_LOW_STATURE_EVIDENCE,False,False,False,False,False,0,2,PARTIAL_2_OF_3,NO_SUPPORTED_MAJOR_DOMAIN_ANOMALY,DATA_LIMITED_REVIEW,"No supported major-domain anomaly is identified, but the assessment is incomplete or contains inconclusive evidence.","Cross-domain agreement represents internal corroboration. It does not prove that water status, biochemical change, disease, or another factor caused the structural condition."
219,219,1.0128431720227589,,,-0.0747504133296391,NO_ANOMALY,NOT_ASSESSABLE,NO_ABNORMALITY,WATER_STATUS_NOT_FULLY_ASSESSABLE,NOT_FULLY_ASSESSABLE,LIMITED,0.3537605592533477,1.2554893356589687,727.1321428469913,0.1194432809790786,1.304447255850358,3.800492789520675,0.6102326598542149,False,False,False,NO_CONCORDANT_BIOCHEMICAL_DECLINE,NO_CONCORDANT_ANOMALY,2.8049484014511106,2.892396545410156,2.2114305794239044,PASS,NO_LOW_STATURE_EVIDENCE,NONE,NO_LOW_STATURE_EVIDENCE,True,False,False,False,False,0,2,PARTIAL_2_OF_3,NO_SUPPORTED_MAJOR_DOMAIN_ANOMALY,DATA_LIMITED_REVIEW,"No supported major-domain anomaly is identified, but the assessment is incomplete or contains inconclusive evidence.","Cross-domain agreement represents internal corroboration. It does not prove that water status, biochemical change, disease, or another factor caused the structural condition."
220,220,,,,,NOT_ASSESSABLE,NOT_ASSESSABLE,NOT_ASSESSABLE,WATER_STATUS_NOT_FULLY_ASSESSABLE,NOT_FULLY_ASSESSABLE,LIMITED,,,,,,,,False,False,False,NOT_FULLY_ASSESSABLE,NOT_FULLY_ASSESSABLE,1.4327649772167206,1.1259918212890625,0.8489659503102303,PASS,CORROBORATED_LOW_STRUCTURAL_STATURE,CORROBORATED,LOW_STATURE_CORROBORATED,False,False,False,True,True,1,1,LIMITED_0_OR_1_OF_3,STRUCTURE_ONLY,SINGLE_DOMAIN_PRIORITY,Relatively low structural stature is present without another supported major-domain anomaly.,"Cross-domain agreement represents internal corroboration. It does not prove that water status, biochemical change, disease, or another factor caused the structural condition."
221,221,1.0289403635546366,,,-0.0957804444542897,NO_ANOMALY,NOT_ASSESSABLE,ABNORMAL,WATER_STATUS_NOT_FULLY_ASSESSABLE,NOT_FULLY_ASSESSABLE,LIMITED,0.2413994952183515,0.7207155202417754,724.8065904035456,0.2041073302630264,1.5551111147715575,3.816234423045602,0.4674777820823029,False,False,False,NO_CONCORDANT_BIOCHEMICAL_DECLINE,NO_CONCORDANT_ANOMALY,2.8694825768470764,2.7391983032226563,1.9157214909791944,PASS,NO_LOW_STATURE_EVIDENCE,NONE,NO_LOW_STATURE_EVIDENCE,True,False,False,False,False,0,2,PARTIAL_2_OF_3,NO_SUPPORTED_MAJOR_DOMAIN_ANOMALY,DATA_LIMITED_REVIEW,"No supported major-domain anomaly is identified, but the assessment is incomplete or contains inconclusive evidence.","Cross-domain agreement represents internal corroboration. It does not prove that water status, biochemical change, disease, or another factor caused the structural condition."
222,222,1.0076478074330784,-0.3579867516891405,0.4215772810822576,-0.0849319580590966,NO_ANOMALY,NO_ANOMALY,NO_ABNORMALITY,NO_CONCORDANT_WATER_ANOMALY,NO_CONCORDANT_ANOMALY,HIGH,0.2682771387025086,0.7691453078096302,726.5216504588832,0.1806571057747963,1.3373480305328176,6.240814407342787,0.5180241126053391,False,False,True,NO_CONCORDANT_BIOCHEMICAL_DECLINE,NO_CONCORDANT_ANOMALY,2.309758186340332,2.11560287475586,1.6976385116577148,PASS,NO_LOW_STATURE_EVIDENCE,NONE,NO_LOW_STATURE_EVIDENCE,True,False,False,False,False,0,3,COMPLETE_3_OF_3,NO_SUPPORTED_MAJOR_DOMAIN_ANOMALY,NO_SUPPORTED_ANOMALY,No supported concordant anomaly evidence is identified across the assessed domains.,"Cross-domain agreement represents internal corroboration. It does not prove that water status, biochemical change, disease, or another factor caused the structural condition."
223,223,1.0285854110316994,-0.2786284452126613,0.3408478828414407,-0.0963595474584363,NO_ANOMALY,NO_ANOMALY,ABNORMAL,NO_CONCORDANT_WATER_ANOMALY,NO_CONCORDANT_ANOMALY,HIGH,0.2198521397446923,0.6283544532491054,724.7542523134723,0.2185044635638922,1.5853119547296308,3.742318336498824,0.4346895777759435,False,False,False,NO_CONCORDANT_BIOCHEMICAL_DECLINE,NO_CONCORDANT_ANOMALY,2.3497092366218566,2.342194366455078,1.7708022445440292,PASS,NO_LOW_STATURE_EVIDENCE,NONE,NO_LOW_STATURE_EVIDENCE,True,False,False,False,False,0,3,COMPLETE_3_OF_3,NO_SUPPORTED_MAJOR_DOMAIN_ANOMALY,NO_SUPPORTED_ANOMALY,No supported concordant anomaly evidence is identified across the assessed domains.,"Cross-domain agreement represents internal corroboration. It does not prove that water status, biochemical change, disease, or another factor caused the structural condition."
226,226,0.992538366219942,,,-0.0752896769286464,NO_ANOMALY,NOT_ASSESSABLE,NO_ABNORMALITY,WATER_STATUS_NOT_FULLY_ASSESSABLE,NOT_FULLY_ASSESSABLE,LIMITED,0.3683270211600608,1.2146701832152482,728.332479325456,0.1101645384249425,1.1660835004030885,5.64047030787756,0.6296635289425062,False,False,True,NO_CONCORDANT_BIOCHEMICAL_DECLINE,NO_CONCORDANT_ANOMALY,2.490711510181427,2.410095977783203,0.2124719023704528,PASS,NO_LOW_STATURE_EVIDENCE,NONE,NO_LOW_STATURE_EVIDENCE,False,False,False,False,False,0,2,PARTIAL_2_OF_3,NO_SUPPORTED_MAJOR_DOMAIN_ANOMALY,DATA_LIMITED_REVIEW,"No supported major-domain anomaly is identified, but the assessment is incomplete or contains inconclusive evidence.","Cross-domain agreement represents internal corroboration. It does not prove that water status, biochemical change, disease, or another factor caused the structural condition."
227,227,0.9799541707216204,-0.2434534868807153,0.3238632012107115,-0.0865306597695607,NO_ANOMALY,NO_ANOMALY,NO_ABNORMALITY,NO_CONCORDANT_WATER_ANOMALY,NO_CONCORDANT_ANOMALY,HIGH,0.2162221595670155,0.5883479145891652,725.3611601950818,0.2103275077981401,1.5072766016148431,3.668149026336045,0.4130300378495651,False,False,False,NO_CONCORDANT_BIOCHEMICAL_DECLINE,NO_CONCORDANT_ANOMALY,2.5453676939010617,2.288395690917969,1.2017450481653214,PASS,NO_LOW_STATURE_EVIDENCE,NONE,NO_LOW_STATURE_EVIDENCE,False,False,False,False,False,0,3,COMPLETE_3_OF_3,NO_SUPPORTED_MAJOR_DOMAIN_ANOMALY,NO_SUPPORTED_ANOMALY,No supported concordant anomaly evidence is identified across the assessed domains.,"Cross-domain agreement represents internal corroboration. It does not prove that water status, biochemical change, disease, or another factor caused the structural condition."
228,228,0.9679685760148016,,,-0.0697707838156855,ANOMALOUS,NOT_ASSESSABLE,NO_ABNORMALITY,NOT_FULLY_ASSESSABLE_ISOLATED_ANOMALY,SCREENING_ANOMALY,LIMITED,0.3179565553470329,1.010133518060318,727.6150594664048,0.1248585771782021,1.2561139417711675,5.009602210467389,0.5583623296389375,False,False,True,NO_CONCORDANT_BIOCHEMICAL_DECLINE,NO_CONCORDANT_ANOMALY,1.5554219484329224,1.530499267578125,0.611232578754425,PASS,LOW_STATURE_LAS_ONLY,SINGLE_MEASUREMENT,LOW_STATURE_LAS_ONLY,False,False,False,True,False,1,2,PARTIAL_2_OF_3,STRUCTURE_ONLY,SINGLE_DOMAIN_PRIORITY,Relatively low structural stature is present without another supported major-domain anomaly. Structural low-stature evidence is based on LAS H_P95 without raster-CHM corroboration.,"Cross-domain agreement represents internal corroboration. It does not prove that water status, biochemical change, disease, or another factor caused the structural condition."
229,229,0.907294054870532,,,-0.0692167852982977,ANOMALOUS,NOT_ASSESSABLE,NO_ABNORMALITY,NOT_FULLY_ASSESSABLE_ISOLATED_ANOMALY,SCREENING_ANOMALY,LIMITED,0.3398184102010373,1.163988065354982,727.7745229897407,0.1222405787976025,1.254914651454484,6.169186261248069,0.5925931406669537,False,False,True,NO_CONCORDANT_BIOCHEMICAL_DECLINE,NO_CONCORDANT_ANOMALY,1.7226309776306152,1.68800048828125,0.3300326466560364,PASS,NO_LOW_STATURE_EVIDENCE,NONE,NO_LOW_STATURE_EVIDENCE,False,False,False,False,False,0,2,PARTIAL_2_OF_3,NO_SUPPORTED_MAJOR_DOMAIN_ANOMALY,SCREENING_PRIORITY,"Screening-level spectral evidence is present, but no major domain reaches the supported multi-indicator condition.","Cross-domain agreement represents internal corroboration. It does not prove that water status, biochemical change, disease, or another factor caused the structural condition."
230,230,0.9780581745028392,-0.3701195046828472,0.4370028054953404,-0.0887840392140749,ANOMALOUS,NO_ANOMALY,NO_ABNORMALITY,ISOLATED_DIRECT_WATER_ANOMALY,SCREENING_ANOMALY,HIGH,0.3335472600967692,1.04652148377147,727.2621409233221,0.1396401005858435,1.2113026230605064,6.690473299549282,0.5971064705971487,False,False,True,NO_CONCORDANT_BIOCHEMICAL_DECLINE,NO_CONCORDANT_ANOMALY,1.8730706810951232,1.61298828125,0.3697407841682434,PASS,NO_LOW_STATURE_EVIDENCE,NONE,NO_LOW_STATURE_EVIDENCE,False,False,False,False,False,0,3,COMPLETE_3_OF_3,NO_SUPPORTED_MAJOR_DOMAIN_ANOMALY,SCREENING_PRIORITY,"Screening-level spectral evidence is present, but no major domain reaches the supported multi-indicator condition.","Cross-domain agreement represents internal corroboration. It does not prove that water status, biochemical change, disease, or another factor caused the structural condition."
231,231,,,,,NOT_ASSESSABLE,NOT_ASSESSABLE,NOT_ASSESSABLE,WATER_STATUS_NOT_FULLY_ASSESSABLE,NOT_FULLY_ASSESSABLE,LIMITED,,,,,,,,False,False,False,NOT_FULLY_ASSESSABLE,NOT_FULLY_ASSESSABLE,1.7237261533737185,1.6693420410156248,1.1909879297018051,PASS,NO_LOW_STATURE_EVIDENCE,NONE,NO_LOW_STATURE_EVIDENCE,False,False,False,False,False,0,1,LIMITED_0_OR_1_OF_3,NO_SUPPORTED_MAJOR_DOMAIN_ANOMALY,DATA_LIMITED_REVIEW,"No supported major-domain anomaly is identified, but the assessment is incomplete or contains inconclusive evidence.","Cross-domain agreement represents internal corroboration. It does not prove that water status, biochemical change, disease, or another factor caused the structural condition."
233,233,0.9920802539315688,-0.3049422683148335,,-0.088110633390966,NO_ANOMALY,NOT_ASSESSABLE,NO_ABNORMALITY,WATER_STATUS_NOT_FULLY_ASSESSABLE,NOT_FULLY_ASSESSABLE,LIMITED,0.2631600304562022,0.8599501388440138,725.5416499278975,0.1983975145837291,1.6270295057274862,4.100511033730662,0.4840242218626207,False,False,False,NO_CONCORDANT_BIOCHEMICAL_DECLINE,NO_CONCORDANT_ANOMALY,2.180864286422729,2.086004638671875,1.735429674386978,PASS,NO_LOW_STATURE_EVIDENCE,NONE,NO_LOW_STATURE_EVIDENCE,True,False,False,False,False,0,2,PARTIAL_2_OF_3,NO_SUPPORTED_MAJOR_DOMAIN_ANOMALY,DATA_LIMITED_REVIEW,"No supported major-domain anomaly is identified, but the assessment is incomplete or contains inconclusive evidence.","Cross-domain agreement represents internal corroboration. It does not prove that water status, biochemical change, disease, or another factor caused the structural condition."
234,234,1.0244972129243064,-0.1428446635110684,0.2451250777486248,-0.0856388867154039,NO_ANOMALY,ANOMALOUS_CONCORDANT,NO_ABNORMALITY,ISOLATED_DIRECT_WATER_ANOMALY,SCREENING_ANOMALY,HIGH,0.1590315747814428,0.4004787129561898,724.8386944159491,0.2750955665926511,1.791365978461807,4.18015702455182,0.323073965374594,True,True,False,CONCORDANT_BIOCHEMICAL_DECLINE,SUPPORTED_ANOMALY,1.9718733429908752,1.7297012329101562,0.4019951224327087,WARN,NO_LOW_STATURE_EVIDENCE,NONE,NO_LOW_STATURE_EVIDENCE,False,False,True,False,False,1,3,COMPLETE_3_OF_3,BIOCHEMICAL_ONLY,SINGLE_DOMAIN_PRIORITY,Supported biochemical decline is present without another supported major-domain signal.,"Cross-domain agreement represents internal corroboration. It does not prove that water status, biochemical change, disease, or another factor caused the structural condition."
235,235,0.9793847099203372,-0.1419070563132079,0.2271501859340814,-0.0955888363531226,NO_ANOMALY,ANOMALOUS_CONCORDANT,ABNORMAL,ISOLATED_DIRECT_WATER_ANOMALY,SCREENING_ANOMALY,HIGH,0.1438106036824831,0.3534247331979464,723.7957892624486,0.3094420339715409,1.9124259890484288,4.173909052225054,0.298543853852708,True,True,False,CONCORDANT_BIOCHEMICAL_DECLINE,SUPPORTED_ANOMALY,1.2818124890327454,1.9628402709960937,0.0732625499367713,WARN,LOW_STATURE_LAS_ONLY,SINGLE_MEASUREMENT,LOW_STATURE_LAS_ONLY,False,False,True,True,False,2,3,COMPLETE_3_OF_3,BIOCHEMICAL_STRUCTURE_ONLY,MULTI_DOMAIN_PRIORITY,Supported biochemical decline coincides with relatively low structural stature; a supported water-status anomaly is not present. Structural low-stature evidence is based on LAS H_P95 without raster-CHM corroboration.,"Cross-domain agreement represents internal corroboration. It does not prove that water status, biochemical change, disease, or another factor caused the structural condition."
236,236,0.984708461124528,,,-0.092669214179288,NO_ANOMALY,NOT_ASSESSABLE,ABNORMAL,WATER_STATUS_NOT_FULLY_ASSESSABLE,NOT_FULLY_ASSESSABLE,LIMITED,0.2315892228444578,0.7170251393263181,725.7586577509396,0.2169014937180381,1.7557542985917478,3.86356700417723,0.4555982964047633,False,False,False,NO_CONCORDANT_BIOCHEMICAL_DECLINE,NO_CONCORDANT_ANOMALY,2.470577979087828,2.036096954345703,1.7256677076220512,PASS,NO_LOW_STATURE_EVIDENCE,NONE,NO_LOW_STATURE_EVIDENCE,True,False,False,False,False,0,2,PARTIAL_2_OF_3,NO_SUPPORTED_MAJOR_DOMAIN_ANOMALY,DATA_LIMITED_REVIEW,"No supported major-domain anomaly is identified, but the assessment is incomplete or contains inconclusive evidence.","Cross-domain agreement represents internal corroboration. It does not prove that water status, biochemical change, disease, or another factor caused the structural condition."
237,237,1.0496121720886318,,,-0.0770863295586769,NO_ANOMALY,NOT_ASSESSABLE,NO_ABNORMALITY,WATER_STATUS_NOT_FULLY_ASSESSABLE,NOT_FULLY_ASSESSABLE,LIMITED,0.3759742188667088,1.2552392679471134,727.6828085082643,0.0728206717213086,1.1291401232373,3.2564762330215595,0.6603980244205496,False,False,False,NO_CONCORDANT_BIOCHEMICAL_DECLINE,NO_CONCORDANT_ANOMALY,2.1773197174072263,2.083546447753906,0.6007046699523926,PASS,NO_LOW_STATURE_EVIDENCE,NONE,NO_LOW_STATURE_EVIDENCE,False,False,False,False,False,0,2,PARTIAL_2_OF_3,NO_SUPPORTED_MAJOR_DOMAIN_ANOMALY,DATA_LIMITED_REVIEW,"No supported major-domain anomaly is identified, but the assessment is incomplete or contains inconclusive evidence.","Cross-domain agreement represents internal corroboration. It does not prove that water status, biochemical change, disease, or another factor caused the structural condition."
238,238,0.9976083080130862,-0.2113859603716512,0.2784519280980585,-0.0983355416689968,NO_ANOMALY,NO_ANOMALY,ABNORMAL,NO_CONCORDANT_WATER_ANOMALY,NO_CONCORDANT_ANOMALY,HIGH,0.1750338571520125,0.460945146231243,724.6150965505973,0.2680700578958858,1.7642924535900455,4.326714636303915,0.3583505985864286,True,True,False,CONCORDANT_BIOCHEMICAL_DECLINE,SUPPORTED_ANOMALY,2.253813505172729,1.7459869384765625,1.631868839263916,PASS,NO_LOW_STATURE_EVIDENCE,NONE,NO_LOW_STATURE_EVIDENCE,True,False,True,False,False,1,3,COMPLETE_3_OF_3,BIOCHEMICAL_ONLY,SINGLE_DOMAIN_PRIORITY,Supported biochemical decline is present without another supported major-domain signal.,"Cross-domain agreement represents internal corroboration. It does not prove that water status, biochemical change, disease, or another factor caused the structural condition."
239,239,1.0281382019490437,-0.4057016877903249,0.4516471705365758,-0.0744394515920646,NO_ANOMALY,NO_ANOMALY,NO_ABNORMALITY,NO_CONCORDANT_WATER_ANOMALY,NO_CONCORDANT_ANOMALY,HIGH,0.3327313808518359,1.074586398087269,727.6712514035789,0.1143562110836089,1.2248673487380408,3.935039098014398,0.5809547547929714,False,False,False,NO_CONCORDANT_BIOCHEMICAL_DECLINE,NO_CONCORDANT_ANOMALY,1.5394510626792908,1.5205978393554689,0.8354881629347801,PASS,LOW_STATURE_LAS_ONLY,SINGLE_MEASUREMENT,LOW_STATURE_LAS_ONLY,False,False,False,True,False,1,3,COMPLETE_3_OF_3,STRUCTURE_ONLY,SINGLE_DOMAIN_PRIORITY,Relatively low structural stature is present without another supported major-domain anomaly. Structural low-stature evidence is based on LAS H_P95 without raster-CHM corroboration.,"Cross-domain agreement represents internal corroboration. It does not prove that water status, biochemical change, disease, or another factor caused the structural condition."
240,240,1.030113230162832,-0.3974906238963884,0.427967620654853,-0.0823197871155919,NO_ANOMALY,NO_ANOMALY,NO_ABNORMALITY,NO_CONCORDANT_WATER_ANOMALY,NO_CONCORDANT_ANOMALY,HIGH,0.3132425383414441,1.1148813972512006,727.1193762097587,0.1651877712217438,1.486955589868768,4.057340043889375,0.5429998258466172,False,False,False,NO_CONCORDANT_BIOCHEMICAL_DECLINE,NO_CONCORDANT_ANOMALY,2.930509746074676,2.2967529296875,2.016921482980252,PASS,NO_LOW_STATURE_EVIDENCE,NONE,NO_LOW_STATURE_EVIDENCE,True,False,False,False,False,0,3,COMPLETE_3_OF_3,NO_SUPPORTED_MAJOR_DOMAIN_ANOMALY,NO_SUPPORTED_ANOMALY,No supported concordant anomaly evidence is identified across the assessed domains.,"Cross-domain agreement represents internal corroboration. It does not prove that water status, biochemical change, disease, or another factor caused the structural condition."
241,241,1.0750125767937773,-0.5310750733222006,0.5700529407160295,-0.0761877744634038,NO_ANOMALY,NO_ANOMALY,NO_ABNORMALITY,NO_CONCORDANT_WATER_ANOMALY,NO_CONCORDANT_ANOMALY,HIGH,0.3676274770258567,1.200246521554626,728.5372143866002,0.0899882645398489,1.1570480577151998,3.795089350181435,0.6197416799694362,False,False,False,NO_CONCORDANT_BIOCHEMICAL_DECLINE,NO_CONCORDANT_ANOMALY,2.2907050132751463,2.330045318603516,0.5594784915447235,PASS,NO_LOW_STATURE_EVIDENCE,NONE,NO_LOW_STATURE_EVIDENCE,False,False,False,False,False,0,3,COMPLETE_3_OF_3,NO_SUPPORTED_MAJOR_DOMAIN_ANOMALY,NO_SUPPORTED_ANOMALY,No supported concordant anomaly evidence is identified across the assessed domains.,"Cross-domain agreement represents internal corroboration. It does not prove that water status, biochemical change, disease, or another factor caused the structural condition."
242,242,1.0015915067275034,-0.2984278188956213,0.3638436256185538,-0.0893156806146495,NO_ANOMALY,NO_ANOMALY,ABNORMAL,NO_CONCORDANT_WATER_ANOMALY,NO_CONCORDANT_ANOMALY,HIGH,0.2553418182651172,0.7693619455847558,725.3860433624711,0.1903496316780384,1.4774217440519948,3.4874709265980046,0.4658059895378044,False,False,False,NO_CONCORDANT_BIOCHEMICAL_DECLINE,NO_CONCORDANT_ANOMALY,2.0721357107162475,1.6506423950195312,1.3995040655136108,PASS,NO_LOW_STATURE_EVIDENCE,NONE,NO_LOW_STATURE_EVIDENCE,True,False,False,False,False,0,3,COMPLETE_3_OF_3,NO_SUPPORTED_MAJOR_DOMAIN_ANOMALY,NO_SUPPORTED_ANOMALY,No supported concordant anomaly evidence is identified across the assessed domains.,"Cross-domain agreement represents internal corroboration. It does not prove that water status, biochemical change, disease, or another factor caused the structural condition."
243,243,,,,,NOT_ASSESSABLE,NOT_ASSESSABLE,NOT_ASSESSABLE,WATER_STATUS_NOT_FULLY_ASSESSABLE,NOT_FULLY_ASSESSABLE,LIMITED,,,,,,,,False,False,False,NOT_FULLY_ASSESSABLE,NOT_FULLY_ASSESSABLE,1.5731374382972716,1.3209930419921876,0.5457810163497925,PASS,CORROBORATED_LOW_STRUCTURAL_STATURE,CORROBORATED,LOW_STATURE_CORROBORATED,False,False,False,True,True,1,1,LIMITED_0_OR_1_OF_3,STRUCTURE_ONLY,SINGLE_DOMAIN_PRIORITY,Relatively low structural stature is present without another supported major-domain anomaly.,"Cross-domain agreement represents internal corroboration. It does not prove that water status, biochemical change, disease, or another factor caused the structural condition."
244,244,0.9650530993595025,,,-0.0897473509838343,ANOMALOUS,NOT_ASSESSABLE,ABNORMAL,NOT_FULLY_ASSESSABLE_ISOLATED_ANOMALY,SCREENING_ANOMALY,LIMITED,0.2066208492031765,0.5771442159898709,723.959764447578,0.2164923907452667,1.6158700593697697,4.125191550239458,0.4362401345767187,False,False,False,NO_CONCORDANT_BIOCHEMICAL_DECLINE,NO_CONCORDANT_ANOMALY,2.217064952850341,2.265345764160156,1.6829710602760315,PASS,NO_LOW_STATURE_EVIDENCE,NONE,NO_LOW_STATURE_EVIDENCE,True,False,False,False,False,0,2,PARTIAL_2_OF_3,NO_SUPPORTED_MAJOR_DOMAIN_ANOMALY,SCREENING_PRIORITY,"Screening-level spectral evidence is present, but no major domain reaches the supported multi-indicator condition.","Cross-domain agreement represents internal corroboration. It does not prove that water status, biochemical change, disease, or another factor caused the structural condition."
245,245,0.9582345242535092,-0.2191984555930728,0.2563833577713017,-0.1026445835451045,ANOMALOUS,NO_ANOMALY,ABNORMAL,ISOLATED_DIRECT_WATER_ANOMALY,SCREENING_ANOMALY,MODERATE,0.211304242751724,0.6347863637407953,725.0898181954351,0.2451632480472985,1.6949284328971417,4.150938288820095,0.4199165939428969,False,True,False,SENESCENCE_PIGMENT_ONLY,SCREENING_ANOMALY,2.296722388267517,1.9853073120117184,1.590331807732582,PASS,NO_LOW_STATURE_EVIDENCE,NONE,NO_LOW_STATURE_EVIDENCE,True,False,False,False,False,0,3,COMPLETE_3_OF_3,NO_SUPPORTED_MAJOR_DOMAIN_ANOMALY,SCREENING_PRIORITY,"Screening-level spectral evidence is present, but no major domain reaches the supported multi-indicator condition.","Cross-domain agreement represents internal corroboration. It does not prove that water status, biochemical change, disease, or another factor caused the structural condition."
246,246,1.0273943782215855,-0.5203908381288246,0.5534245803397564,-0.0752058523231529,NO_ANOMALY,NO_ANOMALY,NO_ABNORMALITY,NO_CONCORDANT_WATER_ANOMALY,NO_CONCORDANT_ANOMALY,HIGH,0.4018120844188636,1.4536215788506035,728.3665910612303,0.0738956252786388,1.1376214828967008,3.605400216075072,0.6640140951641924,False,False,False,NO_CONCORDANT_BIOCHEMICAL_DECLINE,NO_CONCORDANT_ANOMALY,2.2934061884880066,2.24500732421875,0.7720776796340942,PASS,NO_LOW_STATURE_EVIDENCE,NONE,NO_LOW_STATURE_EVIDENCE,False,False,False,False,False,0,3,COMPLETE_3_OF_3,NO_SUPPORTED_MAJOR_DOMAIN_ANOMALY,NO_SUPPORTED_ANOMALY,No supported concordant anomaly evidence is identified across the assessed domains.,"Cross-domain agreement represents internal corroboration. It does not prove that water status, biochemical change, disease, or another factor caused the structural condition."
247,247,0.935793977378832,-0.0529441657966489,0.141501544218165,-0.0997014099751679,ANOMALOUS,ANOMALOUS_CONCORDANT,ABNORMAL,STRONG_INTERNAL_WATER_EVIDENCE,SUPPORTED_ANOMALY,HIGH,0.1010112305153046,0.2328459144315386,723.6917921872227,0.3591695561708953,2.305779258748524,4.242762480725724,0.2310166551913939,True,True,False,CONCORDANT_BIOCHEMICAL_DECLINE,SUPPORTED_ANOMALY,1.2149663269519806,0.3470001220703125,0.0786446705460548,WARN,CORROBORATED_LOW_STRUCTURAL_STATURE,CORROBORATED,LOW_STATURE_CORROBORATED,False,True,True,True,True,3,3,COMPLETE_3_OF_3,WATER_BIOCHEMICAL_STRUCTURE,HIGH_MULTI_DOMAIN_PRIORITY,Supported water-status anomaly and supported biochemical decline coincide with relatively low structural stature.,"Cross-domain agreement represents internal corroboration. It does not prove that water status, biochemical change, disease, or another factor caused the structural condition."
248,248,,,,,NOT_ASSESSABLE,NOT_ASSESSABLE,NOT_ASSESSABLE,WATER_STATUS_NOT_FULLY_ASSESSABLE,NOT_FULLY_ASSESSABLE,LIMITED,,,,,,,,False,False,False,NOT_FULLY_ASSESSABLE,NOT_FULLY_ASSESSABLE,1.4937956869602196,1.0039825439453125,0.7916651219129562,WARN,CORROBORATED_LOW_STRUCTURAL_STATURE,CORROBORATED,LOW_STATURE_CORROBORATED,False,False,False,True,True,1,1,LIMITED_0_OR_1_OF_3,STRUCTURE_ONLY,SINGLE_DOMAIN_PRIORITY,Relatively low structural stature is present without another supported major-domain anomaly.,"Cross-domain agreement represents internal corroboration. It does not prove that water status, biochemical change, disease, or another factor caused the structural condition."
249,249,1.072119255519931,-0.4654809092893374,0.5133163634717017,-0.0737809092646955,NO_ANOMALY,NO_ANOMALY,NO_ABNORMALITY,NO_CONCORDANT_WATER_ANOMALY,NO_CONCORDANT_ANOMALY,HIGH,0.3945088469500772,1.4365854808018226,727.966902721128,0.091568884136881,1.1875730777565972,3.472663350904593,0.6444241131076779,False,False,False,NO_CONCORDANT_BIOCHEMICAL_DECLINE,NO_CONCORDANT_ANOMALY,2.6092032551765447,2.9071952819824216,0.820409506559372,PASS,NO_LOW_STATURE_EVIDENCE,NONE,NO_LOW_STATURE_EVIDENCE,False,False,False,False,False,0,3,COMPLETE_3_OF_3,NO_SUPPORTED_MAJOR_DOMAIN_ANOMALY,NO_SUPPORTED_ANOMALY,No supported concordant anomaly evidence is identified across the assessed domains.,"Cross-domain agreement represents internal corroboration. It does not prove that water status, biochemical change, disease, or another factor caused the structural condition."
250,250,1.0262693155980798,-0.4785489859803493,0.5095197098834952,-0.0760789881261406,NO_ANOMALY,NO_ANOMALY,NO_ABNORMALITY,NO_CONCORDANT_WATER_ANOMALY,NO_CONCORDANT_ANOMALY,HIGH,0.3555517778027213,1.1877861710494573,727.3815827607524,0.0792956296859055,1.1466668405183265,4.374377462321268,0.6369329860042338,False,False,False,NO_CONCORDANT_BIOCHEMICAL_DECLINE,NO_CONCORDANT_ANOMALY,2.0111448764801025,1.6741973876953125,1.0930791795253754,PASS,NO_LOW_STATURE_EVIDENCE,NONE,NO_LOW_STATURE_EVIDENCE,False,False,False,False,False,0,3,COMPLETE_3_OF_3,NO_SUPPORTED_MAJOR_DOMAIN_ANOMALY,NO_SUPPORTED_ANOMALY,No supported concordant anomaly evidence is identified across the assessed domains.,"Cross-domain agreement represents internal corroboration. It does not prove that water status, biochemical change, disease, or another factor caused the structural condition."
251,251,0.971184038216777,,,-0.0870867143817447,ANOMALOUS,NOT_ASSESSABLE,NO_ABNORMALITY,NOT_FULLY_ASSESSABLE_ISOLATED_ANOMALY,SCREENING_ANOMALY,LIMITED,0.143817881867514,0.3472450820752132,724.2380905810699,0.2666617699306642,1.7412727339768117,3.713144581259033,0.3193353733318042,True,True,False,CONCORDANT_BIOCHEMICAL_DECLINE,SUPPORTED_ANOMALY,2.049546241760254,1.75,1.0985089093446732,WARN,NO_LOW_STATURE_EVIDENCE,NONE,NO_LOW_STATURE_EVIDENCE,False,False,True,False,False,1,2,PARTIAL_2_OF_3,BIOCHEMICAL_ONLY,SINGLE_DOMAIN_PRIORITY,Supported biochemical decline is present without another supported major-domain signal.,"Cross-domain agreement represents internal corroboration. It does not prove that water status, biochemical change, disease, or another factor caused the structural condition."
252,252,,-0.2592021271781193,0.3220145577081211,,NOT_ASSESSABLE,NO_ANOMALY,NOT_ASSESSABLE,WATER_STATUS_NOT_FULLY_ASSESSABLE,NOT_FULLY_ASSESSABLE,LIMITED,,,,,,,,False,False,False,NOT_FULLY_ASSESSABLE,NOT_FULLY_ASSESSABLE,2.2886690139770507,2.092537689208984,1.2650350332260132,PASS,NO_LOW_STATURE_EVIDENCE,NONE,NO_LOW_STATURE_EVIDENCE,False,False,False,False,False,0,1,LIMITED_0_OR_1_OF_3,NO_SUPPORTED_MAJOR_DOMAIN_ANOMALY,DATA_LIMITED_REVIEW,"No supported major-domain anomaly is identified, but the assessment is incomplete or contains inconclusive evidence.","Cross-domain agreement represents internal corroboration. It does not prove that water status, biochemical change, disease, or another factor caused the structural condition."
253,253,1.0114891394080934,-0.2671570768313642,0.3258032157172136,-0.0931691767027668,NO_ANOMALY,NO_ANOMALY,ABNORMAL,NO_CONCORDANT_WATER_ANOMALY,NO_CONCORDANT_ANOMALY,HIGH,0.2268989015804332,0.6546396867048053,725.6307031054918,0.2175799733476115,1.5715580741974473,4.509749259552608,0.4284938268545366,False,False,True,NO_CONCORDANT_BIOCHEMICAL_DECLINE,NO_CONCORDANT_ANOMALY,2.035980224609375,1.9438438415527344,1.4650257602334025,PASS,NO_LOW_STATURE_EVIDENCE,NONE,NO_LOW_STATURE_EVIDENCE,True,False,False,False,False,0,3,COMPLETE_3_OF_3,NO_SUPPORTED_MAJOR_DOMAIN_ANOMALY,NO_SUPPORTED_ANOMALY,No supported concordant anomaly evidence is identified across the assessed domains.,"Cross-domain agreement represents internal corroboration. It does not prove that water status, biochemical change, disease, or another factor caused the structural condition."
254,254,1.0003993481727922,-0.4111375705423065,0.4592270039899447,-0.0820433753148842,NO_ANOMALY,NO_ANOMALY,NO_ABNORMALITY,NO_CONCORDANT_WATER_ANOMALY,NO_CONCORDANT_ANOMALY,HIGH,0.2996961579596833,0.9671161281506307,726.121605323857,0.1434620260629907,1.368535626913146,4.231221190178049,0.5600449359415154,False,False,False,NO_CONCORDANT_BIOCHEMICAL_DECLINE,NO_CONCORDANT_ANOMALY,2.393101239204406,2.2643463134765627,1.7508375123143196,PASS,NO_LOW_STATURE_EVIDENCE,NONE,NO_LOW_STATURE_EVIDENCE,True,False,False,False,False,0,3,COMPLETE_3_OF_3,NO_SUPPORTED_MAJOR_DOMAIN_ANOMALY,NO_SUPPORTED_ANOMALY,No supported concordant anomaly evidence is identified across the assessed domains.,"Cross-domain agreement represents internal corroboration. It does not prove that water status, biochemical change, disease, or another factor caused the structural condition."
255,255,0.9569059494636668,,,-0.0685929499835639,ANOMALOUS,NOT_ASSESSABLE,NO_ABNORMALITY,NOT_FULLY_ASSESSABLE_ISOLATED_ANOMALY,SCREENING_ANOMALY,LIMITED,0.3427044839175586,1.1196417991208163,727.0490351405377,0.1030640340337508,1.2219561536894925,5.043117177884323,0.5935984243240893,False,False,True,NO_CONCORDANT_BIOCHEMICAL_DECLINE,NO_CONCORDANT_ANOMALY,2.3067516803741457,2.2179946899414062,1.35227170586586,PASS,NO_LOW_STATURE_EVIDENCE,NONE,NO_LOW_STATURE_EVIDENCE,False,False,False,False,False,0,2,PARTIAL_2_OF_3,NO_SUPPORTED_MAJOR_DOMAIN_ANOMALY,SCREENING_PRIORITY,"Screening-level spectral evidence is present, but no major domain reaches the supported multi-indicator condition.","Cross-domain agreement represents internal corroboration. It does not prove that water status, biochemical change, disease, or another factor caused the structural condition."
256,256,1.0671160213973487,,,-0.0921980039483342,NO_ANOMALY,NOT_ASSESSABLE,ABNORMAL,WATER_STATUS_NOT_FULLY_ASSESSABLE,NOT_FULLY_ASSESSABLE,LIMITED,0.2321628521570028,0.6493494621429889,724.475663369044,0.173112162645535,1.4371040055199853,3.7267924351436585,0.4834776765560166,False,False,False,NO_CONCORDANT_BIOCHEMICAL_DECLINE,NO_CONCORDANT_ANOMALY,2.0654978156089783,1.7638992309570312,0.8358648717403412,PASS,NO_LOW_STATURE_EVIDENCE,NONE,NO_LOW_STATURE_EVIDENCE,False,False,False,False,False,0,2,PARTIAL_2_OF_3,NO_SUPPORTED_MAJOR_DOMAIN_ANOMALY,DATA_LIMITED_REVIEW,"No supported major-domain anomaly is identified, but the assessment is incomplete or contains inconclusive evidence.","Cross-domain agreement represents internal corroboration. It does not prove that water status, biochemical change, disease, or another factor caused the structural condition."
258,258,1.1138698163087066,-0.5337240592380954,0.5684405931991876,-0.0692323016150385,NO_ANOMALY,NO_ANOMALY,NO_ABNORMALITY,NO_CONCORDANT_WATER_ANOMALY,NO_CONCORDANT_ANOMALY,HIGH,0.4179815997445341,1.6517963462869798,729.2464936762477,0.071355134436912,1.129396546412585,3.759364399727677,0.6632053133068028,False,False,False,NO_CONCORDANT_BIOCHEMICAL_DECLINE,NO_CONCORDANT_ANOMALY,2.2155054569244386,2.101490020751953,0.8674918413162231,PASS,NO_LOW_STATURE_EVIDENCE,NONE,NO_LOW_STATURE_EVIDENCE,False,False,False,False,False,0,3,COMPLETE_3_OF_3,NO_SUPPORTED_MAJOR_DOMAIN_ANOMALY,NO_SUPPORTED_ANOMALY,No supported concordant anomaly evidence is identified across the assessed domains.,"Cross-domain agreement represents internal corroboration. It does not prove that water status, biochemical change, disease, or another factor caused the structural condition."
259,259,1.0327072790681349,,,-0.0776712016311413,NO_ANOMALY,NOT_ASSESSABLE,NO_ABNORMALITY,WATER_STATUS_NOT_FULLY_ASSESSABLE,NOT_FULLY_ASSESSABLE,LIMITED,0.3227634900701784,1.066314264519752,727.1529597477606,0.1272530099255223,1.2656150304815734,4.457612682520408,0.5675126238887802,False,False,True,NO_CONCORDANT_BIOCHEMICAL_DECLINE,NO_CONCORDANT_ANOMALY,2.2681797027587884,2.257251739501953,1.4481784403324127,PASS,NO_LOW_STATURE_EVIDENCE,NONE,NO_LOW_STATURE_EVIDENCE,True,False,False,False,False,0,2,PARTIAL_2_OF_3,NO_SUPPORTED_MAJOR_DOMAIN_ANOMALY,DATA_LIMITED_REVIEW,"No supported major-domain anomaly is identified, but the assessment is incomplete or contains inconclusive evidence.","Cross-domain agreement represents internal corroboration. It does not prove that water status, biochemical change, disease, or another factor caused the structural condition."
261,261,1.006988476865505,-0.1405618464174056,0.2043639154958366,-0.0998183420411722,NO_ANOMALY,ANOMALOUS_CONCORDANT,ABNORMAL,ISOLATED_DIRECT_WATER_ANOMALY,SCREENING_ANOMALY,HIGH,0.1742471854923167,0.4603339761318956,724.9838772421463,0.279782752135884,1.8695313061202403,4.445578503704413,0.3325751025583846,True,True,True,STRONG_CONCORDANT_BIOCHEMICAL_DECLINE,SUPPORTED_ANOMALY,1.863822001218796,1.5579833984375,0.8187645003199577,PASS,NO_LOW_STATURE_EVIDENCE,NONE,NO_LOW_STATURE_EVIDENCE,False,False,True,False,False,1,3,COMPLETE_3_OF_3,BIOCHEMICAL_ONLY,SINGLE_DOMAIN_PRIORITY,Supported biochemical decline is present without another supported major-domain signal.,"Cross-domain agreement represents internal corroboration. It does not prove that water status, biochemical change, disease, or another factor caused the structural condition."
262,262,,-0.2597967644110995,0.3279483832872613,,NOT_ASSESSABLE,NO_ANOMALY,NOT_ASSESSABLE,WATER_STATUS_NOT_FULLY_ASSESSABLE,NOT_FULLY_ASSESSABLE,LIMITED,,,,,,,,False,False,False,NOT_FULLY_ASSESSABLE,NOT_FULLY_ASSESSABLE,2.152238893508911,2.0759490966796874,1.5768103003501892,PASS,NO_LOW_STATURE_EVIDENCE,NONE,NO_LOW_STATURE_EVIDENCE,True,False,False,False,False,0,1,LIMITED_0_OR_1_OF_3,NO_SUPPORTED_MAJOR_DOMAIN_ANOMALY,DATA_LIMITED_REVIEW,"No supported major-domain anomaly is identified, but the assessment is incomplete or contains inconclusive evidence.","Cross-domain agreement represents internal corroboration. It does not prove that water status, biochemical change, disease, or another factor caused the structural condition."
263,263,0.9710817177958476,,,-0.0906642349042617,ANOMALOUS,NOT_ASSESSABLE,ABNORMAL,NOT_FULLY_ASSESSABLE_ISOLATED_ANOMALY,SCREENING_ANOMALY,LIMITED,0.1561238746508637,0.3871771531472883,724.9161997566417,0.2893221646142909,1.8358643283759608,4.167624672625171,0.3039185684056205,True,True,False,CONCORDANT_BIOCHEMICAL_DECLINE,SUPPORTED_ANOMALY,0.42908475548029,0.2259979248046875,0.0796835869550705,PASS,CORROBORATED_LOW_STRUCTURAL_STATURE,CORROBORATED,LOW_STATURE_CORROBORATED,False,False,True,True,True,2,2,PARTIAL_2_OF_3,BIOCHEMICAL_STRUCTURE_ONLY,MULTI_DOMAIN_PRIORITY,Supported biochemical decline coincides with relatively low structural stature; a supported water-status anomaly is not present.,"Cross-domain agreement represents internal corroboration. It does not prove that water status, biochemical change, disease, or another factor caused the structural condition."
264,264,0.9788975268602372,,,-0.0771809947911474,NO_ANOMALY,NOT_ASSESSABLE,NO_ABNORMALITY,WATER_STATUS_NOT_FULLY_ASSESSABLE,NOT_FULLY_ASSESSABLE,LIMITED,0.3698298247550819,1.2503053773294843,727.9905866534484,0.08890750685004,1.1636458942594912,4.165479977624499,0.6343451084409488,False,False,False,NO_CONCORDANT_BIOCHEMICAL_DECLINE,NO_CONCORDANT_ANOMALY,2.15254967212677,2.077999877929688,0.3731612265110016,PASS,NO_LOW_STATURE_EVIDENCE,NONE,NO_LOW_STATURE_EVIDENCE,False,False,False,False,False,0,2,PARTIAL_2_OF_3,NO_SUPPORTED_MAJOR_DOMAIN_ANOMALY,DATA_LIMITED_REVIEW,"No supported major-domain anomaly is identified, but the assessment is incomplete or contains inconclusive evidence.","Cross-domain agreement represents internal corroboration. It does not prove that water status, biochemical change, disease, or another factor caused the structural condition."
265,265,0.9860669761777392,-0.2688680850676251,0.3108645942953367,-0.0898986696864151,NO_ANOMALY,NO_ANOMALY,ABNORMAL,NO_CONCORDANT_WATER_ANOMALY,NO_CONCORDANT_ANOMALY,HIGH,0.2250912154414412,0.6303170164300915,725.0613490941153,0.200364922463625,1.5396854237045998,4.27951719546292,0.4336380695311319,False,False,False,NO_CONCORDANT_BIOCHEMICAL_DECLINE,NO_CONCORDANT_ANOMALY,1.9458025395870209,1.7394500732421874,1.4974052011966703,PASS,NO_LOW_STATURE_EVIDENCE,NONE,NO_LOW_STATURE_EVIDENCE,True,False,False,False,False,0,3,COMPLETE_3_OF_3,NO_SUPPORTED_MAJOR_DOMAIN_ANOMALY,NO_SUPPORTED_ANOMALY,No supported concordant anomaly evidence is identified across the assessed domains.,"Cross-domain agreement represents internal corroboration. It does not prove that water status, biochemical change, disease, or another factor caused the structural condition."
266,266,1.0381604286381505,,,-0.0749031351997411,NO_ANOMALY,NOT_ASSESSABLE,NO_ABNORMALITY,WATER_STATUS_NOT_FULLY_ASSESSABLE,NOT_FULLY_ASSESSABLE,LIMITED,0.399110526965139,1.41681841034204,727.493448561097,0.0615976587854239,1.0968662441000232,5.76739578694635,0.6977224121694695,False,False,True,NO_CONCORDANT_BIOCHEMICAL_DECLINE,NO_CONCORDANT_ANOMALY,1.7345597088336944,1.6361015319824217,0.814447894692421,PASS,NO_LOW_STATURE_EVIDENCE,NONE,NO_LOW_STATURE_EVIDENCE,False,False,False,False,False,0,2,PARTIAL_2_OF_3,NO_SUPPORTED_MAJOR_DOMAIN_ANOMALY,DATA_LIMITED_REVIEW,"No supported major-domain anomaly is identified, but the assessment is incomplete or contains inconclusive evidence.","Cross-domain agreement represents internal corroboration. It does not prove that water status, biochemical change, disease, or another factor caused the structural condition."
267,267,1.0349601492804643,-0.2941640296096188,,-0.086589391298042,NO_ANOMALY,NOT_ASSESSABLE,NO_ABNORMALITY,WATER_STATUS_NOT_FULLY_ASSESSABLE,NOT_FULLY_ASSESSABLE,LIMITED,0.2577371201415112,0.7947494740235937,726.3589665055607,0.1871431190731168,1.5405571710388768,4.582209241401035,0.4689597609477907,False,False,True,NO_CONCORDANT_BIOCHEMICAL_DECLINE,NO_CONCORDANT_ANOMALY,2.08633633852005,2.0205924987792967,1.581146314740181,PASS,NO_LOW_STATURE_EVIDENCE,NONE,NO_LOW_STATURE_EVIDENCE,True,False,False,False,False,0,2,PARTIAL_2_OF_3,NO_SUPPORTED_MAJOR_DOMAIN_ANOMALY,DATA_LIMITED_REVIEW,"No supported major-domain anomaly is identified, but the assessment is incomplete or contains inconclusive evidence.","Cross-domain agreement represents internal corroboration. It does not prove that water status, biochemical change, disease, or another factor caused the structural condition."
268,268,0.9651559743761116,-0.2532603657294943,0.3195093509669661,-0.082215319205099,ANOMALOUS,NO_ANOMALY,NO_ABNORMALITY,ISOLATED_DIRECT_WATER_ANOMALY,SCREENING_ANOMALY,HIGH,0.2531873114742249,0.7729326461363224,726.2657688212189,0.1955047327443363,1.5172229091918727,3.741596165180447,0.4518075756212868,False,False,False,NO_CONCORDANT_BIOCHEMICAL_DECLINE,NO_CONCORDANT_ANOMALY,2.011874639987945,1.8719924926757807,1.5465038865804672,PASS,NO_LOW_STATURE_EVIDENCE,NONE,NO_LOW_STATURE_EVIDENCE,True,False,False,False,False,0,3,COMPLETE_3_OF_3,NO_SUPPORTED_MAJOR_DOMAIN_ANOMALY,SCREENING_PRIORITY,"Screening-level spectral evidence is present, but no major domain reaches the supported multi-indicator condition.","Cross-domain agreement represents internal corroboration. It does not prove that water status, biochemical change, disease, or another factor caused the structural condition."
269,269,0.9798869798908,,,-0.0970253595607963,NO_ANOMALY,NOT_ASSESSABLE,ABNORMAL,WATER_STATUS_NOT_FULLY_ASSESSABLE,NOT_FULLY_ASSESSABLE,LIMITED,0.1510765982445244,0.3882646563071776,724.1440845176435,0.2863785707377186,1.8451367079023648,4.980319313190453,0.3299648659616689,True,True,True,STRONG_CONCORDANT_BIOCHEMICAL_DECLINE,SUPPORTED_ANOMALY,1.785784864425659,1.7050575256347655,1.3380315899848938,PASS,NO_LOW_STATURE_EVIDENCE,NONE,NO_LOW_STATURE_EVIDENCE,False,False,True,False,False,1,2,PARTIAL_2_OF_3,BIOCHEMICAL_ONLY,SINGLE_DOMAIN_PRIORITY,Supported biochemical decline is present without another supported major-domain signal.,"Cross-domain agreement represents internal corroboration. It does not prove that water status, biochemical change, disease, or another factor caused the structural condition."
271,271,,,,,NOT_ASSESSABLE,NOT_ASSESSABLE,NOT_ASSESSABLE,WATER_STATUS_NOT_FULLY_ASSESSABLE,NOT_FULLY_ASSESSABLE,LIMITED,,,,,,,,False,False,False,NOT_FULLY_ASSESSABLE,NOT_FULLY_ASSESSABLE,2.4410121917724608,2.167393493652344,1.8520449995994568,PASS,NO_LOW_STATURE_EVIDENCE,NONE,NO_LOW_STATURE_EVIDENCE,True,False,False,False,False,0,1,LIMITED_0_OR_1_OF_3,NO_SUPPORTED_MAJOR_DOMAIN_ANOMALY,DATA_LIMITED_REVIEW,"No supported major-domain anomaly is identified, but the assessment is incomplete or contains inconclusive evidence.","Cross-domain agreement represents internal corroboration. It does not prove that water status, biochemical change, disease, or another factor caused the structural condition."
273,273,1.014078161975681,,,-0.0733807231023921,NO_ANOMALY,NOT_ASSESSABLE,NO_ABNORMALITY,WATER_STATUS_NOT_FULLY_ASSESSABLE,NOT_FULLY_ASSESSABLE,LIMITED,0.3776093761949085,1.3233653581416362,728.1141765926734,0.0916603974368444,1.1777886713987962,3.554331249804977,0.6307720882195955,False,False,False,NO_CONCORDANT_BIOCHEMICAL_DECLINE,NO_CONCORDANT_ANOMALY,2.208139181137085,1.995792388916016,0.5891252756118774,PASS,NO_LOW_STATURE_EVIDENCE,NONE,NO_LOW_STATURE_EVIDENCE,False,False,False,False,False,0,2,PARTIAL_2_OF_3,NO_SUPPORTED_MAJOR_DOMAIN_ANOMALY,DATA_LIMITED_REVIEW,"No supported major-domain anomaly is identified, but the assessment is incomplete or contains inconclusive evidence.","Cross-domain agreement represents internal corroboration. It does not prove that water status, biochemical change, disease, or another factor caused the structural condition."
274,274,0.9441228385974544,-0.2051828739238181,0.2934124940429602,-0.0665800680697458,ANOMALOUS,NO_ANOMALY,NO_ABNORMALITY,ISOLATED_DIRECT_WATER_ANOMALY,SCREENING_ANOMALY,HIGH,0.2871968779650624,0.8630668830026773,728.2508647215225,0.1655221989402576,1.357655503350351,3.273122660295948,0.468759596462004,False,False,False,NO_CONCORDANT_BIOCHEMICAL_DECLINE,NO_CONCORDANT_ANOMALY,0.4628345221281051,,0.0691101923584938,WARN,LOW_STATURE_LAS_ONLY,SINGLE_MEASUREMENT,LOW_STATURE_LAS_ONLY,False,False,False,True,False,1,3,COMPLETE_3_OF_3,STRUCTURE_ONLY,SINGLE_DOMAIN_PRIORITY,Relatively low structural stature is present without another supported major-domain anomaly. Structural low-stature evidence is based on LAS H_P95 without raster-CHM corroboration.,"Cross-domain agreement represents internal corroboration. It does not prove that water status, biochemical change, disease, or another factor caused the structural condition."
275,275,,,,,NOT_ASSESSABLE,NOT_ASSESSABLE,NOT_ASSESSABLE,WATER_STATUS_NOT_FULLY_ASSESSABLE,NOT_FULLY_ASSESSABLE,LIMITED,,,,,,,,False,False,False,NOT_FULLY_ASSESSABLE,NOT_FULLY_ASSESSABLE,2.192845153808594,2.015006256103516,1.5725219696760178,PASS,NO_LOW_STATURE_EVIDENCE,NONE,NO_LOW_STATURE_EVIDENCE,True,False,False,False,False,0,1,LIMITED_0_OR_1_OF_3,NO_SUPPORTED_MAJOR_DOMAIN_ANOMALY,DATA_LIMITED_REVIEW,"No supported major-domain anomaly is identified, but the assessment is incomplete or contains inconclusive evidence.","Cross-domain agreement represents internal corroboration. It does not prove that water status, biochemical change, disease, or another factor caused the structural condition."
276,276,0.9694182700963812,,,-0.0765897797528964,ANOMALOUS,NOT_ASSESSABLE,NO_ABNORMALITY,NOT_FULLY_ASSESSABLE_ISOLATED_ANOMALY,SCREENING_ANOMALY,LIMITED,0.2844851042349906,0.9687533993125024,726.6678949673911,0.1758201270989812,1.2665444043351697,4.941750975956702,0.4836278431257498,False,False,True,NO_CONCORDANT_BIOCHEMICAL_DECLINE,NO_CONCORDANT_ANOMALY,2.30607500076294,2.0519439697265627,1.7893102169036863,PASS,NO_LOW_STATURE_EVIDENCE,NONE,NO_LOW_STATURE_EVIDENCE,True,False,False,False,False,0,2,PARTIAL_2_OF_3,NO_SUPPORTED_MAJOR_DOMAIN_ANOMALY,SCREENING_PRIORITY,"Screening-level spectral evidence is present, but no major domain reaches the supported multi-indicator condition.","Cross-domain agreement represents internal corroboration. It does not prove that water status, biochemical change, disease, or another factor caused the structural condition."
277,277,0.9874815647186156,-0.1992420833384049,0.2779203609092335,-0.0782253584907125,NO_ANOMALY,NO_ANOMALY,NO_ABNORMALITY,NO_CONCORDANT_WATER_ANOMALY,NO_CONCORDANT_ANOMALY,HIGH,0.2343906517369529,0.6772372408693366,726.7936718650699,0.2022574635304896,1.5060286917306065,3.863104720273944,0.4190401780819394,False,False,False,NO_CONCORDANT_BIOCHEMICAL_DECLINE,NO_CONCORDANT_ANOMALY,2.057045793533325,1.3822540283203124,0.9676912426948548,PASS,NO_LOW_STATURE_EVIDENCE,NONE,NO_LOW_STATURE_EVIDENCE,False,False,False,False,False,0,3,COMPLETE_3_OF_3,NO_SUPPORTED_MAJOR_DOMAIN_ANOMALY,NO_SUPPORTED_ANOMALY,No supported concordant anomaly evidence is identified across the assessed domains.,"Cross-domain agreement represents internal corroboration. It does not prove that water status, biochemical change, disease, or another factor caused the structural condition."
278,278,,-0.1570545361907829,0.2131292925203231,,NOT_ASSESSABLE,ANOMALOUS_CONCORDANT,NOT_ASSESSABLE,NOT_FULLY_ASSESSABLE_ISOLATED_ANOMALY,SCREENING_ANOMALY,LIMITED,,,,,,,,False,False,False,NOT_FULLY_ASSESSABLE,NOT_FULLY_ASSESSABLE,2.71391783952713,2.693953704833984,1.6351187005639076,PASS,NO_LOW_STATURE_EVIDENCE,NONE,NO_LOW_STATURE_EVIDENCE,True,False,False,False,False,0,1,LIMITED_0_OR_1_OF_3,NO_SUPPORTED_MAJOR_DOMAIN_ANOMALY,SCREENING_PRIORITY,"Screening-level spectral evidence is present, but no major domain reaches the supported multi-indicator condition.","Cross-domain agreement represents internal corroboration. It does not prove that water status, biochemical change, disease, or another factor caused the structural condition."
279,279,1.0817614101261073,,,-0.0841987321871759,NO_ANOMALY,NOT_ASSESSABLE,NO_ABNORMALITY,WATER_STATUS_NOT_FULLY_ASSESSABLE,NOT_FULLY_ASSESSABLE,LIMITED,0.2495160882556934,0.7604055303027096,726.0436665481238,0.1934709755532606,1.5307566561589414,4.714983254171713,0.4622761592114658,False,False,True,NO_CONCORDANT_BIOCHEMICAL_DECLINE,NO_CONCORDANT_ANOMALY,2.6924958705902093,2.303392028808594,1.911345548927784,PASS,NO_LOW_STATURE_EVIDENCE,NONE,NO_LOW_STATURE_EVIDENCE,True,False,False,False,False,0,2,PARTIAL_2_OF_3,NO_SUPPORTED_MAJOR_DOMAIN_ANOMALY,DATA_LIMITED_REVIEW,"No supported major-domain anomaly is identified, but the assessment is incomplete or contains inconclusive evidence.","Cross-domain agreement represents internal corroboration. It does not prove that water status, biochemical change, disease, or another factor caused the structural condition."
280,280,0.988560001569798,,,-0.0881684612588228,NO_ANOMALY,NOT_ASSESSABLE,NO_ABNORMALITY,WATER_STATUS_NOT_FULLY_ASSESSABLE,NOT_FULLY_ASSESSABLE,LIMITED,0.2470880935016216,0.7177401032877556,725.0649396679895,0.1658654830071793,1.4515434520051602,3.897876195207272,0.4890229387616353,False,False,False,NO_CONCORDANT_BIOCHEMICAL_DECLINE,NO_CONCORDANT_ANOMALY,2.4864473581314086,2.3148475646972657,2.010644733905792,PASS,NO_LOW_STATURE_EVIDENCE,NONE,NO_LOW_STATURE_EVIDENCE,True,False,False,False,False,0,2,PARTIAL_2_OF_3,NO_SUPPORTED_MAJOR_DOMAIN_ANOMALY,DATA_LIMITED_REVIEW,"No supported major-domain anomaly is identified, but the assessment is incomplete or contains inconclusive evidence.","Cross-domain agreement represents internal corroboration. It does not prove that water status, biochemical change, disease, or another factor caused the structural condition."
281,281,0.9759905104488024,,,-0.1000853236089026,ANOMALOUS,NOT_ASSESSABLE,ABNORMAL,NOT_FULLY_ASSESSABLE_ISOLATED_ANOMALY,SCREENING_ANOMALY,LIMITED,0.1316169991523783,0.3262629759963287,725.2329768510427,0.3302986620192585,2.0218245418705063,5.490404362008487,0.2683646498845322,True,True,True,STRONG_CONCORDANT_BIOCHEMICAL_DECLINE,SUPPORTED_ANOMALY,2.428167116641998,2.27760009765625,1.7590477839112282,PASS,NO_LOW_STATURE_EVIDENCE,NONE,NO_LOW_STATURE_EVIDENCE,True,False,True,False,False,1,2,PARTIAL_2_OF_3,BIOCHEMICAL_ONLY,SINGLE_DOMAIN_PRIORITY,Supported biochemical decline is present without another supported major-domain signal.,"Cross-domain agreement represents internal corroboration. It does not prove that water status, biochemical change, disease, or another factor caused the structural condition."
282,282,0.975871460501296,-0.2445436724205199,0.3261293567080645,-0.078549123463337,ANOMALOUS,NO_ANOMALY,NO_ABNORMALITY,ISOLATED_DIRECT_WATER_ANOMALY,SCREENING_ANOMALY,HIGH,0.2469886037395051,0.7167266312701439,726.1066353431828,0.2028792735924228,1.4807020021551844,4.240955837682548,0.4463709531915275,False,False,False,NO_CONCORDANT_BIOCHEMICAL_DECLINE,NO_CONCORDANT_ANOMALY,1.8119657158851623,1.5905899047851562,1.184025451540947,PASS,NO_LOW_STATURE_EVIDENCE,NONE,NO_LOW_STATURE_EVIDENCE,False,False,False,False,False,0,3,COMPLETE_3_OF_3,NO_SUPPORTED_MAJOR_DOMAIN_ANOMALY,SCREENING_PRIORITY,"Screening-level spectral evidence is present, but no major domain reaches the supported multi-indicator condition.","Cross-domain agreement represents internal corroboration. It does not prove that water status, biochemical change, disease, or another factor caused the structural condition."
283,283,0.9990464004068228,,,-0.0846453446101604,NO_ANOMALY,NOT_ASSESSABLE,NO_ABNORMALITY,WATER_STATUS_NOT_FULLY_ASSESSABLE,NOT_FULLY_ASSESSABLE,LIMITED,0.3569960037407242,1.2252008256167557,727.9808570868831,0.1187447055959099,1.1917074200421691,5.977041788236074,0.6225573464504262,False,False,True,NO_CONCORDANT_BIOCHEMICAL_DECLINE,NO_CONCORDANT_ANOMALY,2.391798639297485,2.089791870117188,0.9569019079208374,PASS,NO_LOW_STATURE_EVIDENCE,NONE,NO_LOW_STATURE_EVIDENCE,False,False,False,False,False,0,2,PARTIAL_2_OF_3,NO_SUPPORTED_MAJOR_DOMAIN_ANOMALY,DATA_LIMITED_REVIEW,"No supported major-domain anomaly is identified, but the assessment is incomplete or contains inconclusive evidence.","Cross-domain agreement represents internal corroboration. It does not prove that water status, biochemical change, disease, or another factor caused the structural condition."
284,284,0.9807045942250112,,,-0.0690332784726285,NO_ANOMALY,NOT_ASSESSABLE,NO_ABNORMALITY,WATER_STATUS_NOT_FULLY_ASSESSABLE,NOT_FULLY_ASSESSABLE,LIMITED,0.3191825127198278,1.0906072316115916,727.5543344928135,0.1559141342632382,1.3572822208048847,5.606097888955302,0.5497695506669125,False,False,True,NO_CONCORDANT_BIOCHEMICAL_DECLINE,NO_CONCORDANT_ANOMALY,2.579557061195373,2.493241119384765,1.5561497882008553,PASS,NO_LOW_STATURE_EVIDENCE,NONE,NO_LOW_STATURE_EVIDENCE,True,False,False,False,False,0,2,PARTIAL_2_OF_3,NO_SUPPORTED_MAJOR_DOMAIN_ANOMALY,DATA_LIMITED_REVIEW,"No supported major-domain anomaly is identified, but the assessment is incomplete or contains inconclusive evidence.","Cross-domain agreement represents internal corroboration. It does not prove that water status, biochemical change, disease, or another factor caused the structural condition."
285,285,0.9613194184931187,-0.1057242683590518,0.1788701710561449,-0.0911855055705705,ANOMALOUS,ANOMALOUS_CONCORDANT,ABNORMAL,STRONG_INTERNAL_WATER_EVIDENCE,SUPPORTED_ANOMALY,HIGH,0.1496497417023576,0.4175164465041179,724.5575165264078,0.3123033372356854,2.113358399503473,4.2751210806515605,0.2906111327276562,True,True,False,CONCORDANT_BIOCHEMICAL_DECLINE,SUPPORTED_ANOMALY,1.6861923933029177,1.4483024597167964,0.0909367948770523,WARN,NO_LOW_STATURE_EVIDENCE,NONE,NO_LOW_STATURE_EVIDENCE,False,True,True,False,False,2,3,COMPLETE_3_OF_3,WATER_BIOCHEMICAL_ONLY,MULTI_DOMAIN_PRIORITY,Supported water-status and biochemical anomalies are present without current low-stature evidence.,"Cross-domain agreement represents internal corroboration. It does not prove that water status, biochemical change, disease, or another factor caused the structural condition."
286,286,0.975005162358284,-0.0727349714129547,0.1810800283974366,-0.0742182357152383,ANOMALOUS,ANOMALOUS_CONCORDANT,NO_ABNORMALITY,SUPPORTED_WATER_STATUS_ANOMALY,SUPPORTED_ANOMALY,HIGH,0.1641043321410045,0.4188893065245255,725.2604522793534,0.2685141728645649,1.860652682262918,3.8520664951766745,0.3119700333837797,True,True,False,CONCORDANT_BIOCHEMICAL_DECLINE,SUPPORTED_ANOMALY,1.6630524575710297,1.563995361328125,0.077484980225563,WARN,NO_LOW_STATURE_EVIDENCE,NONE,NO_LOW_STATURE_EVIDENCE,False,True,True,False,False,2,3,COMPLETE_3_OF_3,WATER_BIOCHEMICAL_ONLY,MULTI_DOMAIN_PRIORITY,Supported water-status and biochemical anomalies are present without current low-stature evidence.,"Cross-domain agreement represents internal corroboration. It does not prove that water status, biochemical change, disease, or another factor caused the structural condition."
287,287,0.9433882561290002,,,-0.1047196870858794,ANOMALOUS,NOT_ASSESSABLE,ABNORMAL,NOT_FULLY_ASSESSABLE_ISOLATED_ANOMALY,SCREENING_ANOMALY,LIMITED,0.1117160900234838,0.2622700729512415,723.7531843907642,0.3507109039421432,2.245318649270735,5.242490222462836,0.2511116270435368,True,True,True,STRONG_CONCORDANT_BIOCHEMICAL_DECLINE,SUPPORTED_ANOMALY,1.7197711706161498,1.5781974792480469,0.0583394169807434,WARN,NO_LOW_STATURE_EVIDENCE,NONE,NO_LOW_STATURE_EVIDENCE,False,False,True,False,False,1,2,PARTIAL_2_OF_3,BIOCHEMICAL_ONLY,SINGLE_DOMAIN_PRIORITY,Supported biochemical decline is present without another supported major-domain signal.,"Cross-domain agreement represents internal corroboration. It does not prove that water status, biochemical change, disease, or another factor caused the structural condition."
288,288,0.9529771417880212,-0.1118794705928759,0.1979239187789355,-0.0847502374725091,ANOMALOUS,ANOMALOUS_CONCORDANT,NO_ABNORMALITY,SUPPORTED_WATER_STATUS_ANOMALY,SUPPORTED_ANOMALY,HIGH,0.1843855586354852,0.4637814990314451,725.0386460021978,0.2458156673112277,1.6125814272520542,3.6605948392223553,0.3435817730349348,True,True,False,CONCORDANT_BIOCHEMICAL_DECLINE,SUPPORTED_ANOMALY,0.889443290233612,0.4513420104980468,0.0357432290911674,PASS,CORROBORATED_LOW_STRUCTURAL_STATURE,CORROBORATED,LOW_STATURE_CORROBORATED,False,True,True,True,True,3,3,COMPLETE_3_OF_3,WATER_BIOCHEMICAL_STRUCTURE,HIGH_MULTI_DOMAIN_PRIORITY,Supported water-status anomaly and supported biochemical decline coincide with relatively low structural stature.,"Cross-domain agreement represents internal corroboration. It does not prove that water status, biochemical change, disease, or another factor caused the structural condition."
289,289,,,,-0.0739174097595611,NOT_ASSESSABLE,NOT_ASSESSABLE,NO_ABNORMALITY,WATER_STATUS_NOT_FULLY_ASSESSABLE,NOT_FULLY_ASSESSABLE,LIMITED,0.2663666145867537,0.8186879808351905,726.4548351661894,0.178163595329074,1.48361833550633,4.26221746444604,0.468920915495192,False,False,False,NO_CONCORDANT_BIOCHEMICAL_DECLINE,NO_CONCORDANT_ANOMALY,2.2907175540924074,2.0692398071289064,1.6965205669403076,PASS,NO_LOW_STATURE_EVIDENCE,NONE,NO_LOW_STATURE_EVIDENCE,True,False,False,False,False,0,2,PARTIAL_2_OF_3,NO_SUPPORTED_MAJOR_DOMAIN_ANOMALY,DATA_LIMITED_REVIEW,"No supported major-domain anomaly is identified, but the assessment is incomplete or contains inconclusive evidence.","Cross-domain agreement represents internal corroboration. It does not prove that water status, biochemical change, disease, or another factor caused the structural condition."
290,290,0.9731656450283186,-0.1414853614618223,0.228872445737758,-0.0729785207014899,ANOMALOUS,ANOMALOUS_CONCORDANT,NO_ABNORMALITY,SUPPORTED_WATER_STATUS_ANOMALY,SUPPORTED_ANOMALY,HIGH,0.2032091212703,0.521895506079487,726.2267998495265,0.2205503424717554,1.516329157899786,3.346076973758391,0.3691674344069855,False,False,False,NO_CONCORDANT_BIOCHEMICAL_DECLINE,NO_CONCORDANT_ANOMALY,1.2618554532527924,0.2339935302734375,0.2445603609085083,WARN,CORROBORATED_LOW_STRUCTURAL_STATURE,CORROBORATED,LOW_STATURE_CORROBORATED,False,True,False,True,True,2,3,COMPLETE_3_OF_3,WATER_STRUCTURE_ONLY,MULTI_DOMAIN_PRIORITY,Supported water-status anomaly coincides with relatively low structural stature; biochemical decline is not supported at the domain level.,"Cross-domain agreement represents internal corroboration. It does not prove that water status, biochemical change, disease, or another factor caused the structural condition."
291,291,0.9770646984075266,,,-0.0856805788516404,ANOMALOUS,NOT_ASSESSABLE,NO_ABNORMALITY,NOT_FULLY_ASSESSABLE_ISOLATED_ANOMALY,SCREENING_ANOMALY,LIMITED,0.1733415918685846,0.4545611442925455,725.4084953562276,0.2724685999047385,1.7428341056720629,4.822052423662227,0.3517590931482945,False,True,True,SENESCENCE_PIGMENT_ONLY,SCREENING_ANOMALY,1.207679522037506,1.0949859619140625,0.7068075686693192,WARN,CORROBORATED_LOW_STRUCTURAL_STATURE,CORROBORATED,LOW_STATURE_CORROBORATED,False,False,False,True,True,1,2,PARTIAL_2_OF_3,STRUCTURE_ONLY,SINGLE_DOMAIN_PRIORITY,Relatively low structural stature is present without another supported major-domain anomaly.,"Cross-domain agreement represents internal corroboration. It does not prove that water status, biochemical change, disease, or another factor caused the structural condition."
292,292,0.9521150862206376,-0.1145968355368034,0.1977932040771833,-0.0830779393760405,ANOMALOUS,ANOMALOUS_CONCORDANT,NO_ABNORMALITY,SUPPORTED_WATER_STATUS_ANOMALY,SUPPORTED_ANOMALY,HIGH,0.1959130105500274,0.5020010800931471,727.4036039422849,0.2485918529189914,1.6090330433393698,3.9509430905474616,0.3490393218646018,False,True,False,SENESCENCE_PIGMENT_ONLY,SCREENING_ANOMALY,0.3466964364051819,0.2459869384765625,0.0441181361675262,PASS,CORROBORATED_LOW_STRUCTURAL_STATURE,CORROBORATED,LOW_STATURE_CORROBORATED,False,True,False,True,True,2,3,COMPLETE_3_OF_3,WATER_STRUCTURE_ONLY,MULTI_DOMAIN_PRIORITY,Supported water-status anomaly coincides with relatively low structural stature; biochemical decline is not supported at the domain level.,"Cross-domain agreement represents internal corroboration. It does not prove that water status, biochemical change, disease, or another factor caused the structural condition."
293,293,0.9564064940469316,-0.2288402268673154,0.3083039445250009,-0.0758734954499566,ANOMALOUS,NO_ANOMALY,NO_ABNORMALITY,ISOLATED_DIRECT_WATER_ANOMALY,SCREENING_ANOMALY,HIGH,0.2476933551895966,0.6875418631953156,726.3915924054149,0.1837679170579237,1.3946694891850016,3.5826330130723534,0.4387461258669978,False,False,False,NO_CONCORDANT_BIOCHEMICAL_DECLINE,NO_CONCORDANT_ANOMALY,1.2876848459243777,0.33099365234375,0.0639879405498504,WARN,CORROBORATED_LOW_STRUCTURAL_STATURE,CORROBORATED,LOW_STATURE_CORROBORATED,False,False,False,True,True,1,3,COMPLETE_3_OF_3,STRUCTURE_ONLY,SINGLE_DOMAIN_PRIORITY,Relatively low structural stature is present without another supported major-domain anomaly.,"Cross-domain agreement represents internal corroboration. It does not prove that water status, biochemical change, disease, or another factor caused the structural condition."
295,295,0.9872653022029154,,,-0.0780832414796923,NO_ANOMALY,NOT_ASSESSABLE,NO_ABNORMALITY,WATER_STATUS_NOT_FULLY_ASSESSABLE,NOT_FULLY_ASSESSABLE,LIMITED,0.2684025870219441,0.8762644950524764,726.5694182187016,0.1846865331233388,1.5498984272872829,5.19715985490106,0.4815158952857512,False,False,True,NO_CONCORDANT_BIOCHEMICAL_DECLINE,NO_CONCORDANT_ANOMALY,2.2886268138885497,2.059101104736328,1.7181357145309448,PASS,NO_LOW_STATURE_EVIDENCE,NONE,NO_LOW_STATURE_EVIDENCE,True,False,False,False,False,0,2,PARTIAL_2_OF_3,NO_SUPPORTED_MAJOR_DOMAIN_ANOMALY,DATA_LIMITED_REVIEW,"No supported major-domain anomaly is identified, but the assessment is incomplete or contains inconclusive evidence.","Cross-domain agreement represents internal corroboration. It does not prove that water status, biochemical change, disease, or another factor caused the structural condition."
296,296,,,,,NOT_ASSESSABLE,NOT_ASSESSABLE,NOT_ASSESSABLE,WATER_STATUS_NOT_FULLY_ASSESSABLE,NOT_FULLY_ASSESSABLE,LIMITED,,,,,,,,False,False,False,NOT_FULLY_ASSESSABLE,NOT_FULLY_ASSESSABLE,1.4389032125473022,0.739990234375,0.7832599207758904,PASS,CORROBORATED_LOW_STRUCTURAL_STATURE,CORROBORATED,LOW_STATURE_CORROBORATED,False,False,False,True,True,1,1,LIMITED_0_OR_1_OF_3,STRUCTURE_ONLY,SINGLE_DOMAIN_PRIORITY,Relatively low structural stature is present without another supported major-domain anomaly.,"Cross-domain agreement represents internal corroboration. It does not prove that water status, biochemical change, disease, or another factor caused the structural condition."
297,297,0.9185093688970938,-0.0772225293042591,0.172191292262401,-0.0814349374953433,ANOMALOUS,ANOMALOUS_CONCORDANT,NO_ABNORMALITY,SUPPORTED_WATER_STATUS_ANOMALY,SUPPORTED_ANOMALY,HIGH,0.1777648527683897,0.4416557997823894,725.7211649948698,0.2612011764191316,1.6543596019393374,3.9240336049971,0.3301355785142701,False,True,False,SENESCENCE_PIGMENT_ONLY,SCREENING_ANOMALY,0.3387789025902748,0.2119903564453125,0.0690296329557895,WARN,CORROBORATED_LOW_STRUCTURAL_STATURE,CORROBORATED,LOW_STATURE_CORROBORATED,False,True,False,True,True,2,3,COMPLETE_3_OF_3,WATER_STRUCTURE_ONLY,MULTI_DOMAIN_PRIORITY,Supported water-status anomaly coincides with relatively low structural stature; biochemical decline is not supported at the domain level.,"Cross-domain agreement represents internal corroboration. It does not prove that water status, biochemical change, disease, or another factor caused the structural condition."
300,300,,-0.1288309158199106,0.1783875919437338,,NOT_ASSESSABLE,ANOMALOUS_CONCORDANT,NOT_ASSESSABLE,NOT_FULLY_ASSESSABLE_ISOLATED_ANOMALY,SCREENING_ANOMALY,LIMITED,,,,,,,,False,False,False,NOT_FULLY_ASSESSABLE,NOT_FULLY_ASSESSABLE,2.1964964151382445,1.6129928588867186,1.4893682301044464,PASS,NO_LOW_STATURE_EVIDENCE,NONE,NO_LOW_STATURE_EVIDENCE,True,False,False,False,False,0,1,LIMITED_0_OR_1_OF_3,NO_SUPPORTED_MAJOR_DOMAIN_ANOMALY,SCREENING_PRIORITY,"Screening-level spectral evidence is present, but no major domain reaches the supported multi-indicator condition.","Cross-domain agreement represents internal corroboration. It does not prove that water status, biochemical change, disease, or another factor caused the structural condition."
303,303,0.9419607818126678,-0.2380096937568567,0.3006176253885945,-0.0819014286040515,ANOMALOUS,NO_ANOMALY,NO_ABNORMALITY,ISOLATED_DIRECT_WATER_ANOMALY,SCREENING_ANOMALY,MODERATE,0.2243669011243535,0.6575287556679275,725.9702859238603,0.2072492537341103,1.6040297906369698,3.953831389080059,0.4130411293408653,False,False,False,NO_CONCORDANT_BIOCHEMICAL_DECLINE,NO_CONCORDANT_ANOMALY,2.309737956523895,1.842444610595703,1.5152339115738869,PASS,NO_LOW_STATURE_EVIDENCE,NONE,NO_LOW_STATURE_EVIDENCE,True,False,False,False,False,0,3,COMPLETE_3_OF_3,NO_SUPPORTED_MAJOR_DOMAIN_ANOMALY,SCREENING_PRIORITY,"Screening-level spectral evidence is present, but no major domain reaches the supported multi-indicator condition.","Cross-domain agreement represents internal corroboration. It does not prove that water status, biochemical change, disease, or another factor caused the structural condition."
304,304,0.9285923324809784,-0.1636764969867052,0.2449706349855326,-0.081927700786771,ANOMALOUS,ANOMALOUS_CONCORDANT,NO_ABNORMALITY,SUPPORTED_WATER_STATUS_ANOMALY,SUPPORTED_ANOMALY,HIGH,0.2146959941539099,0.576105483754464,725.7340062804551,0.2211845547460837,1.5396403192655006,3.84517949441517,0.3936515082729181,False,False,False,NO_CONCORDANT_BIOCHEMICAL_DECLINE,NO_CONCORDANT_ANOMALY,1.8342229485511776,1.6087440490722655,1.159718692302704,PASS,NO_LOW_STATURE_EVIDENCE,NONE,NO_LOW_STATURE_EVIDENCE,False,True,False,False,False,1,3,COMPLETE_3_OF_3,WATER_ONLY,SINGLE_DOMAIN_PRIORITY,Supported water-status anomaly is present without another supported major-domain signal.,"Cross-domain agreement represents internal corroboration. It does not prove that water status, biochemical change, disease, or another factor caused the structural condition."
306,306,0.9618781022511188,,,-0.0747772257373407,ANOMALOUS,NOT_ASSESSABLE,NO_ABNORMALITY,NOT_FULLY_ASSESSABLE_ISOLATED_ANOMALY,SCREENING_ANOMALY,LIMITED,0.2143901954452995,0.5609069175429435,725.5691288994982,0.2041903505797772,1.4568642038552335,3.8464126181865455,0.4034946094740652,False,False,False,NO_CONCORDANT_BIOCHEMICAL_DECLINE,NO_CONCORDANT_ANOMALY,0.4718681186437606,0.4619903564453125,0.0540525838732719,WARN,CORROBORATED_LOW_STRUCTURAL_STATURE,CORROBORATED,LOW_STATURE_CORROBORATED,False,False,False,True,True,1,2,PARTIAL_2_OF_3,STRUCTURE_ONLY,SINGLE_DOMAIN_PRIORITY,Relatively low structural stature is present without another supported major-domain anomaly.,"Cross-domain agreement represents internal corroboration. It does not prove that water status, biochemical change, disease, or another factor caused the structural condition."
307,307,1.0287121246678337,,,-0.0896725026531168,NO_ANOMALY,NOT_ASSESSABLE,ABNORMAL,WATER_STATUS_NOT_FULLY_ASSESSABLE,NOT_FULLY_ASSESSABLE,LIMITED,0.3080754300439285,1.0170018592869825,726.5037793253928,0.1528568017249076,1.387830259846191,3.7964161802669385,0.5470008120415426,False,False,False,NO_CONCORDANT_BIOCHEMICAL_DECLINE,NO_CONCORDANT_ANOMALY,2.785468816757202,2.782997131347656,1.469623327255249,PASS,NO_LOW_STATURE_EVIDENCE,NONE,NO_LOW_STATURE_EVIDENCE,True,False,False,False,False,0,2,PARTIAL_2_OF_3,NO_SUPPORTED_MAJOR_DOMAIN_ANOMALY,DATA_LIMITED_REVIEW,"No supported major-domain anomaly is identified, but the assessment is incomplete or contains inconclusive evidence.","Cross-domain agreement represents internal corroboration. It does not prove that water status, biochemical change, disease, or another factor caused the structural condition."
308,308,1.0387380749364734,-0.3957614244595462,0.4604554294895513,-0.0631223314253194,NO_ANOMALY,NO_ANOMALY,NO_ABNORMALITY,NO_CONCORDANT_WATER_ANOMALY,NO_CONCORDANT_ANOMALY,HIGH,0.3269628353241106,0.9901775881197612,727.9427955421446,0.1124629112142172,1.1894160986815727,4.412070693997916,0.5621071341552071,False,False,True,NO_CONCORDANT_BIOCHEMICAL_DECLINE,NO_CONCORDANT_ANOMALY,0.6383344471454621,,0.1034893691539764,WARN,LOW_STATURE_LAS_ONLY,SINGLE_MEASUREMENT,LOW_STATURE_LAS_ONLY,False,False,False,True,False,1,3,COMPLETE_3_OF_3,STRUCTURE_ONLY,SINGLE_DOMAIN_PRIORITY,Relatively low structural stature is present without another supported major-domain anomaly. Structural low-stature evidence is based on LAS H_P95 without raster-CHM corroboration.,"Cross-domain agreement represents internal corroboration. It does not prove that water status, biochemical change, disease, or another factor caused the structural condition."
309,309,1.0303259673731358,,,-0.090394928570333,NO_ANOMALY,NOT_ASSESSABLE,ABNORMAL,WATER_STATUS_NOT_FULLY_ASSESSABLE,NOT_FULLY_ASSESSABLE,LIMITED,0.3051138863127841,1.0264841410448884,726.565040479995,0.1602922686951177,1.4240568166557102,3.742225149420509,0.5394407824321692,False,False,False,NO_CONCORDANT_BIOCHEMICAL_DECLINE,NO_CONCORDANT_ANOMALY,2.6862958431243893,2.5002479553222656,2.121890276670456,PASS,NO_LOW_STATURE_EVIDENCE,NONE,NO_LOW_STATURE_EVIDENCE,True,False,False,False,False,0,2,PARTIAL_2_OF_3,NO_SUPPORTED_MAJOR_DOMAIN_ANOMALY,DATA_LIMITED_REVIEW,"No supported major-domain anomaly is identified, but the assessment is incomplete or contains inconclusive evidence.","Cross-domain agreement represents internal corroboration. It does not prove that water status, biochemical change, disease, or another factor caused the structural condition."
310,310,0.97430321385166,-0.2672858273018105,0.3538840057478993,-0.0901826109773701,ANOMALOUS,NO_ANOMALY,ABNORMAL,ISOLATED_DIRECT_WATER_ANOMALY,SCREENING_ANOMALY,HIGH,0.2260841166999129,0.6587569638396554,725.514129161541,0.232092548488276,1.51721758441598,6.057039131078893,0.4499972314131374,False,False,True,NO_CONCORDANT_BIOCHEMICAL_DECLINE,NO_CONCORDANT_ANOMALY,2.017420470714568,1.7427406311035156,0.9716943800449372,PASS,NO_LOW_STATURE_EVIDENCE,NONE,NO_LOW_STATURE_EVIDENCE,False,False,False,False,False,0,3,COMPLETE_3_OF_3,NO_SUPPORTED_MAJOR_DOMAIN_ANOMALY,SCREENING_PRIORITY,"Screening-level spectral evidence is present, but no major domain reaches the supported multi-indicator condition.","Cross-domain agreement represents internal corroboration. It does not prove that water status, biochemical change, disease, or another factor caused the structural condition."
311,311,0.9554787060846606,-0.0797178649179298,0.1627549844303858,-0.0977595670787415,ANOMALOUS,ANOMALOUS_CONCORDANT,ABNORMAL,STRONG_INTERNAL_WATER_EVIDENCE,SUPPORTED_ANOMALY,HIGH,0.110686366216128,0.2635114121516056,723.6802160552267,0.3470468120859769,2.305807474819977,4.084765463427948,0.2378370929347669,True,True,False,CONCORDANT_BIOCHEMICAL_DECLINE,SUPPORTED_ANOMALY,1.862368369102477,0.5769035339355468,0.2492554187774658,WARN,NO_LOW_STATURE_EVIDENCE,NONE,NO_LOW_STATURE_EVIDENCE,False,True,True,False,False,2,3,COMPLETE_3_OF_3,WATER_BIOCHEMICAL_ONLY,MULTI_DOMAIN_PRIORITY,Supported water-status and biochemical anomalies are present without current low-stature evidence.,"Cross-domain agreement represents internal corroboration. It does not prove that water status, biochemical change, disease, or another factor caused the structural condition."
313,313,1.0575648442541867,-0.3723972964661229,0.4268607828124436,-0.0828801949663481,NO_ANOMALY,NO_ANOMALY,NO_ABNORMALITY,NO_CONCORDANT_WATER_ANOMALY,NO_CONCORDANT_ANOMALY,HIGH,0.3086454110101444,0.981806563466841,726.8076427520868,0.1498278924414586,1.357056951967913,3.712528325058593,0.5301924872071637,False,False,False,NO_CONCORDANT_BIOCHEMICAL_DECLINE,NO_CONCORDANT_ANOMALY,2.484911108016968,2.07144546508789,0.3667601346969604,PASS,NO_LOW_STATURE_EVIDENCE,NONE,NO_LOW_STATURE_EVIDENCE,False,False,False,False,False,0,3,COMPLETE_3_OF_3,NO_SUPPORTED_MAJOR_DOMAIN_ANOMALY,NO_SUPPORTED_ANOMALY,No supported concordant anomaly evidence is identified across the assessed domains.,"Cross-domain agreement represents internal corroboration. It does not prove that water status, biochemical change, disease, or another factor caused the structural condition."
314,314,0.984217291339579,-0.1089540749368619,0.2038632363840913,-0.0827331498868038,NO_ANOMALY,ANOMALOUS_CONCORDANT,NO_ABNORMALITY,ISOLATED_DIRECT_WATER_ANOMALY,SCREENING_ANOMALY,HIGH,0.1698978708261644,0.4245365822585937,725.2227759212385,0.2716731234619007,1.79266307232351,3.678157344995447,0.3113183083516569,True,True,False,CONCORDANT_BIOCHEMICAL_DECLINE,SUPPORTED_ANOMALY,0.3761149778962135,0.274993896484375,0.0379914864897728,WARN,CORROBORATED_LOW_STRUCTURAL_STATURE,CORROBORATED,LOW_STATURE_CORROBORATED,False,False,True,True,True,2,3,COMPLETE_3_OF_3,BIOCHEMICAL_STRUCTURE_ONLY,MULTI_DOMAIN_PRIORITY,Supported biochemical decline coincides with relatively low structural stature; a supported water-status anomaly is not present.,"Cross-domain agreement represents internal corroboration. It does not prove that water status, biochemical change, disease, or another factor caused the structural condition."
315,315,0.9910442126473324,,,-0.0888842548356704,NO_ANOMALY,NOT_ASSESSABLE,NO_ABNORMALITY,WATER_STATUS_NOT_FULLY_ASSESSABLE,NOT_FULLY_ASSESSABLE,LIMITED,0.1606440830876394,0.3938442846877192,723.9210542403298,0.2856579006351165,1.7717040868510263,4.303036313965822,0.3080866699810169,True,True,False,CONCORDANT_BIOCHEMICAL_DECLINE,SUPPORTED_ANOMALY,0.338787730038166,0.313995361328125,0.0226599052548408,WARN,CORROBORATED_LOW_STRUCTURAL_STATURE,CORROBORATED,LOW_STATURE_CORROBORATED,False,False,True,True,True,2,2,PARTIAL_2_OF_3,BIOCHEMICAL_STRUCTURE_ONLY,MULTI_DOMAIN_PRIORITY,Supported biochemical decline coincides with relatively low structural stature; a supported water-status anomaly is not present.,"Cross-domain agreement represents internal corroboration. It does not prove that water status, biochemical change, disease, or another factor caused the structural condition."
316,316,1.0433827408650074,-0.3207024826253535,0.3784716650420998,-0.0891021786217671,NO_ANOMALY,NO_ANOMALY,NO_ABNORMALITY,NO_CONCORDANT_WATER_ANOMALY,NO_CONCORDANT_ANOMALY,HIGH,0.2616222903296413,0.7964802952768836,725.3979663396634,0.1801586139011554,1.4509837232631826,3.903869635256688,0.4862520015602236,False,False,False,NO_CONCORDANT_BIOCHEMICAL_DECLINE,NO_CONCORDANT_ANOMALY,2.4410472393035887,2.459441375732422,1.726171463727951,PASS,NO_LOW_STATURE_EVIDENCE,NONE,NO_LOW_STATURE_EVIDENCE,True,False,False,False,False,0,3,COMPLETE_3_OF_3,NO_SUPPORTED_MAJOR_DOMAIN_ANOMALY,NO_SUPPORTED_ANOMALY,No supported concordant anomaly evidence is identified across the assessed domains.,"Cross-domain agreement represents internal corroboration. It does not prove that water status, biochemical change, disease, or another factor caused the structural condition."
317,317,0.9863833156119424,-0.1993265443901879,0.2997205321711422,-0.0759516934819553,NO_ANOMALY,NO_ANOMALY,NO_ABNORMALITY,NO_CONCORDANT_WATER_ANOMALY,NO_CONCORDANT_ANOMALY,HIGH,0.2273504643485236,0.6325226790212574,725.8042624898605,0.211997837262037,1.5317188828717918,3.815143046764086,0.3996305449385922,False,False,False,NO_CONCORDANT_BIOCHEMICAL_DECLINE,NO_CONCORDANT_ANOMALY,1.6723127841949463,1.361489868164062,1.0960400104522705,PASS,NO_LOW_STATURE_EVIDENCE,NONE,NO_LOW_STATURE_EVIDENCE,False,False,False,False,False,0,3,COMPLETE_3_OF_3,NO_SUPPORTED_MAJOR_DOMAIN_ANOMALY,NO_SUPPORTED_ANOMALY,No supported concordant anomaly evidence is identified across the assessed domains.,"Cross-domain agreement represents internal corroboration. It does not prove that water status, biochemical change, disease, or another factor caused the structural condition."
318,318,,,,,NOT_ASSESSABLE,NOT_ASSESSABLE,NOT_ASSESSABLE,WATER_STATUS_NOT_FULLY_ASSESSABLE,NOT_FULLY_ASSESSABLE,LIMITED,,,,,,,,False,False,False,NOT_FULLY_ASSESSABLE,NOT_FULLY_ASSESSABLE,1.7413390398025512,1.613006591796875,0.5530686527490616,WARN,NO_LOW_STATURE_EVIDENCE,NONE,NO_LOW_STATURE_EVIDENCE,False,False,False,False,False,0,1,LIMITED_0_OR_1_OF_3,NO_SUPPORTED_MAJOR_DOMAIN_ANOMALY,DATA_LIMITED_REVIEW,"No supported major-domain anomaly is identified, but the assessment is incomplete or contains inconclusive evidence.","Cross-domain agreement represents internal corroboration. It does not prove that water status, biochemical change, disease, or another factor caused the structural condition."
321,321,1.0390739828551987,0.0183728137519149,0.0366378032364369,-0.1083932233033023,NO_ANOMALY,ANOMALOUS_CONCORDANT,ABNORMAL,ISOLATED_DIRECT_WATER_ANOMALY,SCREENING_ANOMALY,HIGH,0.1043447262491387,0.2428186500388376,724.8236646164406,0.3628856313770926,2.2867264637329057,5.067303891327802,0.2218961843198018,True,True,True,STRONG_CONCORDANT_BIOCHEMICAL_DECLINE,SUPPORTED_ANOMALY,0.3339712530374527,,0.0335865914821624,WARN,LOW_STATURE_LAS_ONLY,SINGLE_MEASUREMENT,LOW_STATURE_LAS_ONLY,False,False,True,True,False,2,3,COMPLETE_3_OF_3,BIOCHEMICAL_STRUCTURE_ONLY,MULTI_DOMAIN_PRIORITY,Supported biochemical decline coincides with relatively low structural stature; a supported water-status anomaly is not present. Structural low-stature evidence is based on LAS H_P95 without raster-CHM corroboration.,"Cross-domain agreement represents internal corroboration. It does not prove that water status, biochemical change, disease, or another factor caused the structural condition."
322,322,0.9474325667948346,,,-0.073068302266687,ANOMALOUS,NOT_ASSESSABLE,NO_ABNORMALITY,NOT_FULLY_ASSESSABLE_ISOLATED_ANOMALY,SCREENING_ANOMALY,LIMITED,0.1952941249519124,0.5052184035226494,726.3924283114347,0.2377437502476169,1.601198336545926,4.03372892818888,0.3579165489087259,False,False,False,NO_CONCORDANT_BIOCHEMICAL_DECLINE,NO_CONCORDANT_ANOMALY,0.5675854921340936,1.305999755859375,0.0468610525131225,WARN,CORROBORATED_LOW_STRUCTURAL_STATURE,CORROBORATED,LOW_STATURE_CORROBORATED,False,False,False,True,True,1,2,PARTIAL_2_OF_3,STRUCTURE_ONLY,SINGLE_DOMAIN_PRIORITY,Relatively low structural stature is present without another supported major-domain anomaly.,"Cross-domain agreement represents internal corroboration. It does not prove that water status, biochemical change, disease, or another factor caused the structural condition."
323,323,1.0270481492297094,-0.3276686110974027,0.4013725437492353,-0.0806337625467,NO_ANOMALY,NO_ANOMALY,NO_ABNORMALITY,NO_CONCORDANT_WATER_ANOMALY,NO_CONCORDANT_ANOMALY,HIGH,0.286999323884343,0.875493810362822,727.2375387509865,0.1743383476814105,1.3445951764071782,5.392828887963642,0.4934347516064713,False,False,True,NO_CONCORDANT_BIOCHEMICAL_DECLINE,NO_CONCORDANT_ANOMALY,2.525462293624878,2.410536193847656,0.4137961864471435,PASS,NO_LOW_STATURE_EVIDENCE,NONE,NO_LOW_STATURE_EVIDENCE,False,False,False,False,False,0,3,COMPLETE_3_OF_3,NO_SUPPORTED_MAJOR_DOMAIN_ANOMALY,NO_SUPPORTED_ANOMALY,No supported concordant anomaly evidence is identified across the assessed domains.,"Cross-domain agreement represents internal corroboration. It does not prove that water status, biochemical change, disease, or another factor caused the structural condition."
324,324,0.9977053691200124,-0.1904211229089249,0.2889031857062524,-0.0812102942176065,NO_ANOMALY,NO_ANOMALY,NO_ABNORMALITY,NO_CONCORDANT_WATER_ANOMALY,NO_CONCORDANT_ANOMALY,HIGH,0.2240493303243696,0.6474523861763111,726.194070403386,0.2167493733886695,1.5739709977250675,3.647506702075961,0.4028749565714766,False,False,False,NO_CONCORDANT_BIOCHEMICAL_DECLINE,NO_CONCORDANT_ANOMALY,1.8634964942932128,1.7388458251953125,1.3780793249607086,PASS,NO_LOW_STATURE_EVIDENCE,NONE,NO_LOW_STATURE_EVIDENCE,False,False,False,False,False,0,3,COMPLETE_3_OF_3,NO_SUPPORTED_MAJOR_DOMAIN_ANOMALY,NO_SUPPORTED_ANOMALY,No supported concordant anomaly evidence is identified across the assessed domains.,"Cross-domain agreement represents internal corroboration. It does not prove that water status, biochemical change, disease, or another factor caused the structural condition."
325,325,1.007449367926358,-0.2329536888466122,0.3176504800730926,-0.0858510349204007,NO_ANOMALY,NO_ANOMALY,NO_ABNORMALITY,NO_CONCORDANT_WATER_ANOMALY,NO_CONCORDANT_ANOMALY,HIGH,0.2224771474934478,0.6123779812211838,725.2954108476358,0.2012182885473485,1.5116328281015063,3.4046469353214626,0.4283283813176044,False,False,False,NO_CONCORDANT_BIOCHEMICAL_DECLINE,NO_CONCORDANT_ANOMALY,2.314686000347137,2.2892974853515624,1.8408178761601448,PASS,NO_LOW_STATURE_EVIDENCE,NONE,NO_LOW_STATURE_EVIDENCE,True,False,False,False,False,0,3,COMPLETE_3_OF_3,NO_SUPPORTED_MAJOR_DOMAIN_ANOMALY,NO_SUPPORTED_ANOMALY,No supported concordant anomaly evidence is identified across the assessed domains.,"Cross-domain agreement represents internal corroboration. It does not prove that water status, biochemical change, disease, or another factor caused the structural condition."
326,326,0.9923143025113444,,,-0.0872808832272241,NO_ANOMALY,NOT_ASSESSABLE,NO_ABNORMALITY,WATER_STATUS_NOT_FULLY_ASSESSABLE,NOT_FULLY_ASSESSABLE,LIMITED,0.1618643606630496,0.4086807848338928,725.4726570022299,0.271964075034397,1.8153038652865576,4.169711720130339,0.3127721758533561,False,True,False,SENESCENCE_PIGMENT_ONLY,SCREENING_ANOMALY,1.6991833448410034,0.2848373413085937,1.2212524265050888,PASS,NO_LOW_STATURE_EVIDENCE,NONE,NO_LOW_STATURE_EVIDENCE,False,False,False,False,False,0,2,PARTIAL_2_OF_3,NO_SUPPORTED_MAJOR_DOMAIN_ANOMALY,SCREENING_PRIORITY,"Screening-level spectral evidence is present, but no major domain reaches the supported multi-indicator condition.","Cross-domain agreement represents internal corroboration. It does not prove that water status, biochemical change, disease, or another factor caused the structural condition."
327,327,1.0597826045783325,-0.4012103334546323,0.4486401390114123,-0.0802451791595929,NO_ANOMALY,NO_ANOMALY,NO_ABNORMALITY,NO_CONCORDANT_WATER_ANOMALY,NO_CONCORDANT_ANOMALY,HIGH,0.3446318634783147,1.1947690441941117,727.8032108536081,0.126137711720394,1.2848051679484385,4.1224270909934,0.5712111170133914,False,False,False,NO_CONCORDANT_BIOCHEMICAL_DECLINE,NO_CONCORDANT_ANOMALY,2.4270186901092528,2.178993225097656,0.5612567365169525,PASS,NO_LOW_STATURE_EVIDENCE,NONE,NO_LOW_STATURE_EVIDENCE,False,False,False,False,False,0,3,COMPLETE_3_OF_3,NO_SUPPORTED_MAJOR_DOMAIN_ANOMALY,NO_SUPPORTED_ANOMALY,No supported concordant anomaly evidence is identified across the assessed domains.,"Cross-domain agreement represents internal corroboration. It does not prove that water status, biochemical change, disease, or another factor caused the structural condition."
328,328,,-0.2051217173758671,0.2655481049251744,,NOT_ASSESSABLE,NO_ANOMALY,NOT_ASSESSABLE,WATER_STATUS_NOT_FULLY_ASSESSABLE,NOT_FULLY_ASSESSABLE,LIMITED,,,,,,,,False,False,False,NOT_FULLY_ASSESSABLE,NOT_FULLY_ASSESSABLE,2.699234271049499,2.1353012084960934,1.5902664065361023,PASS,NO_LOW_STATURE_EVIDENCE,NONE,NO_LOW_STATURE_EVIDENCE,True,False,False,False,False,0,1,LIMITED_0_OR_1_OF_3,NO_SUPPORTED_MAJOR_DOMAIN_ANOMALY,DATA_LIMITED_REVIEW,"No supported major-domain anomaly is identified, but the assessment is incomplete or contains inconclusive evidence.","Cross-domain agreement represents internal corroboration. It does not prove that water status, biochemical change, disease, or another factor caused the structural condition."
329,329,1.0252136276050934,-0.3611713468070544,0.4108847266109046,-0.0876553245023109,NO_ANOMALY,NO_ANOMALY,NO_ABNORMALITY,NO_CONCORDANT_WATER_ANOMALY,NO_CONCORDANT_ANOMALY,HIGH,0.2967265129129591,0.9225794716095778,727.1052352286046,0.151799154838858,1.345252177960303,3.706787953111693,0.5327235576356597,False,False,False,NO_CONCORDANT_BIOCHEMICAL_DECLINE,NO_CONCORDANT_ANOMALY,1.9993187189102173,1.896592712402344,1.0050857067108154,PASS,NO_LOW_STATURE_EVIDENCE,NONE,NO_LOW_STATURE_EVIDENCE,False,False,False,False,False,0,3,COMPLETE_3_OF_3,NO_SUPPORTED_MAJOR_DOMAIN_ANOMALY,NO_SUPPORTED_ANOMALY,No supported concordant anomaly evidence is identified across the assessed domains.,"Cross-domain agreement represents internal corroboration. It does not prove that water status, biochemical change, disease, or another factor caused the structural condition."
332,332,0.9624259136584412,,,-0.0785228918943506,ANOMALOUS,NOT_ASSESSABLE,NO_ABNORMALITY,NOT_FULLY_ASSESSABLE_ISOLATED_ANOMALY,SCREENING_ANOMALY,LIMITED,0.2092135674886333,0.5794869255674495,725.9871043949205,0.224334168137047,1.6044129002460532,4.665009616251824,0.3858551292256784,False,False,True,NO_CONCORDANT_BIOCHEMICAL_DECLINE,NO_CONCORDANT_ANOMALY,1.99871444106102,1.7598068237304687,1.5751891657710075,PASS,NO_LOW_STATURE_EVIDENCE,NONE,NO_LOW_STATURE_EVIDENCE,True,False,False,False,False,0,2,PARTIAL_2_OF_3,NO_SUPPORTED_MAJOR_DOMAIN_ANOMALY,SCREENING_PRIORITY,"Screening-level spectral evidence is present, but no major domain reaches the supported multi-indicator condition.","Cross-domain agreement represents internal corroboration. It does not prove that water status, biochemical change, disease, or another factor caused the structural condition."
333,333,0.961699811495369,-0.2105442937862796,0.2888727313988204,-0.0865852955586166,ANOMALOUS,NO_ANOMALY,NO_ABNORMALITY,ISOLATED_DIRECT_WATER_ANOMALY,SCREENING_ANOMALY,HIGH,0.2051563408790452,0.5561819988796607,724.9613868683078,0.2154502695889096,1.566640933985642,4.242602753533246,0.3965641377014195,False,False,False,NO_CONCORDANT_BIOCHEMICAL_DECLINE,NO_CONCORDANT_ANOMALY,1.804037404060364,1.66500244140625,1.3318967819213867,PASS,NO_LOW_STATURE_EVIDENCE,NONE,NO_LOW_STATURE_EVIDENCE,False,False,False,False,False,0,3,COMPLETE_3_OF_3,NO_SUPPORTED_MAJOR_DOMAIN_ANOMALY,SCREENING_PRIORITY,"Screening-level spectral evidence is present, but no major domain reaches the supported multi-indicator condition.","Cross-domain agreement represents internal corroboration. It does not prove that water status, biochemical change, disease, or another factor caused the structural condition."
334,334,0.9756950830746598,,,-0.0822471881217643,ANOMALOUS,NOT_ASSESSABLE,NO_ABNORMALITY,NOT_FULLY_ASSESSABLE_ISOLATED_ANOMALY,SCREENING_ANOMALY,LIMITED,0.1705936342506226,0.4212309012210943,723.9384575164916,0.2495732519742458,1.6743563907562402,3.675530716129326,0.3111779791533816,True,True,False,CONCORDANT_BIOCHEMICAL_DECLINE,SUPPORTED_ANOMALY,0.4231332182884221,0.2919921875,0.0393807813525199,PASS,CORROBORATED_LOW_STRUCTURAL_STATURE,CORROBORATED,LOW_STATURE_CORROBORATED,False,False,True,True,True,2,2,PARTIAL_2_OF_3,BIOCHEMICAL_STRUCTURE_ONLY,MULTI_DOMAIN_PRIORITY,Supported biochemical decline coincides with relatively low structural stature; a supported water-status anomaly is not present.,"Cross-domain agreement represents internal corroboration. It does not prove that water status, biochemical change, disease, or another factor caused the structural condition."
335,335,0.995620432075528,-0.1788212980935075,0.2643652886304983,-0.0812021547314382,NO_ANOMALY,NO_ANOMALY,NO_ABNORMALITY,NO_CONCORDANT_WATER_ANOMALY,NO_CONCORDANT_ANOMALY,HIGH,0.1820866456403352,0.4830958305518757,725.4354724425118,0.2507969998980365,1.723741894261199,4.21506890581323,0.3484494196609895,False,True,False,SENESCENCE_PIGMENT_ONLY,SCREENING_ANOMALY,2.2728473663330075,1.95389404296875,1.569222256541252,PASS,NO_LOW_STATURE_EVIDENCE,NONE,NO_LOW_STATURE_EVIDENCE,True,False,False,False,False,0,3,COMPLETE_3_OF_3,NO_SUPPORTED_MAJOR_DOMAIN_ANOMALY,SCREENING_PRIORITY,"Screening-level spectral evidence is present, but no major domain reaches the supported multi-indicator condition.","Cross-domain agreement represents internal corroboration. It does not prove that water status, biochemical change, disease, or another factor caused the structural condition."
336,336,0.999667187516627,-0.3086390685518302,0.3792974178693191,-0.0755332456924648,NO_ANOMALY,NO_ANOMALY,NO_ABNORMALITY,NO_CONCORDANT_WATER_ANOMALY,NO_CONCORDANT_ANOMALY,HIGH,0.317463318325151,0.9884931844890132,726.9003090112974,0.1299066376244339,1.2623719114243896,3.1049837684273767,0.5369148664370549,False,False,False,NO_CONCORDANT_BIOCHEMICAL_DECLINE,NO_CONCORDANT_ANOMALY,2.108034873008728,1.9287506103515624,1.525456219911575,PASS,NO_LOW_STATURE_EVIDENCE,NONE,NO_LOW_STATURE_EVIDENCE,True,False,False,False,False,0,3,COMPLETE_3_OF_3,NO_SUPPORTED_MAJOR_DOMAIN_ANOMALY,NO_SUPPORTED_ANOMALY,No supported concordant anomaly evidence is identified across the assessed domains.,"Cross-domain agreement represents internal corroboration. It does not prove that water status, biochemical change, disease, or another factor caused the structural condition."
337,337,1.0486222182198666,-0.2395575386643586,0.3340076441597364,-0.0782342334886758,NO_ANOMALY,NO_ANOMALY,NO_ABNORMALITY,NO_CONCORDANT_WATER_ANOMALY,NO_CONCORDANT_ANOMALY,HIGH,0.2572763817560063,0.7602679462738294,727.5679496486737,0.1983784666879772,1.4497911675557558,4.674664407220283,0.4479935873571647,False,False,True,NO_CONCORDANT_BIOCHEMICAL_DECLINE,NO_CONCORDANT_ANOMALY,1.7328342795372007,0.3149871826171875,0.9066751152276992,PASS,NO_LOW_STATURE_EVIDENCE,NONE,NO_LOW_STATURE_EVIDENCE,False,False,False,False,False,0,3,COMPLETE_3_OF_3,NO_SUPPORTED_MAJOR_DOMAIN_ANOMALY,NO_SUPPORTED_ANOMALY,No supported concordant anomaly evidence is identified across the assessed domains.,"Cross-domain agreement represents internal corroboration. It does not prove that water status, biochemical change, disease, or another factor caused the structural condition."
339,339,0.99537427221827,,,-0.095151874155034,NO_ANOMALY,NOT_ASSESSABLE,ABNORMAL,WATER_STATUS_NOT_FULLY_ASSESSABLE,NOT_FULLY_ASSESSABLE,LIMITED,0.1214954225406113,0.292764250403041,723.6946739612833,0.3235553722807865,2.1059531243732734,4.802795390991131,0.2640769425536251,True,True,True,STRONG_CONCORDANT_BIOCHEMICAL_DECLINE,SUPPORTED_ANOMALY,1.7948820888996124,0.2774917602539062,0.313384935259819,WARN,NO_LOW_STATURE_EVIDENCE,NONE,NO_LOW_STATURE_EVIDENCE,False,False,True,False,False,1,2,PARTIAL_2_OF_3,BIOCHEMICAL_ONLY,SINGLE_DOMAIN_PRIORITY,Supported biochemical decline is present without another supported major-domain signal.,"Cross-domain agreement represents internal corroboration. It does not prove that water status, biochemical change, disease, or another factor caused the structural condition."
340,340,0.9873876896043374,,,-0.0909042509882751,NO_ANOMALY,NOT_ASSESSABLE,ABNORMAL,WATER_STATUS_NOT_FULLY_ASSESSABLE,NOT_FULLY_ASSESSABLE,LIMITED,0.1362108020912019,0.337478986809652,723.4693000012644,0.305416378543773,1.997891592709068,3.943039677129264,0.276874631990651,True,True,False,CONCORDANT_BIOCHEMICAL_DECLINE,SUPPORTED_ANOMALY,1.6683390855789182,1.0508537292480469,0.0566541850566864,WARN,NO_LOW_STATURE_EVIDENCE,NONE,NO_LOW_STATURE_EVIDENCE,False,False,True,False,False,1,2,PARTIAL_2_OF_3,BIOCHEMICAL_ONLY,SINGLE_DOMAIN_PRIORITY,Supported biochemical decline is present without another supported major-domain signal.,"Cross-domain agreement represents internal corroboration. It does not prove that water status, biochemical change, disease, or another factor caused the structural condition."
341,341,1.003374725326201,-0.3022619096852555,0.3666873239903551,-0.0844389727501723,NO_ANOMALY,NO_ANOMALY,NO_ABNORMALITY,NO_CONCORDANT_WATER_ANOMALY,NO_CONCORDANT_ANOMALY,HIGH,0.2449001491589377,0.7367632649930399,726.4843296214691,0.1878379220046583,1.4920425555834895,4.270757080844552,0.4580815984420225,False,False,False,NO_CONCORDANT_BIOCHEMICAL_DECLINE,NO_CONCORDANT_ANOMALY,2.208806705474853,2.158997344970703,1.7395669221878052,PASS,NO_LOW_STATURE_EVIDENCE,NONE,NO_LOW_STATURE_EVIDENCE,True,False,False,False,False,0,3,COMPLETE_3_OF_3,NO_SUPPORTED_MAJOR_DOMAIN_ANOMALY,NO_SUPPORTED_ANOMALY,No supported concordant anomaly evidence is identified across the assessed domains.,"Cross-domain agreement represents internal corroboration. It does not prove that water status, biochemical change, disease, or another factor caused the structural condition."
342,342,1.0345991024101262,-0.3269937491879131,0.378289641502988,-0.0836721812804195,NO_ANOMALY,NO_ANOMALY,NO_ABNORMALITY,NO_CONCORDANT_WATER_ANOMALY,NO_CONCORDANT_ANOMALY,HIGH,0.2739980375720829,0.8600066269031915,726.1790623812989,0.1652092100746457,1.464096863587275,4.366611115168942,0.4938751925839185,False,False,False,NO_CONCORDANT_BIOCHEMICAL_DECLINE,NO_CONCORDANT_ANOMALY,2.1822016835212708,2.029596710205078,1.6440040841698649,PASS,NO_LOW_STATURE_EVIDENCE,NONE,NO_LOW_STATURE_EVIDENCE,True,False,False,False,False,0,3,COMPLETE_3_OF_3,NO_SUPPORTED_MAJOR_DOMAIN_ANOMALY,NO_SUPPORTED_ANOMALY,No supported concordant anomaly evidence is identified across the assessed domains.,"Cross-domain agreement represents internal corroboration. It does not prove that water status, biochemical change, disease, or another factor caused the structural condition."
343,343,0.993285461167814,,,-0.08153285196199,NO_ANOMALY,NOT_ASSESSABLE,NO_ABNORMALITY,WATER_STATUS_NOT_FULLY_ASSESSABLE,NOT_FULLY_ASSESSABLE,LIMITED,0.2115446024996578,0.5541413096369654,725.963197567072,0.2250352115217608,1.536351889812678,3.6875130533788743,0.3781566517768948,False,False,False,NO_CONCORDANT_BIOCHEMICAL_DECLINE,NO_CONCORDANT_ANOMALY,0.4060989156365394,0.3628471374511718,0.0579201802611351,WARN,CORROBORATED_LOW_STRUCTURAL_STATURE,CORROBORATED,LOW_STATURE_CORROBORATED,False,False,False,True,True,1,2,PARTIAL_2_OF_3,STRUCTURE_ONLY,SINGLE_DOMAIN_PRIORITY,Relatively low structural stature is present without another supported major-domain anomaly.,"Cross-domain agreement represents internal corroboration. It does not prove that water status, biochemical change, disease, or another factor caused the structural condition."
344,344,0.9950414825657616,-0.1151860525423022,0.2302962523207778,-0.0792858133118445,NO_ANOMALY,ANOMALOUS_CONCORDANT,NO_ABNORMALITY,ISOLATED_DIRECT_WATER_ANOMALY,SCREENING_ANOMALY,HIGH,0.1829880254008122,0.4599911442229183,726.2981426410693,0.2451160156799524,1.5922920689382625,4.031035020608067,0.3476582589655835,False,False,False,NO_CONCORDANT_BIOCHEMICAL_DECLINE,NO_CONCORDANT_ANOMALY,0.4389283820986747,0.423004150390625,0.0575312972068786,WARN,CORROBORATED_LOW_STRUCTURAL_STATURE,CORROBORATED,LOW_STATURE_CORROBORATED,False,False,False,True,True,1,3,COMPLETE_3_OF_3,STRUCTURE_ONLY,SINGLE_DOMAIN_PRIORITY,Relatively low structural stature is present without another supported major-domain anomaly.,"Cross-domain agreement represents internal corroboration. It does not prove that water status, biochemical change, disease, or another factor caused the structural condition."
345,345,1.0148482703935728,-0.2611689986140857,0.3358207475069162,-0.0785751075045185,NO_ANOMALY,NO_ANOMALY,NO_ABNORMALITY,NO_CONCORDANT_WATER_ANOMALY,NO_CONCORDANT_ANOMALY,HIGH,0.2575885149853297,0.7382954545499544,727.1115960461045,0.1861333710972902,1.4137405289085678,4.133973775685453,0.4461951961360588,False,False,False,NO_CONCORDANT_BIOCHEMICAL_DECLINE,NO_CONCORDANT_ANOMALY,1.7534798383712766,1.6439971923828125,1.3071663975715635,WARN,NO_LOW_STATURE_EVIDENCE,NONE,NO_LOW_STATURE_EVIDENCE,False,False,False,False,False,0,3,COMPLETE_3_OF_3,NO_SUPPORTED_MAJOR_DOMAIN_ANOMALY,NO_SUPPORTED_ANOMALY,No supported concordant anomaly evidence is identified across the assessed domains.,"Cross-domain agreement represents internal corroboration. It does not prove that water status, biochemical change, disease, or another factor caused the structural condition."
347,347,0.8596208393573761,,,-0.0842930341636092,ANOMALOUS,NOT_ASSESSABLE,NO_ABNORMALITY,NOT_FULLY_ASSESSABLE_ISOLATED_ANOMALY,SCREENING_ANOMALY,LIMITED,0.1541631445553723,0.3862894463191565,723.9298894332114,0.2826813349970641,1.8222544556948652,5.06973841176926,0.3098769495270336,True,True,True,STRONG_CONCORDANT_BIOCHEMICAL_DECLINE,SUPPORTED_ANOMALY,1.976450181007385,1.7622413635253906,0.9386136755347252,PASS,NO_LOW_STATURE_EVIDENCE,NONE,NO_LOW_STATURE_EVIDENCE,False,False,True,False,False,1,2,PARTIAL_2_OF_3,BIOCHEMICAL_ONLY,SINGLE_DOMAIN_PRIORITY,Supported biochemical decline is present without another supported major-domain signal.,"Cross-domain agreement represents internal corroboration. It does not prove that water status, biochemical change, disease, or another factor caused the structural condition."
348,348,1.0140723921834014,-0.3502890254410923,0.4018445147459097,-0.0669074546970492,NO_ANOMALY,NO_ANOMALY,NO_ABNORMALITY,NO_CONCORDANT_WATER_ANOMALY,NO_CONCORDANT_ANOMALY,HIGH,0.3655661732935771,1.22669538658324,728.1988929561205,0.1080217239839008,1.1982725779593577,2.430567870797998,0.5713585076830605,False,False,False,NO_CONCORDANT_BIOCHEMICAL_DECLINE,NO_CONCORDANT_ANOMALY,0.4028262540698051,0.371002197265625,0.0429240763187408,WARN,CORROBORATED_LOW_STRUCTURAL_STATURE,CORROBORATED,LOW_STATURE_CORROBORATED,False,False,False,True,True,1,3,COMPLETE_3_OF_3,STRUCTURE_ONLY,SINGLE_DOMAIN_PRIORITY,Relatively low structural stature is present without another supported major-domain anomaly.,"Cross-domain agreement represents internal corroboration. It does not prove that water status, biochemical change, disease, or another factor caused the structural condition."
349,349,0.9933557425585468,-0.2256794560536582,0.3059703743475292,-0.0846583326050768,NO_ANOMALY,NO_ANOMALY,NO_ABNORMALITY,NO_CONCORDANT_WATER_ANOMALY,NO_CONCORDANT_ANOMALY,HIGH,0.2192681232786566,0.6001194071290648,725.534009960633,0.2038300348094034,1.527503001119281,3.534577840663516,0.4163508266800478,False,False,False,NO_CONCORDANT_BIOCHEMICAL_DECLINE,NO_CONCORDANT_ANOMALY,1.8381106853485107,1.514791870117187,1.416309893131256,PASS,NO_LOW_STATURE_EVIDENCE,NONE,NO_LOW_STATURE_EVIDENCE,True,False,False,False,False,0,3,COMPLETE_3_OF_3,NO_SUPPORTED_MAJOR_DOMAIN_ANOMALY,NO_SUPPORTED_ANOMALY,No supported concordant anomaly evidence is identified across the assessed domains.,"Cross-domain agreement represents internal corroboration. It does not prove that water status, biochemical change, disease, or another factor caused the structural condition."
350,350,,,,,NOT_ASSESSABLE,NOT_ASSESSABLE,NOT_ASSESSABLE,WATER_STATUS_NOT_FULLY_ASSESSABLE,NOT_FULLY_ASSESSABLE,LIMITED,,,,,,,,False,False,False,NOT_FULLY_ASSESSABLE,NOT_FULLY_ASSESSABLE,1.6373457133769989,1.5620834350585937,0.1979726552963256,PASS,LOW_STATURE_LAS_ONLY,SINGLE_MEASUREMENT,LOW_STATURE_LAS_ONLY,False,False,False,True,False,1,1,LIMITED_0_OR_1_OF_3,STRUCTURE_ONLY,SINGLE_DOMAIN_PRIORITY,Relatively low structural stature is present without another supported major-domain anomaly. Structural low-stature evidence is based on LAS H_P95 without raster-CHM corroboration.,"Cross-domain agreement represents internal corroboration. It does not prove that water status, biochemical change, disease, or another factor caused the structural condition."
351,351,0.9908832609653472,-0.2832511989042506,0.3408136118649294,-0.081819979382238,NO_ANOMALY,NO_ANOMALY,NO_ABNORMALITY,NO_CONCORDANT_WATER_ANOMALY,NO_CONCORDANT_ANOMALY,MODERATE,0.238696096071316,0.6737576969068925,725.717081030435,0.1813294688170635,1.4670173481871234,4.132806335896952,0.4427500119215735,False,False,False,NO_CONCORDANT_BIOCHEMICAL_DECLINE,NO_CONCORDANT_ANOMALY,1.8563140094280244,1.761939239501953,1.4069437682628632,PASS,NO_LOW_STATURE_EVIDENCE,NONE,NO_LOW_STATURE_EVIDENCE,True,False,False,False,False,0,3,COMPLETE_3_OF_3,NO_SUPPORTED_MAJOR_DOMAIN_ANOMALY,NO_SUPPORTED_ANOMALY,No supported concordant anomaly evidence is identified across the assessed domains.,"Cross-domain agreement represents internal corroboration. It does not prove that water status, biochemical change, disease, or another factor caused the structural condition."
352,352,1.04265775647466,-0.2334100186422011,0.3216817279218305,-0.0761125089605482,NO_ANOMALY,NO_ANOMALY,NO_ABNORMALITY,NO_CONCORDANT_WATER_ANOMALY,NO_CONCORDANT_ANOMALY,HIGH,0.2422966494316628,0.6813008652155884,726.4959265045444,0.18575596039394,1.418450837199849,3.9368923670687455,0.4370460960708378,False,False,False,NO_CONCORDANT_BIOCHEMICAL_DECLINE,NO_CONCORDANT_ANOMALY,2.722487652301788,1.914287567138672,1.7235751450061798,PASS,NO_LOW_STATURE_EVIDENCE,NONE,NO_LOW_STATURE_EVIDENCE,True,False,False,False,False,0,3,COMPLETE_3_OF_3,NO_SUPPORTED_MAJOR_DOMAIN_ANOMALY,NO_SUPPORTED_ANOMALY,No supported concordant anomaly evidence is identified across the assessed domains.,"Cross-domain agreement represents internal corroboration. It does not prove that water status, biochemical change, disease, or another factor caused the structural condition."
353,353,,,,,NOT_ASSESSABLE,NOT_ASSESSABLE,NOT_ASSESSABLE,WATER_STATUS_NOT_FULLY_ASSESSABLE,NOT_FULLY_ASSESSABLE,LIMITED,,,,,,,,False,False,False,NOT_FULLY_ASSESSABLE,NOT_FULLY_ASSESSABLE,1.9374626278877256,1.5340957641601562,1.348649263381958,PASS,NO_LOW_STATURE_EVIDENCE,NONE,NO_LOW_STATURE_EVIDENCE,False,False,False,False,False,0,1,LIMITED_0_OR_1_OF_3,NO_SUPPORTED_MAJOR_DOMAIN_ANOMALY,DATA_LIMITED_REVIEW,"No supported major-domain anomaly is identified, but the assessment is incomplete or contains inconclusive evidence.","Cross-domain agreement represents internal corroboration. It does not prove that water status, biochemical change, disease, or another factor caused the structural condition."
356,356,0.9790857260654032,,,-0.0875810912228474,NO_ANOMALY,NOT_ASSESSABLE,NO_ABNORMALITY,WATER_STATUS_NOT_FULLY_ASSESSABLE,NOT_FULLY_ASSESSABLE,LIMITED,0.2616893591843703,0.7904279659955901,725.7792098566784,0.1803321617360926,1.4904621704191914,3.8428952252125392,0.4952297035979379,False,False,False,NO_CONCORDANT_BIOCHEMICAL_DECLINE,NO_CONCORDANT_ANOMALY,2.525800299644469,2.028793334960937,1.7847658917307854,PASS,NO_LOW_STATURE_EVIDENCE,NONE,NO_LOW_STATURE_EVIDENCE,True,False,False,False,False,0,2,PARTIAL_2_OF_3,NO_SUPPORTED_MAJOR_DOMAIN_ANOMALY,DATA_LIMITED_REVIEW,"No supported major-domain anomaly is identified, but the assessment is incomplete or contains inconclusive evidence.","Cross-domain agreement represents internal corroboration. It does not prove that water status, biochemical change, disease, or another factor caused the structural condition."
357,357,0.9608717841617778,-0.3978480364067986,0.4530681607529733,-0.0844445145925383,ANOMALOUS,NO_ANOMALY,NO_ABNORMALITY,ISOLATED_DIRECT_WATER_ANOMALY,SCREENING_ANOMALY,HIGH,0.2886752736682473,0.845516886738659,725.7971543777433,0.1235192663353395,1.1971169660960392,7.006662194373527,0.5921243262120186,False,False,True,NO_CONCORDANT_BIOCHEMICAL_DECLINE,NO_CONCORDANT_ANOMALY,1.3630395531654351,0.5546859741210938,0.4048492610454559,PASS,CORROBORATED_LOW_STRUCTURAL_STATURE,CORROBORATED,LOW_STATURE_CORROBORATED,False,False,False,True,True,1,3,COMPLETE_3_OF_3,STRUCTURE_ONLY,SINGLE_DOMAIN_PRIORITY,Relatively low structural stature is present without another supported major-domain anomaly.,"Cross-domain agreement represents internal corroboration. It does not prove that water status, biochemical change, disease, or another factor caused the structural condition."
358,358,1.0183852759088938,-0.2551901577576551,0.334209098239782,-0.0736427299059867,NO_ANOMALY,NO_ANOMALY,NO_ABNORMALITY,NO_CONCORDANT_WATER_ANOMALY,NO_CONCORDANT_ANOMALY,HIGH,0.2221259140831525,0.6246567991251948,725.9182994619528,0.1995577298114608,1.5362106934817965,4.605164204930299,0.4111869220501333,False,False,True,NO_CONCORDANT_BIOCHEMICAL_DECLINE,NO_CONCORDANT_ANOMALY,2.151441526412964,1.7634033203125,1.524565726518631,PASS,NO_LOW_STATURE_EVIDENCE,NONE,NO_LOW_STATURE_EVIDENCE,True,False,False,False,False,0,3,COMPLETE_3_OF_3,NO_SUPPORTED_MAJOR_DOMAIN_ANOMALY,NO_SUPPORTED_ANOMALY,No supported concordant anomaly evidence is identified across the assessed domains.,"Cross-domain agreement represents internal corroboration. It does not prove that water status, biochemical change, disease, or another factor caused the structural condition."
359,359,0.9868518458408058,-0.1849708284075464,0.2760715331655815,-0.0803875243655735,NO_ANOMALY,NO_ANOMALY,NO_ABNORMALITY,NO_CONCORDANT_WATER_ANOMALY,NO_CONCORDANT_ANOMALY,HIGH,0.2237622164985508,0.5991718584784294,726.9001786201369,0.2216295425599625,1.512021185124962,3.8350252658240023,0.3887956697018044,False,False,False,NO_CONCORDANT_BIOCHEMICAL_DECLINE,NO_CONCORDANT_ANOMALY,1.2665748238563537,0.410003662109375,0.0538827329874038,WARN,CORROBORATED_LOW_STRUCTURAL_STATURE,CORROBORATED,LOW_STATURE_CORROBORATED,False,False,False,True,True,1,3,COMPLETE_3_OF_3,STRUCTURE_ONLY,SINGLE_DOMAIN_PRIORITY,Relatively low structural stature is present without another supported major-domain anomaly.,"Cross-domain agreement represents internal corroboration. It does not prove that water status, biochemical change, disease, or another factor caused the structural condition."
360,360,0.9770379253196034,,,-0.0867852806472416,ANOMALOUS,NOT_ASSESSABLE,NO_ABNORMALITY,NOT_FULLY_ASSESSABLE_ISOLATED_ANOMALY,SCREENING_ANOMALY,LIMITED,0.2535080581229654,0.7490302339272077,725.5458493502806,0.1831151664550435,1.4833735110359174,3.4935493321026865,0.4824975762370416,False,False,False,NO_CONCORDANT_BIOCHEMICAL_DECLINE,NO_CONCORDANT_ANOMALY,2.033002424240112,1.9707450866699217,1.627425029873848,PASS,NO_LOW_STATURE_EVIDENCE,NONE,NO_LOW_STATURE_EVIDENCE,True,False,False,False,False,0,2,PARTIAL_2_OF_3,NO_SUPPORTED_MAJOR_DOMAIN_ANOMALY,SCREENING_PRIORITY,"Screening-level spectral evidence is present, but no major domain reaches the supported multi-indicator condition.","Cross-domain agreement represents internal corroboration. It does not prove that water status, biochemical change, disease, or another factor caused the structural condition."
361,361,0.967028159425284,-0.171113446559863,0.2529529931480171,-0.0869244833984002,ANOMALOUS,PARTIAL_DISCORDANT,NO_ABNORMALITY,SWIR_DISCORDANT_INSUFFICIENT_EVIDENCE,INCONCLUSIVE,HIGH,0.2046910247697183,0.5538751261857985,725.7608215344192,0.2400096323591841,1.62897196829653,4.001096137367829,0.3709568295097037,False,True,False,SENESCENCE_PIGMENT_ONLY,SCREENING_ANOMALY,1.5491324543952942,0.3914939880371094,0.0442195460200309,WARN,CORROBORATED_LOW_STRUCTURAL_STATURE,CORROBORATED,LOW_STATURE_CORROBORATED,False,False,False,True,True,1,3,COMPLETE_3_OF_3,STRUCTURE_ONLY,SINGLE_DOMAIN_PRIORITY,Relatively low structural stature is present without another supported major-domain anomaly.,"Cross-domain agreement represents internal corroboration. It does not prove that water status, biochemical change, disease, or another factor caused the structural condition."
362,362,1.0120194322636549,-0.3747977080632906,0.4281509845245985,-0.0812910005766818,NO_ANOMALY,NO_ANOMALY,NO_ABNORMALITY,NO_CONCORDANT_WATER_ANOMALY,NO_CONCORDANT_ANOMALY,HIGH,0.3328183480752508,1.13611476326145,727.2027948255688,0.1510361644497408,1.3577670243976172,4.515296371269544,0.5719051919244286,False,False,True,NO_CONCORDANT_BIOCHEMICAL_DECLINE,NO_CONCORDANT_ANOMALY,2.7850215554237367,2.21499252319336,0.8663061261177063,PASS,NO_LOW_STATURE_EVIDENCE,NONE,NO_LOW_STATURE_EVIDENCE,False,False,False,False,False,0,3,COMPLETE_3_OF_3,NO_SUPPORTED_MAJOR_DOMAIN_ANOMALY,NO_SUPPORTED_ANOMALY,No supported concordant anomaly evidence is identified across the assessed domains.,"Cross-domain agreement represents internal corroboration. It does not prove that water status, biochemical change, disease, or another factor caused the structural condition."
363,363,0.9754919947364228,,,-0.0919687873452921,ANOMALOUS,NOT_ASSESSABLE,ABNORMAL,NOT_FULLY_ASSESSABLE_ISOLATED_ANOMALY,SCREENING_ANOMALY,LIMITED,0.2047788371500244,0.5651438451168104,726.3630529902227,0.2469805130825213,1.677693426037981,4.198885812187728,0.3744124125462457,False,True,False,SENESCENCE_PIGMENT_ONLY,SCREENING_ANOMALY,2.051210057735443,2.008488464355469,1.4377542287111282,PASS,NO_LOW_STATURE_EVIDENCE,NONE,NO_LOW_STATURE_EVIDENCE,True,False,False,False,False,0,2,PARTIAL_2_OF_3,NO_SUPPORTED_MAJOR_DOMAIN_ANOMALY,SCREENING_PRIORITY,"Screening-level spectral evidence is present, but no major domain reaches the supported multi-indicator condition.","Cross-domain agreement represents internal corroboration. It does not prove that water status, biochemical change, disease, or another factor caused the structural condition."
365,365,1.0430447713912834,-0.1671053972403115,0.2390447674581481,-0.0935054784123614,NO_ANOMALY,ANOMALOUS_CONCORDANT,ABNORMAL,ISOLATED_DIRECT_WATER_ANOMALY,SCREENING_ANOMALY,HIGH,0.175356879258997,0.4777226932378652,724.9643282745668,0.2547937514473018,1.7973652301352374,4.388794146714316,0.3526235553002232,True,True,False,CONCORDANT_BIOCHEMICAL_DECLINE,SUPPORTED_ANOMALY,2.113193321228027,2.2565902709960937,1.7090981677174568,PASS,NO_LOW_STATURE_EVIDENCE,NONE,NO_LOW_STATURE_EVIDENCE,True,False,True,False,False,1,3,COMPLETE_3_OF_3,BIOCHEMICAL_ONLY,SINGLE_DOMAIN_PRIORITY,Supported biochemical decline is present without another supported major-domain signal.,"Cross-domain agreement represents internal corroboration. It does not prove that water status, biochemical change, disease, or another factor caused the structural condition."
367,367,1.052141300360422,-0.4417188896914655,0.4814485075700193,-0.0784876410694024,NO_ANOMALY,NO_ANOMALY,NO_ABNORMALITY,NO_CONCORDANT_WATER_ANOMALY,NO_CONCORDANT_ANOMALY,HIGH,0.359189031186011,1.2711514443191356,728.04886274995,0.1276249247252607,1.283526397691277,4.358639946000481,0.601774661973902,False,False,False,NO_CONCORDANT_BIOCHEMICAL_DECLINE,NO_CONCORDANT_ANOMALY,2.468171429634094,2.409304809570312,0.5157788395881653,PASS,NO_LOW_STATURE_EVIDENCE,NONE,NO_LOW_STATURE_EVIDENCE,False,False,False,False,False,0,3,COMPLETE_3_OF_3,NO_SUPPORTED_MAJOR_DOMAIN_ANOMALY,NO_SUPPORTED_ANOMALY,No supported concordant anomaly evidence is identified across the assessed domains.,"Cross-domain agreement represents internal corroboration. It does not prove that water status, biochemical change, disease, or another factor caused the structural condition."
368,368,1.0355712249301965,,,-0.0869465243138401,NO_ANOMALY,NOT_ASSESSABLE,NO_ABNORMALITY,WATER_STATUS_NOT_FULLY_ASSESSABLE,NOT_FULLY_ASSESSABLE,LIMITED,0.2434674443358188,0.7118844916191371,725.6615358356588,0.1781650014568923,1.466827433861485,3.650693233635302,0.464820500994297,False,False,False,NO_CONCORDANT_BIOCHEMICAL_DECLINE,NO_CONCORDANT_ANOMALY,2.369199275970459,2.1503921508789063,0.4049092531204223,PASS,NO_LOW_STATURE_EVIDENCE,NONE,NO_LOW_STATURE_EVIDENCE,False,False,False,False,False,0,2,PARTIAL_2_OF_3,NO_SUPPORTED_MAJOR_DOMAIN_ANOMALY,DATA_LIMITED_REVIEW,"No supported major-domain anomaly is identified, but the assessment is incomplete or contains inconclusive evidence.","Cross-domain agreement represents internal corroboration. It does not prove that water status, biochemical change, disease, or another factor caused the structural condition."
369,369,1.0200136785853169,-0.1493697402444486,0.2231466207575045,-0.0910272628960133,NO_ANOMALY,ANOMALOUS_CONCORDANT,ABNORMAL,ISOLATED_DIRECT_WATER_ANOMALY,SCREENING_ANOMALY,HIGH,0.1903851577107154,0.5244827034984932,725.5702495663088,0.2548420457549411,1.755770623008443,4.489085897239007,0.3554076992190667,False,True,True,SENESCENCE_PIGMENT_ONLY,SCREENING_ANOMALY,1.87013590335846,0.2945533752441406,1.0742920339107511,PASS,NO_LOW_STATURE_EVIDENCE,NONE,NO_LOW_STATURE_EVIDENCE,False,False,False,False,False,0,3,COMPLETE_3_OF_3,NO_SUPPORTED_MAJOR_DOMAIN_ANOMALY,SCREENING_PRIORITY,"Screening-level spectral evidence is present, but no major domain reaches the supported multi-indicator condition.","Cross-domain agreement represents internal corroboration. It does not prove that water status, biochemical change, disease, or another factor caused the structural condition."
370,370,1.030819814189561,-0.4167145725855557,0.4451428745765607,-0.0854007075455801,NO_ANOMALY,NO_ANOMALY,NO_ABNORMALITY,NO_CONCORDANT_WATER_ANOMALY,NO_CONCORDANT_ANOMALY,HIGH,0.308263448937909,0.9629507352533488,725.8281612045367,0.128221304012785,1.2820816459230029,3.3721220247875103,0.5611778387619231,False,False,False,NO_CONCORDANT_BIOCHEMICAL_DECLINE,NO_CONCORDANT_ANOMALY,2.39805166721344,2.2530876159667965,1.0995469093322754,PASS,NO_LOW_STATURE_EVIDENCE,NONE,NO_LOW_STATURE_EVIDENCE,False,False,False,False,False,0,3,COMPLETE_3_OF_3,NO_SUPPORTED_MAJOR_DOMAIN_ANOMALY,NO_SUPPORTED_ANOMALY,No supported concordant anomaly evidence is identified across the assessed domains.,"Cross-domain agreement represents internal corroboration. It does not prove that water status, biochemical change, disease, or another factor caused the structural condition."
371,371,0.9817175567150116,-0.2442166477669382,0.3061091649734709,-0.0865304526224711,NO_ANOMALY,NO_ANOMALY,NO_ABNORMALITY,NO_CONCORDANT_WATER_ANOMALY,NO_CONCORDANT_ANOMALY,MODERATE,0.1984674499157363,0.5487572048699663,725.7877346009591,0.2176416251802965,1.6516639911894044,4.110281748702994,0.3861271430860309,False,False,False,NO_CONCORDANT_BIOCHEMICAL_DECLINE,NO_CONCORDANT_ANOMALY,2.631286287307739,1.595050048828125,1.950046718120575,PASS,NO_LOW_STATURE_EVIDENCE,NONE,NO_LOW_STATURE_EVIDENCE,True,False,False,False,False,0,3,COMPLETE_3_OF_3,NO_SUPPORTED_MAJOR_DOMAIN_ANOMALY,NO_SUPPORTED_ANOMALY,No supported concordant anomaly evidence is identified across the assessed domains.,"Cross-domain agreement represents internal corroboration. It does not prove that water status, biochemical change, disease, or another factor caused the structural condition."
373,373,,,,,NOT_ASSESSABLE,NOT_ASSESSABLE,NOT_ASSESSABLE,WATER_STATUS_NOT_FULLY_ASSESSABLE,NOT_FULLY_ASSESSABLE,LIMITED,,,,,,,,False,False,False,NOT_FULLY_ASSESSABLE,NOT_FULLY_ASSESSABLE,6.501444530487061,,0.0887247137725353,FAIL,NOT_ASSESSABLE,NOT_ASSESSABLE,NOT_ASSESSABLE,False,False,False,False,False,0,0,LIMITED_0_OR_1_OF_3,NO_SUPPORTED_MAJOR_DOMAIN_ANOMALY,DATA_LIMITED_REVIEW,"No supported major-domain anomaly is identified, but the assessment is incomplete or contains inconclusive evidence.","Cross-domain agreement represents internal corroboration. It does not prove that water status, biochemical change, disease, or another factor caused the structural condition."
374,374,,-0.0871058231215786,0.1853494725796415,,NOT_ASSESSABLE,ANOMALOUS_CONCORDANT,NOT_ASSESSABLE,NOT_FULLY_ASSESSABLE_ISOLATED_ANOMALY,SCREENING_ANOMALY,LIMITED,,,,,,,,False,False,False,NOT_FULLY_ASSESSABLE,NOT_FULLY_ASSESSABLE,0.5357835114002225,0.272003173828125,0.0779525935649871,WARN,CORROBORATED_LOW_STRUCTURAL_STATURE,CORROBORATED,LOW_STATURE_CORROBORATED,False,False,False,True,True,1,1,LIMITED_0_OR_1_OF_3,STRUCTURE_ONLY,SINGLE_DOMAIN_PRIORITY,Relatively low structural stature is present without another supported major-domain anomaly.,"Cross-domain agreement represents internal corroboration. It does not prove that water status, biochemical change, disease, or another factor caused the structural condition."
375,375,1.0046017261664244,-0.3354164377949074,0.3774618339574656,-0.0814952104878227,NO_ANOMALY,NO_ANOMALY,NO_ABNORMALITY,NO_CONCORDANT_WATER_ANOMALY,NO_CONCORDANT_ANOMALY,HIGH,0.2865868678290983,0.8992016367364352,726.465285731721,0.1614802590795219,1.3956845304921308,3.36143184078962,0.5098785417818845,False,False,False,NO_CONCORDANT_BIOCHEMICAL_DECLINE,NO_CONCORDANT_ANOMALY,1.7888783812522886,1.5991973876953125,1.2910229414701462,PASS,NO_LOW_STATURE_EVIDENCE,NONE,NO_LOW_STATURE_EVIDENCE,False,False,False,False,False,0,3,COMPLETE_3_OF_3,NO_SUPPORTED_MAJOR_DOMAIN_ANOMALY,NO_SUPPORTED_ANOMALY,No supported concordant anomaly evidence is identified across the assessed domains.,"Cross-domain agreement represents internal corroboration. It does not prove that water status, biochemical change, disease, or another factor caused the structural condition."
376,376,1.024685213083712,,,-0.0837166649290928,NO_ANOMALY,NOT_ASSESSABLE,NO_ABNORMALITY,WATER_STATUS_NOT_FULLY_ASSESSABLE,NOT_FULLY_ASSESSABLE,LIMITED,0.244591595494594,0.7416028906125973,726.4108545515212,0.1954045767921584,1.5217189252675445,4.193102157560152,0.4383031939162082,False,False,False,NO_CONCORDANT_BIOCHEMICAL_DECLINE,NO_CONCORDANT_ANOMALY,2.269286572933196,2.323193359375,1.6841956153512,PASS,NO_LOW_STATURE_EVIDENCE,NONE,NO_LOW_STATURE_EVIDENCE,True,False,False,False,False,0,2,PARTIAL_2_OF_3,NO_SUPPORTED_MAJOR_DOMAIN_ANOMALY,DATA_LIMITED_REVIEW,"No supported major-domain anomaly is identified, but the assessment is incomplete or contains inconclusive evidence.","Cross-domain agreement represents internal corroboration. It does not prove that water status, biochemical change, disease, or another factor caused the structural condition."
377,377,1.016757125855883,-0.1489848628002437,0.2121358615363907,-0.0890507136838482,NO_ANOMALY,ANOMALOUS_CONCORDANT,NO_ABNORMALITY,ISOLATED_DIRECT_WATER_ANOMALY,SCREENING_ANOMALY,HIGH,0.2096836053754807,0.6165315852694319,726.2648671870099,0.2629966743155091,1.7424145073348698,4.199851667782431,0.3571124148119996,False,True,False,SENESCENCE_PIGMENT_ONLY,SCREENING_ANOMALY,1.9065208911895744,1.67314453125,0.0894512832164764,WARN,NO_LOW_STATURE_EVIDENCE,NONE,NO_LOW_STATURE_EVIDENCE,False,False,False,False,False,0,3,COMPLETE_3_OF_3,NO_SUPPORTED_MAJOR_DOMAIN_ANOMALY,SCREENING_PRIORITY,"Screening-level spectral evidence is present, but no major domain reaches the supported multi-indicator condition.","Cross-domain agreement represents internal corroboration. It does not prove that water status, biochemical change, disease, or another factor caused the structural condition."
378,378,1.0218927105789155,,,-0.0846224588738849,NO_ANOMALY,NOT_ASSESSABLE,NO_ABNORMALITY,WATER_STATUS_NOT_FULLY_ASSESSABLE,NOT_FULLY_ASSESSABLE,LIMITED,0.2403043062573758,0.7513156232106413,725.5470508655894,0.2052134503494234,1.655163739840175,2.893214063574016,0.4410185848176022,False,False,False,NO_CONCORDANT_BIOCHEMICAL_DECLINE,NO_CONCORDANT_ANOMALY,2.2320204734802247,2.1809844970703125,1.8086027279496195,PASS,NO_LOW_STATURE_EVIDENCE,NONE,NO_LOW_STATURE_EVIDENCE,True,False,False,False,False,0,2,PARTIAL_2_OF_3,NO_SUPPORTED_MAJOR_DOMAIN_ANOMALY,DATA_LIMITED_REVIEW,"No supported major-domain anomaly is identified, but the assessment is incomplete or contains inconclusive evidence.","Cross-domain agreement represents internal corroboration. It does not prove that water status, biochemical change, disease, or another factor caused the structural condition."
380,380,1.072938768410976,-0.4341807193008207,0.4666949669222645,-0.0768760920529149,NO_ANOMALY,NO_ANOMALY,NO_ABNORMALITY,NO_CONCORDANT_WATER_ANOMALY,NO_CONCORDANT_ANOMALY,HIGH,0.362647630173844,1.2710895212411075,728.0685796629568,0.1084303826250086,1.2560351206131366,3.154831429252171,0.6018211486849677,False,False,False,NO_CONCORDANT_BIOCHEMICAL_DECLINE,NO_CONCORDANT_ANOMALY,2.5428015708923337,2.5049972534179688,1.1605395078659058,PASS,NO_LOW_STATURE_EVIDENCE,NONE,NO_LOW_STATURE_EVIDENCE,False,False,False,False,False,0,3,COMPLETE_3_OF_3,NO_SUPPORTED_MAJOR_DOMAIN_ANOMALY,NO_SUPPORTED_ANOMALY,No supported concordant anomaly evidence is identified across the assessed domains.,"Cross-domain agreement represents internal corroboration. It does not prove that water status, biochemical change, disease, or another factor caused the structural condition."
381,381,0.9821181072844564,,,-0.0889049321408849,NO_ANOMALY,NOT_ASSESSABLE,NO_ABNORMALITY,WATER_STATUS_NOT_FULLY_ASSESSABLE,NOT_FULLY_ASSESSABLE,LIMITED,0.2470499653710657,0.7146782495959991,724.9363202793168,0.17037904011937,1.437067852784042,3.2703293347312856,0.4899397936773252,False,False,False,NO_CONCORDANT_BIOCHEMICAL_DECLINE,NO_CONCORDANT_ANOMALY,2.105345678329468,2.0705902099609377,1.636670783162117,PASS,NO_LOW_STATURE_EVIDENCE,NONE,NO_LOW_STATURE_EVIDENCE,True,False,False,False,False,0,2,PARTIAL_2_OF_3,NO_SUPPORTED_MAJOR_DOMAIN_ANOMALY,DATA_LIMITED_REVIEW,"No supported major-domain anomaly is identified, but the assessment is incomplete or contains inconclusive evidence.","Cross-domain agreement represents internal corroboration. It does not prove that water status, biochemical change, disease, or another factor caused the structural condition."
382,382,1.0121042574607626,-0.0930737696699074,0.1601502942239342,-0.0871225647946067,NO_ANOMALY,ANOMALOUS_CONCORDANT,NO_ABNORMALITY,ISOLATED_DIRECT_WATER_ANOMALY,SCREENING_ANOMALY,HIGH,0.1526848872807256,0.3943245996191938,723.8893186728486,0.2817843679494614,1.8848456450542588,3.955102180425284,0.2964485556864389,True,True,False,CONCORDANT_BIOCHEMICAL_DECLINE,SUPPORTED_ANOMALY,1.8827517986297608,1.6249847412109375,0.0588466823101043,WARN,NO_LOW_STATURE_EVIDENCE,NONE,NO_LOW_STATURE_EVIDENCE,False,False,True,False,False,1,3,COMPLETE_3_OF_3,BIOCHEMICAL_ONLY,SINGLE_DOMAIN_PRIORITY,Supported biochemical decline is present without another supported major-domain signal.,"Cross-domain agreement represents internal corroboration. It does not prove that water status, biochemical change, disease, or another factor caused the structural condition."
383,383,0.9980725291131268,-0.4381824038185108,0.4849216368592303,-0.0742039688120592,NO_ANOMALY,NO_ANOMALY,NO_ABNORMALITY,NO_CONCORDANT_WATER_ANOMALY,NO_CONCORDANT_ANOMALY,HIGH,0.2726939058016989,0.8204926673028851,726.8359070108435,0.1453504231027426,1.3004126633605493,4.954416202126259,0.5079939750384519,False,False,True,NO_CONCORDANT_BIOCHEMICAL_DECLINE,NO_CONCORDANT_ANOMALY,1.488367748260498,1.4278953552246094,0.293271541595459,PASS,LOW_STATURE_LAS_ONLY,SINGLE_MEASUREMENT,LOW_STATURE_LAS_ONLY,False,False,False,True,False,1,3,COMPLETE_3_OF_3,STRUCTURE_ONLY,SINGLE_DOMAIN_PRIORITY,Relatively low structural stature is present without another supported major-domain anomaly. Structural low-stature evidence is based on LAS H_P95 without raster-CHM corroboration.,"Cross-domain agreement represents internal corroboration. It does not prove that water status, biochemical change, disease, or another factor caused the structural condition."
384,384,0.9732906210167512,-0.1559613773449715,0.2553656018708022,-0.0816822170559062,ANOMALOUS,PARTIAL_DISCORDANT,NO_ABNORMALITY,SWIR_DISCORDANT_INSUFFICIENT_EVIDENCE,INCONCLUSIVE,HIGH,0.2077379164065545,0.5435065702485951,726.5328214536539,0.246073476496487,1.54787632709218,5.105947594570576,0.3766641961082957,False,False,True,NO_CONCORDANT_BIOCHEMICAL_DECLINE,NO_CONCORDANT_ANOMALY,0.4493811577558517,0.444000244140625,0.029058888554573,WARN,CORROBORATED_LOW_STRUCTURAL_STATURE,CORROBORATED,LOW_STATURE_CORROBORATED,False,False,False,True,True,1,3,COMPLETE_3_OF_3,STRUCTURE_ONLY,SINGLE_DOMAIN_PRIORITY,Relatively low structural stature is present without another supported major-domain anomaly.,"Cross-domain agreement represents internal corroboration. It does not prove that water status, biochemical change, disease, or another factor caused the structural condition."
386,386,1.0616348243191311,,,-0.0868546451754799,NO_ANOMALY,NOT_ASSESSABLE,NO_ABNORMALITY,WATER_STATUS_NOT_FULLY_ASSESSABLE,NOT_FULLY_ASSESSABLE,LIMITED,0.2388486030794868,0.6756298651439464,725.6068654965129,0.1720250383732386,1.4264003755051171,4.058253514793769,0.4673466081283424,False,False,False,NO_CONCORDANT_BIOCHEMICAL_DECLINE,NO_CONCORDANT_ANOMALY,2.719278430938721,2.488986206054688,2.097259879112244,PASS,NO_LOW_STATURE_EVIDENCE,NONE,NO_LOW_STATURE_EVIDENCE,True,False,False,False,False,0,2,PARTIAL_2_OF_3,NO_SUPPORTED_MAJOR_DOMAIN_ANOMALY,DATA_LIMITED_REVIEW,"No supported major-domain anomaly is identified, but the assessment is incomplete or contains inconclusive evidence.","Cross-domain agreement represents internal corroboration. It does not prove that water status, biochemical change, disease, or another factor caused the structural condition."
387,387,1.030183816851003,-0.2007662780668994,0.2623839765308961,-0.0793971527647164,NO_ANOMALY,NO_ANOMALY,NO_ABNORMALITY,NO_CONCORDANT_WATER_ANOMALY,NO_CONCORDANT_ANOMALY,HIGH,0.2445308860212937,0.6913514861570449,727.6150365825297,0.2050450197330567,1.4957647481522307,4.033604330578086,0.4120163573067209,False,False,False,NO_CONCORDANT_BIOCHEMICAL_DECLINE,NO_CONCORDANT_ANOMALY,0.4298278167843818,,0.0701651647686958,WARN,LOW_STATURE_LAS_ONLY,SINGLE_MEASUREMENT,LOW_STATURE_LAS_ONLY,False,False,False,True,False,1,3,COMPLETE_3_OF_3,STRUCTURE_ONLY,SINGLE_DOMAIN_PRIORITY,Relatively low structural stature is present without another supported major-domain anomaly. Structural low-stature evidence is based on LAS H_P95 without raster-CHM corroboration.,"Cross-domain agreement represents internal corroboration. It does not prove that water status, biochemical change, disease, or another factor caused the structural condition."
388,388,1.0293848482112835,-0.4014416512857687,0.4258195651282043,-0.0864533549658511,NO_ANOMALY,NO_ANOMALY,NO_ABNORMALITY,NO_CONCORDANT_WATER_ANOMALY,NO_CONCORDANT_ANOMALY,HIGH,0.3137409247281392,1.0326421593166282,726.7053674867526,0.1384997349483654,1.3774819455783018,3.215286757978969,0.5564949369643233,False,False,False,NO_CONCORDANT_BIOCHEMICAL_DECLINE,NO_CONCORDANT_ANOMALY,2.180664873123169,2.051892852783203,0.7364826202392578,PASS,NO_LOW_STATURE_EVIDENCE,NONE,NO_LOW_STATURE_EVIDENCE,False,False,False,False,False,0,3,COMPLETE_3_OF_3,NO_SUPPORTED_MAJOR_DOMAIN_ANOMALY,NO_SUPPORTED_ANOMALY,No supported concordant anomaly evidence is identified across the assessed domains.,"Cross-domain agreement represents internal corroboration. It does not prove that water status, biochemical change, disease, or another factor caused the structural condition."
389,389,0.9369258231855236,,,-0.0685811947199196,ANOMALOUS,NOT_ASSESSABLE,NO_ABNORMALITY,NOT_FULLY_ASSESSABLE_ISOLATED_ANOMALY,SCREENING_ANOMALY,LIMITED,0.3163652571078058,1.0440386945552156,727.8601912031227,0.1200497887938527,1.2677993622550516,4.875963770288788,0.5497734965655726,False,False,True,NO_CONCORDANT_BIOCHEMICAL_DECLINE,NO_CONCORDANT_ANOMALY,2.930434763431549,2.894601440429688,2.120280288159848,PASS,NO_LOW_STATURE_EVIDENCE,NONE,NO_LOW_STATURE_EVIDENCE,True,False,False,False,False,0,2,PARTIAL_2_OF_3,NO_SUPPORTED_MAJOR_DOMAIN_ANOMALY,SCREENING_PRIORITY,"Screening-level spectral evidence is present, but no major domain reaches the supported multi-indicator condition.","Cross-domain agreement represents internal corroboration. It does not prove that water status, biochemical change, disease, or another factor caused the structural condition."
390,390,1.0189722790583953,-0.31929803294138,0.3782109104224492,-0.081499009941748,NO_ANOMALY,NO_ANOMALY,NO_ABNORMALITY,NO_CONCORDANT_WATER_ANOMALY,NO_CONCORDANT_ANOMALY,HIGH,0.2551495406048843,0.7196188271048762,726.2811465653429,0.1630252367558002,1.3635743199357475,3.449183273118236,0.4760980872896235,False,False,False,NO_CONCORDANT_BIOCHEMICAL_DECLINE,NO_CONCORDANT_ANOMALY,1.742231810092926,1.107285308837891,1.088158294558525,PASS,NO_LOW_STATURE_EVIDENCE,NONE,NO_LOW_STATURE_EVIDENCE,False,False,False,False,False,0,3,COMPLETE_3_OF_3,NO_SUPPORTED_MAJOR_DOMAIN_ANOMALY,NO_SUPPORTED_ANOMALY,No supported concordant anomaly evidence is identified across the assessed domains.,"Cross-domain agreement represents internal corroboration. It does not prove that water status, biochemical change, disease, or another factor caused the structural condition."
391,391,1.017228346082361,-0.1878687912828352,0.2407545482246164,-0.0997323943740721,NO_ANOMALY,PARTIAL_DISCORDANT,ABNORMAL,SWIR_DISCORDANT_INSUFFICIENT_EVIDENCE,INCONCLUSIVE,HIGH,0.1941753552581587,0.5459772449834128,724.9217267314798,0.2545621054575337,1.8049772577530487,4.069110870412704,0.3762243197002755,True,True,False,CONCORDANT_BIOCHEMICAL_DECLINE,SUPPORTED_ANOMALY,2.830591201782226,1.7185043334960937,1.6215381920337677,PASS,NO_LOW_STATURE_EVIDENCE,NONE,NO_LOW_STATURE_EVIDENCE,True,False,True,False,False,1,3,COMPLETE_3_OF_3,BIOCHEMICAL_ONLY,SINGLE_DOMAIN_PRIORITY,Supported biochemical decline is present without another supported major-domain signal.,"Cross-domain agreement represents internal corroboration. It does not prove that water status, biochemical change, disease, or another factor caused the structural condition."
392,392,0.9760195863282152,-0.4256957865940208,0.4632892123293989,-0.0771269285590282,ANOMALOUS,NO_ANOMALY,NO_ABNORMALITY,ISOLATED_DIRECT_WATER_ANOMALY,SCREENING_ANOMALY,MODERATE,0.3604528961724617,1.292345063345764,727.527915378598,0.1220096912055375,1.2692760024835972,4.412003806267701,0.5973824921366048,False,False,True,NO_CONCORDANT_BIOCHEMICAL_DECLINE,NO_CONCORDANT_ANOMALY,2.2505214691162108,2.2027923583984377,0.8856231868267059,PASS,NO_LOW_STATURE_EVIDENCE,NONE,NO_LOW_STATURE_EVIDENCE,False,False,False,False,False,0,3,COMPLETE_3_OF_3,NO_SUPPORTED_MAJOR_DOMAIN_ANOMALY,SCREENING_PRIORITY,"Screening-level spectral evidence is present, but no major domain reaches the supported multi-indicator condition.","Cross-domain agreement represents internal corroboration. It does not prove that water status, biochemical change, disease, or another factor caused the structural condition."
393,393,0.99877328648026,-0.4265932335216333,0.4719078770564975,-0.0743192980133756,NO_ANOMALY,NO_ANOMALY,NO_ABNORMALITY,NO_CONCORDANT_WATER_ANOMALY,NO_CONCORDANT_ANOMALY,HIGH,0.335469096857593,1.0638847955326995,727.4015933136149,0.1212956332133503,1.1900509271218311,6.115688482300096,0.5926391366465119,False,False,True,NO_CONCORDANT_BIOCHEMICAL_DECLINE,NO_CONCORDANT_ANOMALY,1.637560564279556,1.4317451477050778,1.0216810554265976,PASS,NO_LOW_STATURE_EVIDENCE,NONE,NO_LOW_STATURE_EVIDENCE,False,False,False,False,False,0,3,COMPLETE_3_OF_3,NO_SUPPORTED_MAJOR_DOMAIN_ANOMALY,NO_SUPPORTED_ANOMALY,No supported concordant anomaly evidence is identified across the assessed domains.,"Cross-domain agreement represents internal corroboration. It does not prove that water status, biochemical change, disease, or another factor caused the structural condition."
394,394,1.0649903773567204,-0.4587081631824047,,-0.084595148186212,NO_ANOMALY,NOT_ASSESSABLE,NO_ABNORMALITY,WATER_STATUS_NOT_FULLY_ASSESSABLE,NOT_FULLY_ASSESSABLE,LIMITED,0.3770643599377139,1.4045244439599984,727.7579138740143,0.1094837728047776,1.2815662834699286,3.076979130541893,0.6240764693917968,False,False,False,NO_CONCORDANT_BIOCHEMICAL_DECLINE,NO_CONCORDANT_ANOMALY,2.155031204223633,2.117252349853516,0.4307883679866791,PASS,NO_LOW_STATURE_EVIDENCE,NONE,NO_LOW_STATURE_EVIDENCE,False,False,False,False,False,0,2,PARTIAL_2_OF_3,NO_SUPPORTED_MAJOR_DOMAIN_ANOMALY,DATA_LIMITED_REVIEW,"No supported major-domain anomaly is identified, but the assessment is incomplete or contains inconclusive evidence.","Cross-domain agreement represents internal corroboration. It does not prove that water status, biochemical change, disease, or another factor caused the structural condition."
395,395,1.0211333683551282,,,-0.0872930620269791,NO_ANOMALY,NOT_ASSESSABLE,NO_ABNORMALITY,WATER_STATUS_NOT_FULLY_ASSESSABLE,NOT_FULLY_ASSESSABLE,LIMITED,0.238689591757131,0.6792384693831192,725.6870594898277,0.2134669777279933,1.512791596458181,4.377859393912505,0.446343998719873,False,False,False,NO_CONCORDANT_BIOCHEMICAL_DECLINE,NO_CONCORDANT_ANOMALY,2.5816334486007686,0.4996467590332031,2.0476273596286774,PASS,NO_LOW_STATURE_EVIDENCE,NONE,NO_LOW_STATURE_EVIDENCE,True,False,False,False,False,0,2,PARTIAL_2_OF_3,NO_SUPPORTED_MAJOR_DOMAIN_ANOMALY,DATA_LIMITED_REVIEW,"No supported major-domain anomaly is identified, but the assessment is incomplete or contains inconclusive evidence.","Cross-domain agreement represents internal corroboration. It does not prove that water status, biochemical change, disease, or another factor caused the structural condition."
398,398,0.9912860909912836,,,-0.0790284219810996,NO_ANOMALY,NOT_ASSESSABLE,NO_ABNORMALITY,WATER_STATUS_NOT_FULLY_ASSESSABLE,NOT_FULLY_ASSESSABLE,LIMITED,0.2411627941575323,0.6786838266747794,726.3094451140248,0.1869120904654718,1.4601388468124443,3.5753125216189803,0.440194910635906,False,False,False,NO_CONCORDANT_BIOCHEMICAL_DECLINE,NO_CONCORDANT_ANOMALY,2.0639736890792846,1.9963890075683592,1.6659014523029327,PASS,NO_LOW_STATURE_EVIDENCE,NONE,NO_LOW_STATURE_EVIDENCE,True,False,False,False,False,0,2,PARTIAL_2_OF_3,NO_SUPPORTED_MAJOR_DOMAIN_ANOMALY,DATA_LIMITED_REVIEW,"No supported major-domain anomaly is identified, but the assessment is incomplete or contains inconclusive evidence.","Cross-domain agreement represents internal corroboration. It does not prove that water status, biochemical change, disease, or another factor caused the structural condition."
399,399,1.0259070213126926,,,-0.0795919740264811,NO_ANOMALY,NOT_ASSESSABLE,NO_ABNORMALITY,WATER_STATUS_NOT_FULLY_ASSESSABLE,NOT_FULLY_ASSESSABLE,LIMITED,0.3326152128033662,1.0930353637638863,726.9855897033833,0.1192815008679125,1.25444291757437,3.154553359962274,0.586820708266282,False,False,False,NO_CONCORDANT_BIOCHEMICAL_DECLINE,NO_CONCORDANT_ANOMALY,2.101191592216492,2.0711822509765625,0.7020933628082275,PASS,NO_LOW_STATURE_EVIDENCE,NONE,NO_LOW_STATURE_EVIDENCE,False,False,False,False,False,0,2,PARTIAL_2_OF_3,NO_SUPPORTED_MAJOR_DOMAIN_ANOMALY,DATA_LIMITED_REVIEW,"No supported major-domain anomaly is identified, but the assessment is incomplete or contains inconclusive evidence.","Cross-domain agreement represents internal corroboration. It does not prove that water status, biochemical change, disease, or another factor caused the structural condition."
400,400,1.0017244498224902,-0.2004241603924806,0.2531659400428335,-0.0808082335034398,NO_ANOMALY,NO_ANOMALY,NO_ABNORMALITY,NO_CONCORDANT_WATER_ANOMALY,NO_CONCORDANT_ANOMALY,HIGH,0.1702320829114958,0.4407912273431074,725.8293112296869,0.2609236418669418,1.7676086718602677,3.36267259931494,0.3251873020363546,False,True,False,SENESCENCE_PIGMENT_ONLY,SCREENING_ANOMALY,1.3791187047958369,0.2859954833984375,0.5339948832988739,WARN,CORROBORATED_LOW_STRUCTURAL_STATURE,CORROBORATED,LOW_STATURE_CORROBORATED,False,False,False,True,True,1,3,COMPLETE_3_OF_3,STRUCTURE_ONLY,SINGLE_DOMAIN_PRIORITY,Relatively low structural stature is present without another supported major-domain anomaly.,"Cross-domain agreement represents internal corroboration. It does not prove that water status, biochemical change, disease, or another factor caused the structural condition."
401,401,1.065342660528206,-0.3837382247829194,0.4072324025452038,-0.0864668638287789,NO_ANOMALY,NO_ANOMALY,NO_ABNORMALITY,NO_CONCORDANT_WATER_ANOMALY,NO_CONCORDANT_ANOMALY,HIGH,0.295729611382849,0.9826106657524728,726.1664240862171,0.1557880892619541,1.5208817957451943,3.0746741970603044,0.528436331201409,False,False,False,NO_CONCORDANT_BIOCHEMICAL_DECLINE,NO_CONCORDANT_ANOMALY,2.7497007131576536,2.6002944946289057,1.0456331372261047,PASS,NO_LOW_STATURE_EVIDENCE,NONE,NO_LOW_STATURE_EVIDENCE,False,False,False,False,False,0,3,COMPLETE_3_OF_3,NO_SUPPORTED_MAJOR_DOMAIN_ANOMALY,NO_SUPPORTED_ANOMALY,No supported concordant anomaly evidence is identified across the assessed domains.,"Cross-domain agreement represents internal corroboration. It does not prove that water status, biochemical change, disease, or another factor caused the structural condition."
402,402,,,,-0.0786755014452672,NOT_ASSESSABLE,NOT_ASSESSABLE,NO_ABNORMALITY,WATER_STATUS_NOT_FULLY_ASSESSABLE,NOT_FULLY_ASSESSABLE,LIMITED,0.3477317740133834,1.1902705687544288,727.0068242890974,0.1181123053806627,1.2477848952963004,3.970508363747949,0.607292610654133,False,False,False,NO_CONCORDANT_BIOCHEMICAL_DECLINE,NO_CONCORDANT_ANOMALY,2.217658972740173,2.24063491821289,1.4114433825016022,PASS,NO_LOW_STATURE_EVIDENCE,NONE,NO_LOW_STATURE_EVIDENCE,True,False,False,False,False,0,2,PARTIAL_2_OF_3,NO_SUPPORTED_MAJOR_DOMAIN_ANOMALY,DATA_LIMITED_REVIEW,"No supported major-domain anomaly is identified, but the assessment is incomplete or contains inconclusive evidence.","Cross-domain agreement represents internal corroboration. It does not prove that water status, biochemical change, disease, or another factor caused the structural condition."
403,403,1.0135196631787002,,,-0.0849162945656061,NO_ANOMALY,NOT_ASSESSABLE,NO_ABNORMALITY,WATER_STATUS_NOT_FULLY_ASSESSABLE,NOT_FULLY_ASSESSABLE,LIMITED,0.2240021058074657,0.6287408556064544,727.078027296191,0.2156341885732374,1.5827439323146244,3.3754470155116447,0.3888543775372869,False,False,False,NO_CONCORDANT_BIOCHEMICAL_DECLINE,NO_CONCORDANT_ANOMALY,1.9495285987854,2.205091857910156,1.3030478060245514,PASS,NO_LOW_STATURE_EVIDENCE,NONE,NO_LOW_STATURE_EVIDENCE,False,False,False,False,False,0,2,PARTIAL_2_OF_3,NO_SUPPORTED_MAJOR_DOMAIN_ANOMALY,DATA_LIMITED_REVIEW,"No supported major-domain anomaly is identified, but the assessment is incomplete or contains inconclusive evidence.","Cross-domain agreement represents internal corroboration. It does not prove that water status, biochemical change, disease, or another factor caused the structural condition."
404,404,1.0068743817177463,-0.2236031983560518,0.2686045612680077,-0.0881109104227568,NO_ANOMALY,NO_ANOMALY,NO_ABNORMALITY,NO_CONCORDANT_WATER_ANOMALY,NO_CONCORDANT_ANOMALY,HIGH,0.1864950354020924,0.5231737244685102,724.8242915535399,0.240399389630146,1.7844422706927148,3.3090965337028164,0.3724726325674661,True,True,False,CONCORDANT_BIOCHEMICAL_DECLINE,SUPPORTED_ANOMALY,1.707286292314529,1.845746612548828,1.191721394658089,PASS,NO_LOW_STATURE_EVIDENCE,NONE,NO_LOW_STATURE_EVIDENCE,False,False,True,False,False,1,3,COMPLETE_3_OF_3,BIOCHEMICAL_ONLY,SINGLE_DOMAIN_PRIORITY,Supported biochemical decline is present without another supported major-domain signal.,"Cross-domain agreement represents internal corroboration. It does not prove that water status, biochemical change, disease, or another factor caused the structural condition."
405,405,0.9695431804590392,,,-0.0858734641514449,ANOMALOUS,NOT_ASSESSABLE,NO_ABNORMALITY,NOT_FULLY_ASSESSABLE_ISOLATED_ANOMALY,SCREENING_ANOMALY,LIMITED,0.2246658008781684,0.6296482207323193,726.2505696026345,0.2231971374898179,1.5736214757704383,4.11341919279427,0.3960760261917722,False,False,False,NO_CONCORDANT_BIOCHEMICAL_DECLINE,NO_CONCORDANT_ANOMALY,1.849036622047424,1.4694465637207026,0.4865311533212662,PASS,NO_LOW_STATURE_EVIDENCE,NONE,NO_LOW_STATURE_EVIDENCE,False,False,False,False,False,0,2,PARTIAL_2_OF_3,NO_SUPPORTED_MAJOR_DOMAIN_ANOMALY,SCREENING_PRIORITY,"Screening-level spectral evidence is present, but no major domain reaches the supported multi-indicator condition.","Cross-domain agreement represents internal corroboration. It does not prove that water status, biochemical change, disease, or another factor caused the structural condition."
406,406,1.0443113464994032,,,-0.0791375279163299,NO_ANOMALY,NOT_ASSESSABLE,NO_ABNORMALITY,WATER_STATUS_NOT_FULLY_ASSESSABLE,NOT_FULLY_ASSESSABLE,LIMITED,0.3230294964418825,1.022415727880642,727.1859732822995,0.1274352374299238,1.2647524417743932,3.752976016379797,0.565628414333525,False,False,False,NO_CONCORDANT_BIOCHEMICAL_DECLINE,NO_CONCORDANT_ANOMALY,2.13978396654129,1.974443817138672,1.5801688358187675,PASS,NO_LOW_STATURE_EVIDENCE,NONE,NO_LOW_STATURE_EVIDENCE,True,False,False,False,False,0,2,PARTIAL_2_OF_3,NO_SUPPORTED_MAJOR_DOMAIN_ANOMALY,DATA_LIMITED_REVIEW,"No supported major-domain anomaly is identified, but the assessment is incomplete or contains inconclusive evidence.","Cross-domain agreement represents internal corroboration. It does not prove that water status, biochemical change, disease, or another factor caused the structural condition."
407,407,0.9408740870151724,-0.1553566177317772,0.2250802094836978,-0.0817728060088196,ANOMALOUS,ANOMALOUS_CONCORDANT,NO_ABNORMALITY,SUPPORTED_WATER_STATUS_ANOMALY,SUPPORTED_ANOMALY,HIGH,0.189254218046812,0.4926651655956281,724.8834539410886,0.2384979897299864,1.6691380599575552,3.435968680574756,0.3554331112740968,True,True,False,CONCORDANT_BIOCHEMICAL_DECLINE,SUPPORTED_ANOMALY,1.440297555923462,1.2532463073730469,0.8469142764806747,PASS,CORROBORATED_LOW_STRUCTURAL_STATURE,CORROBORATED,LOW_STATURE_CORROBORATED,False,True,True,True,True,3,3,COMPLETE_3_OF_3,WATER_BIOCHEMICAL_STRUCTURE,HIGH_MULTI_DOMAIN_PRIORITY,Supported water-status anomaly and supported biochemical decline coincide with relatively low structural stature.,"Cross-domain agreement represents internal corroboration. It does not prove that water status, biochemical change, disease, or another factor caused the structural condition."
410,410,0.9851035097549758,,,-0.0822298266425588,NO_ANOMALY,NOT_ASSESSABLE,NO_ABNORMALITY,WATER_STATUS_NOT_FULLY_ASSESSABLE,NOT_FULLY_ASSESSABLE,LIMITED,0.2848076799962286,0.8816716136286461,726.1109745135482,0.151353952218993,1.39487181836845,4.166091185313634,0.5222980984972968,False,False,False,NO_CONCORDANT_BIOCHEMICAL_DECLINE,NO_CONCORDANT_ANOMALY,2.48528790473938,2.389453125,1.873015463352204,PASS,NO_LOW_STATURE_EVIDENCE,NONE,NO_LOW_STATURE_EVIDENCE,True,False,False,False,False,0,2,PARTIAL_2_OF_3,NO_SUPPORTED_MAJOR_DOMAIN_ANOMALY,DATA_LIMITED_REVIEW,"No supported major-domain anomaly is identified, but the assessment is incomplete or contains inconclusive evidence.","Cross-domain agreement represents internal corroboration. It does not prove that water status, biochemical change, disease, or another factor caused the structural condition."
412,412,0.953729237634035,,,-0.0945708208447692,ANOMALOUS,NOT_ASSESSABLE,ABNORMAL,NOT_FULLY_ASSESSABLE_ISOLATED_ANOMALY,SCREENING_ANOMALY,LIMITED,0.1931468481926406,0.5454330095825226,724.7578825532344,0.2482992555840036,1.85792139659456,3.2999775329964205,0.3694145505974199,True,True,False,CONCORDANT_BIOCHEMICAL_DECLINE,SUPPORTED_ANOMALY,2.1857216238975528,0.6261962890625,1.486668050289154,PASS,NO_LOW_STATURE_EVIDENCE,NONE,NO_LOW_STATURE_EVIDENCE,True,False,True,False,False,1,2,PARTIAL_2_OF_3,BIOCHEMICAL_ONLY,SINGLE_DOMAIN_PRIORITY,Supported biochemical decline is present without another supported major-domain signal.,"Cross-domain agreement represents internal corroboration. It does not prove that water status, biochemical change, disease, or another factor caused the structural condition."
413,413,0.962986565213789,,,-0.108324335632171,ANOMALOUS,NOT_ASSESSABLE,ABNORMAL,NOT_FULLY_ASSESSABLE_ISOLATED_ANOMALY,SCREENING_ANOMALY,LIMITED,0.0990254569784999,0.2294299203458285,721.9710852568892,0.3624756421504228,,3.745392108394641,0.204921130344374,True,False,False,NOT_FULLY_ASSESSABLE,NOT_FULLY_ASSESSABLE,0.3656737059354781,0.313995361328125,0.0285232439637184,WARN,CORROBORATED_LOW_STRUCTURAL_STATURE,CORROBORATED,LOW_STATURE_CORROBORATED,False,False,False,True,True,1,1,LIMITED_0_OR_1_OF_3,STRUCTURE_ONLY,SINGLE_DOMAIN_PRIORITY,Relatively low structural stature is present without another supported major-domain anomaly.,"Cross-domain agreement represents internal corroboration. It does not prove that water status, biochemical change, disease, or another factor caused the structural condition."
415,415,1.034361740484526,,,-0.0790228403575635,NO_ANOMALY,NOT_ASSESSABLE,NO_ABNORMALITY,WATER_STATUS_NOT_FULLY_ASSESSABLE,NOT_FULLY_ASSESSABLE,LIMITED,0.3179434701716147,1.0634816341701776,727.5153481551109,0.1388592301324515,1.3519080350218342,3.3308202394563406,0.5536021192924141,False,False,False,NO_CONCORDANT_BIOCHEMICAL_DECLINE,NO_CONCORDANT_ANOMALY,2.3778714895248414,1.9891845703125,1.1621068120002749,PASS,NO_LOW_STATURE_EVIDENCE,NONE,NO_LOW_STATURE_EVIDENCE,False,False,False,False,False,0,2,PARTIAL_2_OF_3,NO_SUPPORTED_MAJOR_DOMAIN_ANOMALY,DATA_LIMITED_REVIEW,"No supported major-domain anomaly is identified, but the assessment is incomplete or contains inconclusive evidence.","Cross-domain agreement represents internal corroboration. It does not prove that water status, biochemical change, disease, or another factor caused the structural condition."
416,416,1.045234565408174,-0.3935269284311874,0.4129573782647117,-0.0891173734851433,NO_ANOMALY,NO_ANOMALY,ABNORMAL,NO_CONCORDANT_WATER_ANOMALY,NO_CONCORDANT_ANOMALY,HIGH,0.3002339059174947,0.992478555816838,726.1936714292216,0.1492846284819702,1.4550432993775029,3.322408963458662,0.5337699804538057,False,False,False,NO_CONCORDANT_BIOCHEMICAL_DECLINE,NO_CONCORDANT_ANOMALY,2.390298771858215,2.308606719970703,1.2290114611387253,PASS,NO_LOW_STATURE_EVIDENCE,NONE,NO_LOW_STATURE_EVIDENCE,False,False,False,False,False,0,3,COMPLETE_3_OF_3,NO_SUPPORTED_MAJOR_DOMAIN_ANOMALY,NO_SUPPORTED_ANOMALY,No supported concordant anomaly evidence is identified across the assessed domains.,"Cross-domain agreement represents internal corroboration. It does not prove that water status, biochemical change, disease, or another factor caused the structural condition."
417,417,1.0331031279701004,-0.4281683337591608,0.481711564890495,-0.0744990292220624,NO_ANOMALY,NO_ANOMALY,NO_ABNORMALITY,NO_CONCORDANT_WATER_ANOMALY,NO_CONCORDANT_ANOMALY,HIGH,0.3720439925381462,1.3415564419251065,728.085522879634,0.1147075718781926,1.2400899996812875,5.159116237191959,0.6161252226647861,False,False,True,NO_CONCORDANT_BIOCHEMICAL_DECLINE,NO_CONCORDANT_ANOMALY,2.3544493198394774,2.323797607421875,0.385139524936676,PASS,NO_LOW_STATURE_EVIDENCE,NONE,NO_LOW_STATURE_EVIDENCE,False,False,False,False,False,0,3,COMPLETE_3_OF_3,NO_SUPPORTED_MAJOR_DOMAIN_ANOMALY,NO_SUPPORTED_ANOMALY,No supported concordant anomaly evidence is identified across the assessed domains.,"Cross-domain agreement represents internal corroboration. It does not prove that water status, biochemical change, disease, or another factor caused the structural condition."
418,418,0.9546565230531124,,,-0.0773295990895956,ANOMALOUS,NOT_ASSESSABLE,NO_ABNORMALITY,NOT_FULLY_ASSESSABLE_ISOLATED_ANOMALY,SCREENING_ANOMALY,LIMITED,0.2083470793263745,0.5450851012818285,725.6558667601369,0.2159572725142135,1.519542361570302,3.410202043514529,0.3791356579792532,False,False,False,NO_CONCORDANT_BIOCHEMICAL_DECLINE,NO_CONCORDANT_ANOMALY,1.2968337476253509,1.3589935302734375,0.6828723847866058,WARN,CORROBORATED_LOW_STRUCTURAL_STATURE,CORROBORATED,LOW_STATURE_CORROBORATED,False,False,False,True,True,1,2,PARTIAL_2_OF_3,STRUCTURE_ONLY,SINGLE_DOMAIN_PRIORITY,Relatively low structural stature is present without another supported major-domain anomaly.,"Cross-domain agreement represents internal corroboration. It does not prove that water status, biochemical change, disease, or another factor caused the structural condition."
419,419,1.0149047698545073,,,-0.0848246668868788,NO_ANOMALY,NOT_ASSESSABLE,NO_ABNORMALITY,WATER_STATUS_NOT_FULLY_ASSESSABLE,NOT_FULLY_ASSESSABLE,LIMITED,0.2663096120703022,0.8084333249297295,726.7671843384763,0.1992358040537952,1.4627969899706454,4.561960001646704,0.4721030024970027,False,False,True,NO_CONCORDANT_BIOCHEMICAL_DECLINE,NO_CONCORDANT_ANOMALY,2.377057027816772,2.3771514892578125,0.8935267776250839,PASS,NO_LOW_STATURE_EVIDENCE,NONE,NO_LOW_STATURE_EVIDENCE,False,False,False,False,False,0,2,PARTIAL_2_OF_3,NO_SUPPORTED_MAJOR_DOMAIN_ANOMALY,DATA_LIMITED_REVIEW,"No supported major-domain anomaly is identified, but the assessment is incomplete or contains inconclusive evidence.","Cross-domain agreement represents internal corroboration. It does not prove that water status, biochemical change, disease, or another factor caused the structural condition."
420,420,0.9902263091505672,,,-0.0849786931470756,NO_ANOMALY,NOT_ASSESSABLE,NO_ABNORMALITY,WATER_STATUS_NOT_FULLY_ASSESSABLE,NOT_FULLY_ASSESSABLE,LIMITED,0.254433745999863,0.729410058317973,725.8544221041614,0.1669115833815521,1.3837405132162837,3.560833828483593,0.4807848995167268,False,False,False,NO_CONCORDANT_BIOCHEMICAL_DECLINE,NO_CONCORDANT_ANOMALY,2.2887245416641235,1.656800842285156,1.563257783651352,PASS,NO_LOW_STATURE_EVIDENCE,NONE,NO_LOW_STATURE_EVIDENCE,True,False,False,False,False,0,2,PARTIAL_2_OF_3,NO_SUPPORTED_MAJOR_DOMAIN_ANOMALY,DATA_LIMITED_REVIEW,"No supported major-domain anomaly is identified, but the assessment is incomplete or contains inconclusive evidence.","Cross-domain agreement represents internal corroboration. It does not prove that water status, biochemical change, disease, or another factor caused the structural condition."
421,421,0.98441418721529,-0.3175628693129006,0.3504935230259142,-0.0883587790079468,NO_ANOMALY,NO_ANOMALY,NO_ABNORMALITY,NO_CONCORDANT_WATER_ANOMALY,NO_CONCORDANT_ANOMALY,HIGH,0.247265987483537,0.7650424428026442,725.4157904083933,0.1865561389288677,1.3370318337752336,2.943705588156012,0.4653773073823126,False,False,False,NO_CONCORDANT_BIOCHEMICAL_DECLINE,NO_CONCORDANT_ANOMALY,2.117983675003052,1.992339324951172,1.5815976560115814,PASS,NO_LOW_STATURE_EVIDENCE,NONE,NO_LOW_STATURE_EVIDENCE,True,False,False,False,False,0,3,COMPLETE_3_OF_3,NO_SUPPORTED_MAJOR_DOMAIN_ANOMALY,NO_SUPPORTED_ANOMALY,No supported concordant anomaly evidence is identified across the assessed domains.,"Cross-domain agreement represents internal corroboration. It does not prove that water status, biochemical change, disease, or another factor caused the structural condition."
423,423,1.0045112743374451,,,-0.0887493177859255,NO_ANOMALY,NOT_ASSESSABLE,NO_ABNORMALITY,WATER_STATUS_NOT_FULLY_ASSESSABLE,NOT_FULLY_ASSESSABLE,LIMITED,0.2653928530734842,0.7731709107038052,726.1042752848722,0.1733674807788514,1.386810687195207,4.25467976209964,0.4836733482657619,False,False,False,NO_CONCORDANT_BIOCHEMICAL_DECLINE,NO_CONCORDANT_ANOMALY,1.960511255264282,1.956046295166016,1.2819525375962255,PASS,NO_LOW_STATURE_EVIDENCE,NONE,NO_LOW_STATURE_EVIDENCE,False,False,False,False,False,0,2,PARTIAL_2_OF_3,NO_SUPPORTED_MAJOR_DOMAIN_ANOMALY,DATA_LIMITED_REVIEW,"No supported major-domain anomaly is identified, but the assessment is incomplete or contains inconclusive evidence.","Cross-domain agreement represents internal corroboration. It does not prove that water status, biochemical change, disease, or another factor caused the structural condition."
424,424,,-0.0623392323703474,0.1513494784261308,,NOT_ASSESSABLE,ANOMALOUS_CONCORDANT,NOT_ASSESSABLE,NOT_FULLY_ASSESSABLE_ISOLATED_ANOMALY,SCREENING_ANOMALY,LIMITED,,,,,,,,False,False,False,NOT_FULLY_ASSESSABLE,NOT_FULLY_ASSESSABLE,0.5959481030702587,0.2740020751953125,0.0525946095585823,WARN,CORROBORATED_LOW_STRUCTURAL_STATURE,CORROBORATED,LOW_STATURE_CORROBORATED,False,False,False,True,True,1,1,LIMITED_0_OR_1_OF_3,STRUCTURE_ONLY,SINGLE_DOMAIN_PRIORITY,Relatively low structural stature is present without another supported major-domain anomaly.,"Cross-domain agreement represents internal corroboration. It does not prove that water status, biochemical change, disease, or another factor caused the structural condition."
426,426,0.960280971348424,-0.35605048561754,0.4256480681742976,-0.0812855047824091,ANOMALOUS,NO_ANOMALY,NO_ABNORMALITY,ISOLATED_DIRECT_WATER_ANOMALY,SCREENING_ANOMALY,HIGH,0.3305451921895229,1.012937347270891,727.7296722189051,0.1249795763698229,1.2086597701151565,5.140751576840789,0.5770113102088441,False,False,True,NO_CONCORDANT_BIOCHEMICAL_DECLINE,NO_CONCORDANT_ANOMALY,1.4465024471282957,0.41934814453125,0.1271290481090545,WARN,CORROBORATED_LOW_STRUCTURAL_STATURE,CORROBORATED,LOW_STATURE_CORROBORATED,False,False,False,True,True,1,3,COMPLETE_3_OF_3,STRUCTURE_ONLY,SINGLE_DOMAIN_PRIORITY,Relatively low structural stature is present without another supported major-domain anomaly.,"Cross-domain agreement represents internal corroboration. It does not prove that water status, biochemical change, disease, or another factor caused the structural condition."
429,429,1.026355540802831,-0.2784484116089611,0.3121584155386968,-0.0900678050013864,NO_ANOMALY,NO_ANOMALY,ABNORMAL,NO_CONCORDANT_WATER_ANOMALY,NO_CONCORDANT_ANOMALY,HIGH,0.2223878023432491,0.6486834345083988,725.2721190375839,0.209404730532982,1.6610983676763214,3.2895055195038703,0.4246185782246268,False,False,False,NO_CONCORDANT_BIOCHEMICAL_DECLINE,NO_CONCORDANT_ANOMALY,2.4449145436286925,2.1445037841796872,1.658173851668835,PASS,NO_LOW_STATURE_EVIDENCE,NONE,NO_LOW_STATURE_EVIDENCE,True,False,False,False,False,0,3,COMPLETE_3_OF_3,NO_SUPPORTED_MAJOR_DOMAIN_ANOMALY,NO_SUPPORTED_ANOMALY,No supported concordant anomaly evidence is identified across the assessed domains.,"Cross-domain agreement represents internal corroboration. It does not prove that water status, biochemical change, disease, or another factor caused the structural condition."
430,430,0.9858464628749936,-0.1957367760883697,0.233941810703114,-0.1060446742677656,NO_ANOMALY,PARTIAL_DISCORDANT,ABNORMAL,SWIR_DISCORDANT_INSUFFICIENT_EVIDENCE,INCONCLUSIVE,HIGH,0.1707328677649696,0.4572198135177729,723.9774502454246,0.2771292206007177,2.0229699351294546,3.753363460627764,0.3426712555787852,True,True,False,CONCORDANT_BIOCHEMICAL_DECLINE,SUPPORTED_ANOMALY,2.589296197891235,1.979695129394531,1.7461163699626925,PASS,NO_LOW_STATURE_EVIDENCE,NONE,NO_LOW_STATURE_EVIDENCE,True,False,True,False,False,1,3,COMPLETE_3_OF_3,BIOCHEMICAL_ONLY,SINGLE_DOMAIN_PRIORITY,Supported biochemical decline is present without another supported major-domain signal.,"Cross-domain agreement represents internal corroboration. It does not prove that water status, biochemical change, disease, or another factor caused the structural condition."
431,431,0.9690500019249836,-0.1405131222928439,0.1912412455801838,-0.0984957938606318,ANOMALOUS,ANOMALOUS_CONCORDANT,ABNORMAL,STRONG_INTERNAL_WATER_EVIDENCE,SUPPORTED_ANOMALY,HIGH,0.1623471793892763,0.4332739705864895,725.0141300130792,0.2914734079193576,2.0239265734318144,3.507477779827465,0.3144162311036836,True,True,False,CONCORDANT_BIOCHEMICAL_DECLINE,SUPPORTED_ANOMALY,1.7249463081359864,1.432452392578125,1.3732505142688751,PASS,NO_LOW_STATURE_EVIDENCE,NONE,NO_LOW_STATURE_EVIDENCE,False,True,True,False,False,2,3,COMPLETE_3_OF_3,WATER_BIOCHEMICAL_ONLY,MULTI_DOMAIN_PRIORITY,Supported water-status and biochemical anomalies are present without current low-stature evidence.,"Cross-domain agreement represents internal corroboration. It does not prove that water status, biochemical change, disease, or another factor caused the structural condition."
433,433,,,,,NOT_ASSESSABLE,NOT_ASSESSABLE,NOT_ASSESSABLE,WATER_STATUS_NOT_FULLY_ASSESSABLE,NOT_FULLY_ASSESSABLE,LIMITED,,,,,,,,False,False,False,NOT_FULLY_ASSESSABLE,NOT_FULLY_ASSESSABLE,2.214699649810791,1.4775444030761715,1.376175232231617,PASS,NO_LOW_STATURE_EVIDENCE,NONE,NO_LOW_STATURE_EVIDENCE,False,False,False,False,False,0,1,LIMITED_0_OR_1_OF_3,NO_SUPPORTED_MAJOR_DOMAIN_ANOMALY,DATA_LIMITED_REVIEW,"No supported major-domain anomaly is identified, but the assessment is incomplete or contains inconclusive evidence.","Cross-domain agreement represents internal corroboration. It does not prove that water status, biochemical change, disease, or another factor caused the structural condition."
434,434,1.027725788540332,-0.3396406119682061,0.4134453425555137,-0.064700455666776,NO_ANOMALY,NO_ANOMALY,NO_ABNORMALITY,NO_CONCORDANT_WATER_ANOMALY,NO_CONCORDANT_ANOMALY,HIGH,0.3623289010611135,1.2296340627758984,728.9313492856006,0.1202404233083912,1.255971256737078,3.955951509110685,0.574340145562733,False,False,False,NO_CONCORDANT_BIOCHEMICAL_DECLINE,NO_CONCORDANT_ANOMALY,0.860557135939598,0.57550048828125,0.1279465332627296,PASS,CORROBORATED_LOW_STRUCTURAL_STATURE,CORROBORATED,LOW_STATURE_CORROBORATED,False,False,False,True,True,1,3,COMPLETE_3_OF_3,STRUCTURE_ONLY,SINGLE_DOMAIN_PRIORITY,Relatively low structural stature is present without another supported major-domain anomaly.,"Cross-domain agreement represents internal corroboration. It does not prove that water status, biochemical change, disease, or another factor caused the structural condition."
436,436,1.0092659171993343,-0.2484289993185252,0.2946029966908159,-0.0905754683685029,NO_ANOMALY,NO_ANOMALY,ABNORMAL,NO_CONCORDANT_WATER_ANOMALY,NO_CONCORDANT_ANOMALY,HIGH,0.2008994114179699,0.5575899247488242,725.0949455283858,0.2350888098664691,1.7055517618357396,3.855275111596741,0.3886643894147097,False,True,False,SENESCENCE_PIGMENT_ONLY,SCREENING_ANOMALY,2.16941876411438,2.0681945800781247,1.5950008928775787,PASS,NO_LOW_STATURE_EVIDENCE,NONE,NO_LOW_STATURE_EVIDENCE,True,False,False,False,False,0,3,COMPLETE_3_OF_3,NO_SUPPORTED_MAJOR_DOMAIN_ANOMALY,SCREENING_PRIORITY,"Screening-level spectral evidence is present, but no major domain reaches the supported multi-indicator condition.","Cross-domain agreement represents internal corroboration. It does not prove that water status, biochemical change, disease, or another factor caused the structural condition."
437,437,1.027816494633792,,,-0.087427003291905,NO_ANOMALY,NOT_ASSESSABLE,NO_ABNORMALITY,WATER_STATUS_NOT_FULLY_ASSESSABLE,NOT_FULLY_ASSESSABLE,LIMITED,0.2207477236615562,0.624463161331884,725.7162057489367,0.2065511067493867,1.586989095641188,3.921919599577981,0.4189800567732289,False,False,False,NO_CONCORDANT_BIOCHEMICAL_DECLINE,NO_CONCORDANT_ANOMALY,1.654368793964386,1.6240921020507812,1.1594125479459765,PASS,NO_LOW_STATURE_EVIDENCE,NONE,NO_LOW_STATURE_EVIDENCE,False,False,False,False,False,0,2,PARTIAL_2_OF_3,NO_SUPPORTED_MAJOR_DOMAIN_ANOMALY,DATA_LIMITED_REVIEW,"No supported major-domain anomaly is identified, but the assessment is incomplete or contains inconclusive evidence.","Cross-domain agreement represents internal corroboration. It does not prove that water status, biochemical change, disease, or another factor caused the structural condition."
438,438,1.0013470169357293,-0.2311967851566508,0.2759337706764594,-0.0915094199796957,NO_ANOMALY,NO_ANOMALY,ABNORMAL,NO_CONCORDANT_WATER_ANOMALY,NO_CONCORDANT_ANOMALY,HIGH,0.2230411280911985,0.6468754937766885,725.7886339435022,0.2300874980136633,1.7176863922974932,3.756987925974133,0.403465803990376,False,False,False,NO_CONCORDANT_BIOCHEMICAL_DECLINE,NO_CONCORDANT_ANOMALY,2.608078110218048,2.328082275390625,2.015751615166664,PASS,NO_LOW_STATURE_EVIDENCE,NONE,NO_LOW_STATURE_EVIDENCE,True,False,False,False,False,0,3,COMPLETE_3_OF_3,NO_SUPPORTED_MAJOR_DOMAIN_ANOMALY,NO_SUPPORTED_ANOMALY,No supported concordant anomaly evidence is identified across the assessed domains.,"Cross-domain agreement represents internal corroboration. It does not prove that water status, biochemical change, disease, or another factor caused the structural condition."
439,439,1.0121627306594785,,,-0.0917402675233796,NO_ANOMALY,NOT_ASSESSABLE,ABNORMAL,WATER_STATUS_NOT_FULLY_ASSESSABLE,NOT_FULLY_ASSESSABLE,LIMITED,0.2429683804714429,0.7051370313692266,724.6867026211926,0.1826560260810794,1.4535187324659788,3.3655757459304807,0.4707229836711789,False,False,False,NO_CONCORDANT_BIOCHEMICAL_DECLINE,NO_CONCORDANT_ANOMALY,2.2049381732940674,2.1357948303222654,1.579501032829285,PASS,NO_LOW_STATURE_EVIDENCE,NONE,NO_LOW_STATURE_EVIDENCE,True,False,False,False,False,0,2,PARTIAL_2_OF_3,NO_SUPPORTED_MAJOR_DOMAIN_ANOMALY,DATA_LIMITED_REVIEW,"No supported major-domain anomaly is identified, but the assessment is incomplete or contains inconclusive evidence.","Cross-domain agreement represents internal corroboration. It does not prove that water status, biochemical change, disease, or another factor caused the structural condition."
440,440,0.9979133460318396,,,-0.0847977623850759,NO_ANOMALY,NOT_ASSESSABLE,NO_ABNORMALITY,WATER_STATUS_NOT_FULLY_ASSESSABLE,NOT_FULLY_ASSESSABLE,LIMITED,0.2592183385859042,0.7852671902671791,726.1144892137492,0.1681726435380889,1.4509276315544142,3.4369860291686907,0.4884223205444366,False,False,False,NO_CONCORDANT_BIOCHEMICAL_DECLINE,NO_CONCORDANT_ANOMALY,2.505618321895599,2.389394378662109,1.9757327809929848,PASS,NO_LOW_STATURE_EVIDENCE,NONE,NO_LOW_STATURE_EVIDENCE,True,False,False,False,False,0,2,PARTIAL_2_OF_3,NO_SUPPORTED_MAJOR_DOMAIN_ANOMALY,DATA_LIMITED_REVIEW,"No supported major-domain anomaly is identified, but the assessment is incomplete or contains inconclusive evidence.","Cross-domain agreement represents internal corroboration. It does not prove that water status, biochemical change, disease, or another factor caused the structural condition."
441,441,,-0.1599880435232585,0.1953042358276749,,NOT_ASSESSABLE,ANOMALOUS_CONCORDANT,NOT_ASSESSABLE,NOT_FULLY_ASSESSABLE_ISOLATED_ANOMALY,SCREENING_ANOMALY,LIMITED,,,,,,,,False,False,False,NOT_FULLY_ASSESSABLE,NOT_FULLY_ASSESSABLE,2.2781468749046323,1.8529052734375,1.6842020228505137,PASS,NO_LOW_STATURE_EVIDENCE,NONE,NO_LOW_STATURE_EVIDENCE,True,False,False,False,False,0,1,LIMITED_0_OR_1_OF_3,NO_SUPPORTED_MAJOR_DOMAIN_ANOMALY,SCREENING_PRIORITY,"Screening-level spectral evidence is present, but no major domain reaches the supported multi-indicator condition.","Cross-domain agreement represents internal corroboration. It does not prove that water status, biochemical change, disease, or another factor caused the structural condition."
442,442,0.9751621904951984,,,-0.0851040143284515,ANOMALOUS,NOT_ASSESSABLE,NO_ABNORMALITY,NOT_FULLY_ASSESSABLE_ISOLATED_ANOMALY,SCREENING_ANOMALY,LIMITED,0.2513272108344868,0.7527119851339895,725.9636050680087,0.1916748900986503,1.5418481585478536,3.5973019278088705,0.4602566110546088,False,False,False,NO_CONCORDANT_BIOCHEMICAL_DECLINE,NO_CONCORDANT_ANOMALY,2.4431354641914367,2.1261001586914063,1.91738460958004,PASS,NO_LOW_STATURE_EVIDENCE,NONE,NO_LOW_STATURE_EVIDENCE,True,False,False,False,False,0,2,PARTIAL_2_OF_3,NO_SUPPORTED_MAJOR_DOMAIN_ANOMALY,SCREENING_PRIORITY,"Screening-level spectral evidence is present, but no major domain reaches the supported multi-indicator condition.","Cross-domain agreement represents internal corroboration. It does not prove that water status, biochemical change, disease, or another factor caused the structural condition."
443,443,1.000002888864949,,,-0.0883755602063016,NO_ANOMALY,NOT_ASSESSABLE,NO_ABNORMALITY,WATER_STATUS_NOT_FULLY_ASSESSABLE,NOT_FULLY_ASSESSABLE,LIMITED,0.2265171486882661,0.6494866241538622,725.9502125185306,0.2018200348277591,1.5182692476134114,4.2065217203716685,0.4241999947234748,False,False,False,NO_CONCORDANT_BIOCHEMICAL_DECLINE,NO_CONCORDANT_ANOMALY,2.5850500106811523,1.697100830078125,1.4677290171384811,PASS,NO_LOW_STATURE_EVIDENCE,NONE,NO_LOW_STATURE_EVIDENCE,True,False,False,False,False,0,2,PARTIAL_2_OF_3,NO_SUPPORTED_MAJOR_DOMAIN_ANOMALY,DATA_LIMITED_REVIEW,"No supported major-domain anomaly is identified, but the assessment is incomplete or contains inconclusive evidence.","Cross-domain agreement represents internal corroboration. It does not prove that water status, biochemical change, disease, or another factor caused the structural condition."
444,444,1.0363892873253713,-0.1456263795782051,0.2593390249837372,-0.0700904193615983,NO_ANOMALY,PARTIAL_DISCORDANT,NO_ABNORMALITY,SWIR_DISCORDANT_INSUFFICIENT_EVIDENCE,INCONCLUSIVE,HIGH,0.2288646747135196,0.6122855919494181,727.5937872871126,0.2150032951055174,1.478170816746971,4.273466971874518,0.3910893273756123,False,False,False,NO_CONCORDANT_BIOCHEMICAL_DECLINE,NO_CONCORDANT_ANOMALY,0.3736697375774383,0.363983154296875,0.045371800661087,WARN,CORROBORATED_LOW_STRUCTURAL_STATURE,CORROBORATED,LOW_STATURE_CORROBORATED,False,False,False,True,True,1,3,COMPLETE_3_OF_3,STRUCTURE_ONLY,SINGLE_DOMAIN_PRIORITY,Relatively low structural stature is present without another supported major-domain anomaly.,"Cross-domain agreement represents internal corroboration. It does not prove that water status, biochemical change, disease, or another factor caused the structural condition."
445,445,,-0.1905431536700517,0.2592092694607752,,NOT_ASSESSABLE,NO_ANOMALY,NOT_ASSESSABLE,WATER_STATUS_NOT_FULLY_ASSESSABLE,NOT_FULLY_ASSESSABLE,LIMITED,,,,,,,,False,False,False,NOT_FULLY_ASSESSABLE,NOT_FULLY_ASSESSABLE,0.404162448644638,0.31298828125,0.0475242882966995,WARN,CORROBORATED_LOW_STRUCTURAL_STATURE,CORROBORATED,LOW_STATURE_CORROBORATED,False,False,False,True,True,1,1,LIMITED_0_OR_1_OF_3,STRUCTURE_ONLY,SINGLE_DOMAIN_PRIORITY,Relatively low structural stature is present without another supported major-domain anomaly.,"Cross-domain agreement represents internal corroboration. It does not prove that water status, biochemical change, disease, or another factor caused the structural condition."
446,446,1.0138756147314656,,,-0.0867024244615222,NO_ANOMALY,NOT_ASSESSABLE,NO_ABNORMALITY,WATER_STATUS_NOT_FULLY_ASSESSABLE,NOT_FULLY_ASSESSABLE,LIMITED,0.2276768848956097,0.6946260331903478,725.3242751256519,0.2143344000526668,1.6219906541970464,3.612118073539656,0.4227930268419467,False,False,False,NO_CONCORDANT_BIOCHEMICAL_DECLINE,NO_CONCORDANT_ANOMALY,2.629685997962952,1.8966506958007807,1.906568631529808,PASS,NO_LOW_STATURE_EVIDENCE,NONE,NO_LOW_STATURE_EVIDENCE,True,False,False,False,False,0,2,PARTIAL_2_OF_3,NO_SUPPORTED_MAJOR_DOMAIN_ANOMALY,DATA_LIMITED_REVIEW,"No supported major-domain anomaly is identified, but the assessment is incomplete or contains inconclusive evidence.","Cross-domain agreement represents internal corroboration. It does not prove that water status, biochemical change, disease, or another factor caused the structural condition."
447,447,,-0.4150580622638995,0.4604515922067587,-0.07832915248406,NOT_ASSESSABLE,NO_ANOMALY,NO_ABNORMALITY,WATER_STATUS_NOT_FULLY_ASSESSABLE,NOT_FULLY_ASSESSABLE,LIMITED,0.3380095305564572,1.1011711563940552,727.5907018649825,0.1130190806534569,1.2394382944108746,3.622658169402894,0.5767654827708331,False,False,False,NO_CONCORDANT_BIOCHEMICAL_DECLINE,NO_CONCORDANT_ANOMALY,2.858585608005524,2.1433929443359374,1.074052482843399,PASS,NO_LOW_STATURE_EVIDENCE,NONE,NO_LOW_STATURE_EVIDENCE,False,False,False,False,False,0,2,PARTIAL_2_OF_3,NO_SUPPORTED_MAJOR_DOMAIN_ANOMALY,DATA_LIMITED_REVIEW,"No supported major-domain anomaly is identified, but the assessment is incomplete or contains inconclusive evidence.","Cross-domain agreement represents internal corroboration. It does not prove that water status, biochemical change, disease, or another factor caused the structural condition."
448,448,1.0140111787154231,,,-0.0891042788377478,NO_ANOMALY,NOT_ASSESSABLE,ABNORMAL,WATER_STATUS_NOT_FULLY_ASSESSABLE,NOT_FULLY_ASSESSABLE,LIMITED,0.2680292751307072,0.8271558609823755,726.0100716431009,0.1693795567700942,1.4536981513311606,3.636302168896121,0.5015814579112946,False,False,False,NO_CONCORDANT_BIOCHEMICAL_DECLINE,NO_CONCORDANT_ANOMALY,2.77092273235321,2.8377456665039062,1.10873681306839,PASS,NO_LOW_STATURE_EVIDENCE,NONE,NO_LOW_STATURE_EVIDENCE,False,False,False,False,False,0,2,PARTIAL_2_OF_3,NO_SUPPORTED_MAJOR_DOMAIN_ANOMALY,DATA_LIMITED_REVIEW,"No supported major-domain anomaly is identified, but the assessment is incomplete or contains inconclusive evidence.","Cross-domain agreement represents internal corroboration. It does not prove that water status, biochemical change, disease, or another factor caused the structural condition."
449,449,0.971992064156432,,,-0.0680083857872162,ANOMALOUS,NOT_ASSESSABLE,NO_ABNORMALITY,NOT_FULLY_ASSESSABLE_ISOLATED_ANOMALY,SCREENING_ANOMALY,LIMITED,0.3187931270874979,1.005312533690358,728.0943311475135,0.1413917281329736,1.288312396874865,3.1920099329812506,0.5167088055180602,False,False,False,NO_CONCORDANT_BIOCHEMICAL_DECLINE,NO_CONCORDANT_ANOMALY,1.8349856376647948,0.3465995788574219,1.2070345282554626,PASS,NO_LOW_STATURE_EVIDENCE,NONE,NO_LOW_STATURE_EVIDENCE,False,False,False,False,False,0,2,PARTIAL_2_OF_3,NO_SUPPORTED_MAJOR_DOMAIN_ANOMALY,SCREENING_PRIORITY,"Screening-level spectral evidence is present, but no major domain reaches the supported multi-indicator condition.","Cross-domain agreement represents internal corroboration. It does not prove that water status, biochemical change, disease, or another factor caused the structural condition."
450,450,1.0384059622551485,-0.1875705796474018,0.2459131084955677,-0.0966843991167591,NO_ANOMALY,PARTIAL_DISCORDANT,ABNORMAL,SWIR_DISCORDANT_INSUFFICIENT_EVIDENCE,INCONCLUSIVE,HIGH,0.2093923836226728,0.6189933027128606,726.1753781358366,0.2488346297950163,1.7289562412023252,4.530656187463919,0.3674271977804261,False,True,True,SENESCENCE_PIGMENT_ONLY,SCREENING_ANOMALY,1.81976335644722,1.4832000732421875,1.2090424671769142,PASS,NO_LOW_STATURE_EVIDENCE,NONE,NO_LOW_STATURE_EVIDENCE,False,False,False,False,False,0,3,COMPLETE_3_OF_3,NO_SUPPORTED_MAJOR_DOMAIN_ANOMALY,SCREENING_PRIORITY,"Screening-level spectral evidence is present, but no major domain reaches the supported multi-indicator condition.","Cross-domain agreement represents internal corroboration. It does not prove that water status, biochemical change, disease, or another factor caused the structural condition."
451,451,,,,,NOT_ASSESSABLE,NOT_ASSESSABLE,NOT_ASSESSABLE,WATER_STATUS_NOT_FULLY_ASSESSABLE,NOT_FULLY_ASSESSABLE,LIMITED,,,,,,,,False,False,False,NOT_FULLY_ASSESSABLE,NOT_FULLY_ASSESSABLE,2.020892238616942,1.441041564941406,1.088047832250595,PASS,NO_LOW_STATURE_EVIDENCE,NONE,NO_LOW_STATURE_EVIDENCE,False,False,False,False,False,0,1,LIMITED_0_OR_1_OF_3,NO_SUPPORTED_MAJOR_DOMAIN_ANOMALY,DATA_LIMITED_REVIEW,"No supported major-domain anomaly is identified, but the assessment is incomplete or contains inconclusive evidence.","Cross-domain agreement represents internal corroboration. It does not prove that water status, biochemical change, disease, or another factor caused the structural condition."
452,452,1.010888342189439,-0.2514438862374672,0.2997000924802756,-0.0848326199662094,NO_ANOMALY,NO_ANOMALY,NO_ABNORMALITY,NO_CONCORDANT_WATER_ANOMALY,NO_CONCORDANT_ANOMALY,HIGH,0.2440329517108289,0.7336588599167222,726.483375538781,0.2084339466318635,1.5421320124178115,3.761004866507688,0.4270602572079036,False,False,False,NO_CONCORDANT_BIOCHEMICAL_DECLINE,NO_CONCORDANT_ANOMALY,2.511531472206116,1.1274826049804687,1.0948119759559631,PASS,NO_LOW_STATURE_EVIDENCE,NONE,NO_LOW_STATURE_EVIDENCE,False,False,False,False,False,0,3,COMPLETE_3_OF_3,NO_SUPPORTED_MAJOR_DOMAIN_ANOMALY,NO_SUPPORTED_ANOMALY,No supported concordant anomaly evidence is identified across the assessed domains.,"Cross-domain agreement represents internal corroboration. It does not prove that water status, biochemical change, disease, or another factor caused the structural condition."
453,453,1.024264363125327,-0.3171285944901648,0.3767024424598835,-0.0816654288570529,NO_ANOMALY,NO_ANOMALY,NO_ABNORMALITY,NO_CONCORDANT_WATER_ANOMALY,NO_CONCORDANT_ANOMALY,HIGH,0.2716856158366592,0.8177140294551049,726.9654932358279,0.1690711047198649,1.3914932328192382,3.863670868448054,0.4785655129638532,False,False,False,NO_CONCORDANT_BIOCHEMICAL_DECLINE,NO_CONCORDANT_ANOMALY,2.845567464828491,2.130685424804688,1.6609548926353457,PASS,NO_LOW_STATURE_EVIDENCE,NONE,NO_LOW_STATURE_EVIDENCE,True,False,False,False,False,0,3,COMPLETE_3_OF_3,NO_SUPPORTED_MAJOR_DOMAIN_ANOMALY,NO_SUPPORTED_ANOMALY,No supported concordant anomaly evidence is identified across the assessed domains.,"Cross-domain agreement represents internal corroboration. It does not prove that water status, biochemical change, disease, or another factor caused the structural condition."
454,454,1.0116021054165767,-0.242425932550769,0.3162215201970811,-0.0847899929310163,NO_ANOMALY,NO_ANOMALY,NO_ABNORMALITY,NO_CONCORDANT_WATER_ANOMALY,NO_CONCORDANT_ANOMALY,HIGH,0.2270172170441219,0.636771317745543,726.0147209574122,0.2153993089044972,1.5385390963648993,3.6633521109391274,0.4127793127739098,False,False,False,NO_CONCORDANT_BIOCHEMICAL_DECLINE,NO_CONCORDANT_ANOMALY,1.89064724445343,1.8720901489257813,1.3245741873979568,PASS,NO_LOW_STATURE_EVIDENCE,NONE,NO_LOW_STATURE_EVIDENCE,False,False,False,False,False,0,3,COMPLETE_3_OF_3,NO_SUPPORTED_MAJOR_DOMAIN_ANOMALY,NO_SUPPORTED_ANOMALY,No supported concordant anomaly evidence is identified across the assessed domains.,"Cross-domain agreement represents internal corroboration. It does not prove that water status, biochemical change, disease, or another factor caused the structural condition."
455,455,,,,,NOT_ASSESSABLE,NOT_ASSESSABLE,NOT_ASSESSABLE,WATER_STATUS_NOT_FULLY_ASSESSABLE,NOT_FULLY_ASSESSABLE,LIMITED,,,,,,,,False,False,False,NOT_FULLY_ASSESSABLE,NOT_FULLY_ASSESSABLE,2.8203641414642333,2.7500465393066404,2.115894317626953,PASS,NO_LOW_STATURE_EVIDENCE,NONE,NO_LOW_STATURE_EVIDENCE,True,False,False,False,False,0,1,LIMITED_0_OR_1_OF_3,NO_SUPPORTED_MAJOR_DOMAIN_ANOMALY,DATA_LIMITED_REVIEW,"No supported major-domain anomaly is identified, but the assessment is incomplete or contains inconclusive evidence.","Cross-domain agreement represents internal corroboration. It does not prove that water status, biochemical change, disease, or another factor caused the structural condition."
456,456,0.9821324041675944,,,-0.0967267622041248,NO_ANOMALY,NOT_ASSESSABLE,ABNORMAL,WATER_STATUS_NOT_FULLY_ASSESSABLE,NOT_FULLY_ASSESSABLE,LIMITED,0.1552015418357345,0.3917026409823618,725.1056233938116,0.3054422392242686,1.933012126970601,4.51163641044874,0.2965174353596232,True,True,True,STRONG_CONCORDANT_BIOCHEMICAL_DECLINE,SUPPORTED_ANOMALY,1.852397149801254,1.59044189453125,0.0759215578436851,WARN,NO_LOW_STATURE_EVIDENCE,NONE,NO_LOW_STATURE_EVIDENCE,False,False,True,False,False,1,2,PARTIAL_2_OF_3,BIOCHEMICAL_ONLY,SINGLE_DOMAIN_PRIORITY,Supported biochemical decline is present without another supported major-domain signal.,"Cross-domain agreement represents internal corroboration. It does not prove that water status, biochemical change, disease, or another factor caused the structural condition."
458,458,1.006816933724207,,,-0.0825861106495024,NO_ANOMALY,NOT_ASSESSABLE,NO_ABNORMALITY,WATER_STATUS_NOT_FULLY_ASSESSABLE,NOT_FULLY_ASSESSABLE,LIMITED,0.264510356275963,0.7932718310821104,726.4513621201132,0.1829726299857994,1.4660129325729296,4.513503406514399,0.4795627901722647,False,False,True,NO_CONCORDANT_BIOCHEMICAL_DECLINE,NO_CONCORDANT_ANOMALY,3.253713297843933,2.9030464172363275,1.7663381099700928,PASS,NO_LOW_STATURE_EVIDENCE,NONE,NO_LOW_STATURE_EVIDENCE,True,False,False,False,False,0,2,PARTIAL_2_OF_3,NO_SUPPORTED_MAJOR_DOMAIN_ANOMALY,DATA_LIMITED_REVIEW,"No supported major-domain anomaly is identified, but the assessment is incomplete or contains inconclusive evidence.","Cross-domain agreement represents internal corroboration. It does not prove that water status, biochemical change, disease, or another factor caused the structural condition."
459,459,0.9950540528376032,,,-0.0740819425279187,NO_ANOMALY,NOT_ASSESSABLE,NO_ABNORMALITY,WATER_STATUS_NOT_FULLY_ASSESSABLE,NOT_FULLY_ASSESSABLE,LIMITED,0.3246885452427344,1.0502188473843783,727.32996540671,0.1356589400793771,1.2794987922125918,4.0365516208591,0.5649822843760886,False,False,False,NO_CONCORDANT_BIOCHEMICAL_DECLINE,NO_CONCORDANT_ANOMALY,2.4070531249046327,4.976196289062498,1.7534513548016548,PASS,NO_LOW_STATURE_EVIDENCE,NONE,NO_LOW_STATURE_EVIDENCE,True,False,False,False,False,0,2,PARTIAL_2_OF_3,NO_SUPPORTED_MAJOR_DOMAIN_ANOMALY,DATA_LIMITED_REVIEW,"No supported major-domain anomaly is identified, but the assessment is incomplete or contains inconclusive evidence.","Cross-domain agreement represents internal corroboration. It does not prove that water status, biochemical change, disease, or another factor caused the structural condition."
460,460,0.9936012525720004,,,-0.0847479453552788,NO_ANOMALY,NOT_ASSESSABLE,NO_ABNORMALITY,WATER_STATUS_NOT_FULLY_ASSESSABLE,NOT_FULLY_ASSESSABLE,LIMITED,0.1984291035072574,0.516923342665479,725.9040702443496,0.2436148064395662,1.611212128467534,3.950086192488661,0.3657576103282649,False,True,False,SENESCENCE_PIGMENT_ONLY,SCREENING_ANOMALY,1.3101264238357542,0.3701004028320312,0.0707638189196586,PASS,CORROBORATED_LOW_STRUCTURAL_STATURE,CORROBORATED,LOW_STATURE_CORROBORATED,False,False,False,True,True,1,2,PARTIAL_2_OF_3,STRUCTURE_ONLY,SINGLE_DOMAIN_PRIORITY,Relatively low structural stature is present without another supported major-domain anomaly.,"Cross-domain agreement represents internal corroboration. It does not prove that water status, biochemical change, disease, or another factor caused the structural condition."
462,462,0.991218881474135,,,-0.0903494707543195,NO_ANOMALY,NOT_ASSESSABLE,ABNORMAL,WATER_STATUS_NOT_FULLY_ASSESSABLE,NOT_FULLY_ASSESSABLE,LIMITED,0.1748620068937605,0.45975315006898,725.319069152619,0.2844549255953291,1.7875072393815303,4.411138528614817,0.3248012858588789,True,True,True,STRONG_CONCORDANT_BIOCHEMICAL_DECLINE,SUPPORTED_ANOMALY,0.3963147044181824,0.399993896484375,0.0424048602581024,PASS,CORROBORATED_LOW_STRUCTURAL_STATURE,CORROBORATED,LOW_STATURE_CORROBORATED,False,False,True,True,True,2,2,PARTIAL_2_OF_3,BIOCHEMICAL_STRUCTURE_ONLY,MULTI_DOMAIN_PRIORITY,Supported biochemical decline coincides with relatively low structural stature; a supported water-status anomaly is not present.,"Cross-domain agreement represents internal corroboration. It does not prove that water status, biochemical change, disease, or another factor caused the structural condition."
464,464,,-0.4525122483569166,0.4869670242643629,-0.0698184089085608,NOT_ASSESSABLE,NO_ANOMALY,NO_ABNORMALITY,WATER_STATUS_NOT_FULLY_ASSESSABLE,NOT_FULLY_ASSESSABLE,LIMITED,0.4156779794202768,,728.7526182798798,0.1021370478514706,1.089167682044024,3.794301529655835,0.6184444133952228,False,False,False,NOT_FULLY_ASSESSABLE,NOT_FULLY_ASSESSABLE,3.667606317996978,3.70279541015625,3.1498690098524094,PASS,NO_LOW_STATURE_EVIDENCE,NONE,NO_LOW_STATURE_EVIDENCE,True,False,False,False,False,0,1,LIMITED_0_OR_1_OF_3,NO_SUPPORTED_MAJOR_DOMAIN_ANOMALY,DATA_LIMITED_REVIEW,"No supported major-domain anomaly is identified, but the assessment is incomplete or contains inconclusive evidence.","Cross-domain agreement represents internal corroboration. It does not prove that water status, biochemical change, disease, or another factor caused the structural condition."
466,466,1.154807362687453,,,-0.0450278850414436,NO_ANOMALY,NOT_ASSESSABLE,NO_ABNORMALITY,WATER_STATUS_NOT_FULLY_ASSESSABLE,NOT_FULLY_ASSESSABLE,LIMITED,0.537782707291583,2.435170531272888,730.5282819316515,0.0222375719084837,1.032988024551841,3.449965231345497,0.7807158204527147,False,False,False,NO_CONCORDANT_BIOCHEMICAL_DECLINE,NO_CONCORDANT_ANOMALY,4.46320333480835,4.287799072265625,3.329158425331116,PASS,NO_LOW_STATURE_EVIDENCE,NONE,NO_LOW_STATURE_EVIDENCE,True,False,False,False,False,0,2,PARTIAL_2_OF_3,NO_SUPPORTED_MAJOR_DOMAIN_ANOMALY,DATA_LIMITED_REVIEW,"No supported major-domain anomaly is identified, but the assessment is incomplete or contains inconclusive evidence.","Cross-domain agreement represents internal corroboration. It does not prove that water status, biochemical change, disease, or another factor caused the structural condition."
