tree_id,NDVI_VALUE,NDRE_VALUE,CIRED_EDGE_VALUE,MCARI_OSAVI_VALUE,WBI_VALUE,PRI_VALUE,PSRI_VALUE,SIPI_VALUE,ARI1_VALUE,TCARI_VALUE,REP_D1_NM_VALUE,VNIR_n_strip_obs,VNIR_VALUE_SOURCE,VNIR_FULLY_AVAILABLE,NDVI_XSTRIP_SD,NDRE_XSTRIP_SD,CIRED_EDGE_XSTRIP_SD,MCARI_OSAVI_XSTRIP_SD,WBI_XSTRIP_SD,PRI_XSTRIP_SD,PSRI_XSTRIP_SD,SIPI_XSTRIP_SD,ARI1_XSTRIP_SD,TCARI_XSTRIP_SD,REP_D1_NM_XSTRIP_SD,NDMI2_VALUE,NDSI_RWC_VALUE,SWIR_SPECTRUM_STATUS,SWIR_CONFIDENCE,N_USABLE_SWIR_STRIPS,USABLE_SWIR_STRIPS,SWIR_VALUE_SOURCE,SWIR_FULLY_AVAILABLE,WBI_ANOMALY_BOOL,PRI_ABNORMAL_BOOL,NDMI2_ANOMALY_BOOL,NDSI_RWC_ANOMALY_BOOL,SWIR_WATER_BLOCK,WATER_EVIDENCE_STATUS,WATER_MEASUREMENT_CONFIDENCE,WATER_FULLY_ASSESSABLE,BIO_NDRE_LOW,BIO_CIRED_LOW,BIO_REP_LOW,BIO_CHL_AMPLITUDE_ABNORMAL,BIO_CHL_RE_SUPPORTED,BIO_PSRI_HIGH,BIO_SIPI_HIGH,BIO_PIGMENT_SUPPORTED,BIO_ARI1_HIGH,BIOCHEMICAL_FULLY_ASSESSABLE,BIOCHEMICAL_STATUS,BIOCHEMICAL_ASSESSABLE,H_P95_m,H_IQR_m,RASTER_CHM_P95_m,LAS_P95_minus_RASTER_CHM_P95_m,SURFACE_n_valid_cells,SURFACE_valid_cell_fraction,STRUCTURE_QC_FINAL,STRUCTURE_QC_FINAL_REASON,LOW_STRUCTURAL_STATURE,RASTER_LOW_STATURE_SUPPORT,HIGH_VERTICAL_VARIABILITY_CONTEXT,STRUCTURE_STATUS_FINAL,STRUCTURE_EVIDENCE_STRENGTH,WATER_DOMAIN_STATE,BIOCHEMICAL_DOMAIN_STATE,STRUCTURE_DOMAIN_STATE,WATER_SUPPORTED,BIOCHEMICAL_SUPPORTED,STRUCTURE_LOW_STATURE,STRUCTURE_CORROBORATED,WATER_SCREENING_ONLY,BIOCHEMICAL_SCREENING_ONLY,ANY_SCREENING_LEVEL_EVIDENCE,STRUCTURE_ASSESSABLE,ASSESSABLE_DOMAIN_COUNT,SUPPORTED_DOMAIN_COUNT,CROSS_DOMAIN_PATTERN,MULTIDOMAIN_COMPLETENESS,FIELD_INSPECTION_TIER,INTERPRETATION_BOUNDARY
2,0.7483865698655273,0.41502120080145,1.4650205310064417,0.2468802802012817,0.9712867342268756,-0.0890593418136499,0.0459645262991348,1.0791713640240053,2.017704728125486,0.1815948796863774,726.6201738297224,2,PIXELWISE_INDEX_THEN_CROWN_STATISTIC_THEN_MULTISTRIP_AGGREGATION,True,0.0,0.0,0.0,0.0,0.0,0.0,0.0,0.0,0.0,0.0,0.0,-0.5923982658024886,0.607276285604306,SINGLE_STRIP,MODERATE,1,11,ALL_386_COMPLETE_TREE_LEVEL_INVENTORY,True,True,False,False,False,NO_ANOMALY,ISOLATED_DIRECT_WATER_ANOMALY,MODERATE,True,False,False,False,False,False,False,False,False,False,True,NO_CONCORDANT_BIOCHEMICAL_DECLINE,True,2.1068980216979982,0.3598379492759704,,,12,1.0,WARN,surface cells < 20,False,False,False,NO_LOW_STATURE_EVIDENCE,NONE,SCREENING_ANOMALY,NO_CONCORDANT_ANOMALY,NO_LOW_STATURE_EVIDENCE,False,False,False,False,True,False,True,True,3,0,NO_SUPPORTED_MAJOR_DOMAIN_ANOMALY,COMPLETE_3_OF_3,SCREENING_PRIORITY,"These are orchard-relative screening patterns and internal cross-domain corroboration. They do not establish causal diagnosis, disease identity, physiological drought, nutrient deficiency, or treatment need without independent field validation."
5,0.645777742491857,0.366952526685844,1.2177609000042526,0.1566625575180715,0.9922148340131638,-0.0740298795274645,0.0764400652102144,1.1496556380819352,3.404674485162781,0.1142615221684689,727.5343251746558,2,PIXELWISE_INDEX_THEN_CROWN_STATISTIC_THEN_MULTISTRIP_AGGREGATION,True,0.0,0.0,0.0,0.0,0.0,0.0,0.0,0.0,0.0,0.0,0.0,-0.4892277272497954,0.5184796080019596,SINGLE_STRIP,MODERATE,1,11,ALL_386_COMPLETE_TREE_LEVEL_INVENTORY,True,False,False,False,False,NO_ANOMALY,NO_CONCORDANT_WATER_ANOMALY,MODERATE,True,False,False,False,False,False,False,False,False,False,True,NO_CONCORDANT_BIOCHEMICAL_DECLINE,True,1.8289135992527008,0.7627946585416794,1.7806488037109374,0.0482647955417632,52,1.0,PASS,,False,False,False,NO_LOW_STATURE_EVIDENCE,NONE,NO_CONCORDANT_ANOMALY,NO_CONCORDANT_ANOMALY,NO_LOW_STATURE_EVIDENCE,False,False,False,False,False,False,False,True,3,0,NO_SUPPORTED_MAJOR_DOMAIN_ANOMALY,COMPLETE_3_OF_3,NO_SUPPORTED_ANOMALY,"These are orchard-relative screening patterns and internal cross-domain corroboration. They do not establish causal diagnosis, disease identity, physiological drought, nutrient deficiency, or treatment need without independent field validation."
6,0.7289183238075179,0.4061261754285302,1.4372925988849286,0.201797098243581,1.05585042098864,-0.0807508281546159,0.0537086905450099,1.1072274275974967,2.53320131623627,0.137390645140063,727.0056241191137,2,PIXELWISE_INDEX_THEN_CROWN_STATISTIC_THEN_MULTISTRIP_AGGREGATION,True,0.0326245752004417,0.0151820679287828,0.0418174238936495,0.0110899866582437,0.0393577185237475,0.0106735462518646,0.0184458598563302,0.0517510062312231,0.2133302669944079,0.0051872435298286,0.0927169383531681,-0.482127850254874,0.508465266363823,SINGLE_STRIP,MODERATE,1,11,ALL_386_COMPLETE_TREE_LEVEL_INVENTORY,True,False,False,False,False,NO_ANOMALY,NO_CONCORDANT_WATER_ANOMALY,MODERATE,True,False,False,False,False,False,False,False,False,False,True,NO_CONCORDANT_BIOCHEMICAL_DECLINE,True,2.4498983144760134,0.7176944315433502,2.390837860107422,0.0590604543685913,72,1.0,PASS,,False,False,False,NO_LOW_STATURE_EVIDENCE,NONE,NO_CONCORDANT_ANOMALY,NO_CONCORDANT_ANOMALY,NO_LOW_STATURE_EVIDENCE,False,False,False,False,False,False,False,True,3,0,NO_SUPPORTED_MAJOR_DOMAIN_ANOMALY,COMPLETE_3_OF_3,NO_SUPPORTED_ANOMALY,"These are orchard-relative screening patterns and internal cross-domain corroboration. They do not establish causal diagnosis, disease identity, physiological drought, nutrient deficiency, or treatment need without independent field validation."
8,0.716240411616229,0.4202456027454126,1.5394467929592557,0.1676972975407064,1.0519086418134118,-0.0859877855477058,0.0553856888905236,1.100149181601577,2.332612489860741,0.1250241460107892,726.837544506851,2,PIXELWISE_INDEX_THEN_CROWN_STATISTIC_THEN_MULTISTRIP_AGGREGATION,True,0.0,0.0,0.0,0.0,0.0,0.0,0.0,0.0,0.0,0.0,0.0,-0.5136993367958402,0.5351537143576909,SINGLE_STRIP,MODERATE,1,11,ALL_386_COMPLETE_TREE_LEVEL_INVENTORY,True,False,False,False,False,NO_ANOMALY,NO_CONCORDANT_WATER_ANOMALY,MODERATE,True,False,False,False,False,False,False,False,False,False,True,NO_CONCORDANT_BIOCHEMICAL_DECLINE,True,2.429767370223999,0.4736860990524292,2.55460205078125,-0.1248346805572508,61,1.0,PASS,,False,False,False,NO_LOW_STATURE_EVIDENCE,NONE,NO_CONCORDANT_ANOMALY,NO_CONCORDANT_ANOMALY,NO_LOW_STATURE_EVIDENCE,False,False,False,False,False,False,False,True,3,0,NO_SUPPORTED_MAJOR_DOMAIN_ANOMALY,COMPLETE_3_OF_3,NO_SUPPORTED_ANOMALY,"These are orchard-relative screening patterns and internal cross-domain corroboration. They do not establish causal diagnosis, disease identity, physiological drought, nutrient deficiency, or treatment need without independent field validation."
9,0.4556239650858019,0.2527098283840867,0.7128055686365344,0.0901951526546893,1.0398845553933502,-0.0799083990113904,0.1737946618298169,1.4131039056235444,4.242256412249126,0.0630135691054109,725.4329411855001,2,PIXELWISE_INDEX_THEN_CROWN_STATISTIC_THEN_MULTISTRIP_AGGREGATION,True,0.0,0.0,0.0,0.0,0.0,0.0,0.0,0.0,0.0,0.0,0.0,-0.1266289890724279,0.2181696587206494,SINGLE_STRIP,MODERATE,1,11,ALL_386_COMPLETE_TREE_LEVEL_INVENTORY,True,False,False,True,True,ANOMALOUS_CONCORDANT,ISOLATED_DIRECT_WATER_ANOMALY,MODERATE,True,False,False,False,False,False,False,False,False,False,True,NO_CONCORDANT_BIOCHEMICAL_DECLINE,True,0.6998388320207596,0.1220495402812957,0.563995361328125,0.1358434706926345,8,1.0,WARN,surface cells < 20,True,True,False,CORROBORATED_LOW_STRUCTURAL_STATURE,CORROBORATED,SCREENING_ANOMALY,NO_CONCORDANT_ANOMALY,LOW_STATURE_CORROBORATED,False,False,True,True,True,False,True,True,3,1,STRUCTURE_ONLY,COMPLETE_3_OF_3,SINGLE_DOMAIN_PRIORITY,"These are orchard-relative screening patterns and internal cross-domain corroboration. They do not establish causal diagnosis, disease identity, physiological drought, nutrient deficiency, or treatment need without independent field validation."
10,0.6035409908824306,0.325714083015436,1.0347666517994158,0.1514958877023021,1.0133844559051897,-0.0833015749179192,0.1024282699918616,1.196854425684849,4.001884454819987,0.1065600790997702,726.1557367282542,2,PIXELWISE_INDEX_THEN_CROWN_STATISTIC_THEN_MULTISTRIP_AGGREGATION,True,0.0,0.0,0.0,0.0,0.0,0.0,0.0,0.0,0.0,0.0,0.0,-0.420430536023712,0.4603693084390513,SINGLE_STRIP,MODERATE,1,11,ALL_386_COMPLETE_TREE_LEVEL_INVENTORY,True,False,False,False,False,NO_ANOMALY,NO_CONCORDANT_WATER_ANOMALY,MODERATE,True,False,False,False,False,False,False,False,False,False,True,NO_CONCORDANT_BIOCHEMICAL_DECLINE,True,2.13531608581543,1.5290932804346085,2.0675979614257813,0.0677181243896485,39,0.975,PASS,,False,False,True,NO_LOW_STATURE_EVIDENCE,NONE,NO_CONCORDANT_ANOMALY,NO_CONCORDANT_ANOMALY,NO_LOW_STATURE_EVIDENCE,False,False,False,False,False,False,False,True,3,0,NO_SUPPORTED_MAJOR_DOMAIN_ANOMALY,COMPLETE_3_OF_3,NO_SUPPORTED_ANOMALY,"These are orchard-relative screening patterns and internal cross-domain corroboration. They do not establish causal diagnosis, disease identity, physiological drought, nutrient deficiency, or treatment need without independent field validation."
12,0.5531646753390843,0.2961602380217932,0.8744413105369786,0.1408469891727924,0.9597387755018352,-0.0834319143885001,0.1337836860842477,1.2652485591689853,3.5247026491207776,0.1043340643794817,726.3236532339142,2,PIXELWISE_INDEX_THEN_CROWN_STATISTIC_THEN_MULTISTRIP_AGGREGATION,True,0.0,0.0,0.0,0.0,0.0,0.0,0.0,0.0,0.0,0.0,0.0,-0.4079230304948278,0.4529285221408705,SINGLE_STRIP,MODERATE,1,11,ALL_386_COMPLETE_TREE_LEVEL_INVENTORY,True,True,False,False,False,NO_ANOMALY,ISOLATED_DIRECT_WATER_ANOMALY,MODERATE,True,False,False,False,False,False,False,False,False,False,True,NO_CONCORDANT_BIOCHEMICAL_DECLINE,True,1.633739173412323,0.6952180713415146,1.4053993225097656,0.2283398509025573,26,1.0,PASS,,True,True,False,CORROBORATED_LOW_STRUCTURAL_STATURE,CORROBORATED,SCREENING_ANOMALY,NO_CONCORDANT_ANOMALY,LOW_STATURE_CORROBORATED,False,False,True,True,True,False,True,True,3,1,STRUCTURE_ONLY,COMPLETE_3_OF_3,SINGLE_DOMAIN_PRIORITY,"These are orchard-relative screening patterns and internal cross-domain corroboration. They do not establish causal diagnosis, disease identity, physiological drought, nutrient deficiency, or treatment need without independent field validation."
13,0.6589972224763102,0.38000614823393,1.283900243064537,0.1367764821292045,1.0207191353895533,-0.0741518391082217,0.0682924219976594,1.1239337540663448,3.925349075088045,0.1004959076994324,727.1078811659917,2,PIXELWISE_INDEX_THEN_CROWN_STATISTIC_THEN_MULTISTRIP_AGGREGATION,True,0.0,0.0,0.0,0.0,0.0,0.0,0.0,0.0,0.0,0.0,0.0,-0.498391386511888,0.5170340759611904,SINGLE_STRIP,MODERATE,1,11,ALL_386_COMPLETE_TREE_LEVEL_INVENTORY,True,False,False,False,False,NO_ANOMALY,NO_CONCORDANT_WATER_ANOMALY,MODERATE,True,False,False,False,False,False,False,False,False,False,True,NO_CONCORDANT_BIOCHEMICAL_DECLINE,True,2.0472404718399044,1.3969939574599266,1.5178421020507813,0.5293983697891231,40,1.0,PASS,,False,False,True,NO_LOW_STATURE_EVIDENCE,NONE,NO_CONCORDANT_ANOMALY,NO_CONCORDANT_ANOMALY,NO_LOW_STATURE_EVIDENCE,False,False,False,False,False,False,False,True,3,0,NO_SUPPORTED_MAJOR_DOMAIN_ANOMALY,COMPLETE_3_OF_3,NO_SUPPORTED_ANOMALY,"These are orchard-relative screening patterns and internal cross-domain corroboration. They do not establish causal diagnosis, disease identity, physiological drought, nutrient deficiency, or treatment need without independent field validation."
14,0.52341329166922,0.2999827380642431,0.8946024566615394,0.0973357811160043,1.0458963542356403,-0.0780439728615728,0.1425773051610097,1.2608326921769235,4.520705513560444,0.0712248566381018,727.3813609831924,2,PIXELWISE_INDEX_THEN_CROWN_STATISTIC_THEN_MULTISTRIP_AGGREGATION,True,0.0,0.0,0.0,0.0,0.0,0.0,0.0,0.0,0.0,0.0,0.0,-0.3469407291322584,0.3938230778068109,SINGLE_STRIP,MODERATE,1,11,ALL_386_COMPLETE_TREE_LEVEL_INVENTORY,True,False,False,False,False,NO_ANOMALY,NO_CONCORDANT_WATER_ANOMALY,MODERATE,True,False,False,False,False,False,False,False,False,True,True,NO_CONCORDANT_BIOCHEMICAL_DECLINE,True,0.8889502018690109,0.3653083518147468,0.7429962158203125,0.1459539860486983,14,1.0,WARN,surface cells < 20,True,True,False,CORROBORATED_LOW_STRUCTURAL_STATURE,CORROBORATED,NO_CONCORDANT_ANOMALY,NO_CONCORDANT_ANOMALY,LOW_STATURE_CORROBORATED,False,False,True,True,False,False,False,True,3,1,STRUCTURE_ONLY,COMPLETE_3_OF_3,SINGLE_DOMAIN_PRIORITY,"These are orchard-relative screening patterns and internal cross-domain corroboration. They do not establish causal diagnosis, disease identity, physiological drought, nutrient deficiency, or treatment need without independent field validation."
15,0.6214132575267585,0.3350272654319271,1.0615782737387198,0.1573279310589666,1.025766055067886,-0.0824448751685736,0.0995115017818327,1.1859050108698352,3.933220366096828,0.1099825736250784,726.5654862924006,2,PIXELWISE_INDEX_THEN_CROWN_STATISTIC_THEN_MULTISTRIP_AGGREGATION,True,0.0,0.0,0.0,0.0,0.0,0.0,0.0,0.0,0.0,0.0,0.0,-0.4265494158773015,0.4653537622734071,SINGLE_STRIP,MODERATE,1,11,ALL_386_COMPLETE_TREE_LEVEL_INVENTORY,True,False,False,False,False,NO_ANOMALY,NO_CONCORDANT_WATER_ANOMALY,MODERATE,True,False,False,False,False,False,False,False,False,False,True,NO_CONCORDANT_BIOCHEMICAL_DECLINE,True,1.6710191249847413,1.0427553206682203,1.5936012268066406,0.0774178981781006,44,1.0,PASS,,False,False,False,NO_LOW_STATURE_EVIDENCE,NONE,NO_CONCORDANT_ANOMALY,NO_CONCORDANT_ANOMALY,NO_LOW_STATURE_EVIDENCE,False,False,False,False,False,False,False,True,3,0,NO_SUPPORTED_MAJOR_DOMAIN_ANOMALY,COMPLETE_3_OF_3,NO_SUPPORTED_ANOMALY,"These are orchard-relative screening patterns and internal cross-domain corroboration. They do not establish causal diagnosis, disease identity, physiological drought, nutrient deficiency, or treatment need without independent field validation."
20,0.367759659168032,0.1864552766565191,0.4869008873182504,0.0858388465546003,0.9744545700069328,-0.0901084151119818,0.2535947977502094,1.6917817993062405,4.449798109966199,0.0515456085948279,724.9347018110766,3,PIXELWISE_INDEX_THEN_CROWN_STATISTIC_THEN_MULTISTRIP_AGGREGATION,True,0.0056054124174033,0.0009645582590033,4.92825810181341e-05,0.0151180251495085,0.0131748078032696,0.000129117914475,0.0031124634007141,0.0213267298055799,0.4343079400349636,0.0112780007896985,0.4431878906752331,-0.2118555937140154,0.27113739386457,MULTI_STRIP,HIGH,2,"11,12",ALL_386_COMPLETE_TREE_LEVEL_INVENTORY,True,True,True,False,False,NO_ANOMALY,ISOLATED_DIRECT_WATER_ANOMALY,HIGH,True,True,True,True,True,True,True,True,True,False,True,CONCORDANT_BIOCHEMICAL_DECLINE,True,0.4406492233276371,0.0553734377026557,0.319000244140625,0.1216489791870121,20,1.0,PASS,,True,True,False,CORROBORATED_LOW_STRUCTURAL_STATURE,CORROBORATED,SCREENING_ANOMALY,SUPPORTED_ANOMALY,LOW_STATURE_CORROBORATED,False,True,True,True,True,False,True,True,3,2,BIOCHEMICAL_STRUCTURE_ONLY,COMPLETE_3_OF_3,MULTI_DOMAIN_PRIORITY,"These are orchard-relative screening patterns and internal cross-domain corroboration. They do not establish causal diagnosis, disease identity, physiological drought, nutrient deficiency, or treatment need without independent field validation."
21,0.6093627038309555,0.3313871016997301,1.1008696719082054,0.1592836434682386,0.9790432018285502,-0.0856908775869052,0.1190964306945679,1.2523159415303111,3.792585129937726,0.1085787510698263,727.192805819026,2,PIXELWISE_INDEX_THEN_CROWN_STATISTIC_THEN_MULTISTRIP_AGGREGATION,True,0.0,0.0,0.0,0.0,0.0,0.0,0.0,0.0,0.0,0.0,0.0,-0.3765486349790974,0.4164761229178553,SINGLE_STRIP,MODERATE,1,11,ALL_386_COMPLETE_TREE_LEVEL_INVENTORY,True,False,False,False,False,NO_ANOMALY,NO_CONCORDANT_WATER_ANOMALY,MODERATE,True,False,False,False,False,False,False,False,False,False,True,NO_CONCORDANT_BIOCHEMICAL_DECLINE,True,2.289478588104248,1.7932643815875051,2.2443893432617186,0.0450892448425293,62,1.0,PASS,,False,False,True,NO_LOW_STATURE_EVIDENCE,NONE,NO_CONCORDANT_ANOMALY,NO_CONCORDANT_ANOMALY,NO_LOW_STATURE_EVIDENCE,False,False,False,False,False,False,False,True,3,0,NO_SUPPORTED_MAJOR_DOMAIN_ANOMALY,COMPLETE_3_OF_3,NO_SUPPORTED_ANOMALY,"These are orchard-relative screening patterns and internal cross-domain corroboration. They do not establish causal diagnosis, disease identity, physiological drought, nutrient deficiency, or treatment need without independent field validation."
23,0.6267437267233151,0.3613932809714599,1.2097900200896332,0.1281804550135684,1.0149751404079497,-0.0845398010379492,0.116937512740177,1.2078769857519531,4.167586029347822,0.1008956153053821,726.8836232008589,2,PIXELWISE_INDEX_THEN_CROWN_STATISTIC_THEN_MULTISTRIP_AGGREGATION,True,0.0056456116148953,0.0087597405946964,0.062108459848998,0.0002290423039684,0.0620735900727492,0.0048638240132772,0.0024378150857064,0.0150234589348788,0.1272279031688135,0.0005076649547965,0.0453584281154348,-0.432576900348,0.4761848169270593,SINGLE_STRIP,MODERATE,1,11,ALL_386_COMPLETE_TREE_LEVEL_INVENTORY,True,False,False,False,False,NO_ANOMALY,NO_CONCORDANT_WATER_ANOMALY,MODERATE,True,False,False,False,False,False,False,False,False,False,True,NO_CONCORDANT_BIOCHEMICAL_DECLINE,True,2.597278118133545,0.5106403231620789,2.332987976074219,0.264290142059326,47,1.0,PASS,,False,False,False,NO_LOW_STATURE_EVIDENCE,NONE,NO_CONCORDANT_ANOMALY,NO_CONCORDANT_ANOMALY,NO_LOW_STATURE_EVIDENCE,False,False,False,False,False,False,False,True,3,0,NO_SUPPORTED_MAJOR_DOMAIN_ANOMALY,COMPLETE_3_OF_3,NO_SUPPORTED_ANOMALY,"These are orchard-relative screening patterns and internal cross-domain corroboration. They do not establish causal diagnosis, disease identity, physiological drought, nutrient deficiency, or treatment need without independent field validation."
24,0.6216097056150591,0.3588647437011436,1.218190040693518,0.1259221665285958,1.122776731388494,-0.0825240023769214,0.1040006037219593,1.2092685472176696,3.907021110005261,0.0929447616193197,727.5095414811071,2,PIXELWISE_INDEX_THEN_CROWN_STATISTIC_THEN_MULTISTRIP_AGGREGATION,True,0.0,0.0,0.0,0.0,0.0,0.0,0.0,0.0,0.0,0.0,0.0,-0.4169020780841524,0.4504112526071576,SINGLE_STRIP,MODERATE,1,11,ALL_386_COMPLETE_TREE_LEVEL_INVENTORY,True,False,False,False,False,NO_ANOMALY,NO_CONCORDANT_WATER_ANOMALY,MODERATE,True,False,False,False,False,False,False,False,False,False,True,NO_CONCORDANT_BIOCHEMICAL_DECLINE,True,1.7908642709255218,0.6686146408319473,1.7847938537597656,0.0060704171657561,48,1.0,PASS,,False,False,False,NO_LOW_STATURE_EVIDENCE,NONE,NO_CONCORDANT_ANOMALY,NO_CONCORDANT_ANOMALY,NO_LOW_STATURE_EVIDENCE,False,False,False,False,False,False,False,True,3,0,NO_SUPPORTED_MAJOR_DOMAIN_ANOMALY,COMPLETE_3_OF_3,NO_SUPPORTED_ANOMALY,"These are orchard-relative screening patterns and internal cross-domain corroboration. They do not establish causal diagnosis, disease identity, physiological drought, nutrient deficiency, or treatment need without independent field validation."
25,0.3318828889834592,0.1662548014219906,0.4157592985545441,0.0663036914739992,0.9780400587584198,-0.0888211202916421,0.2587695986540194,1.7979205204573423,3.9303993136676314,0.0377325394090304,725.89640012705,3,PIXELWISE_INDEX_THEN_CROWN_STATISTIC_THEN_MULTISTRIP_AGGREGATION,True,0.0231507245806564,0.008195976358255,0.0275954105817604,0.0219989042688654,0.0715629419763718,0.0025779176408833,0.0109997802103845,0.0211860659941156,0.3191832182902847,0.0140118005086377,0.385447645693489,-0.0826944028604961,0.1678514620673478,MULTI_STRIP,HIGH,2,"11,12",ALL_386_COMPLETE_TREE_LEVEL_INVENTORY,True,False,False,True,True,ANOMALOUS_CONCORDANT,ISOLATED_DIRECT_WATER_ANOMALY,HIGH,True,True,True,False,True,False,True,True,True,False,True,SENESCENCE_PIGMENT_ONLY,True,0.3196553438901901,0.057567112147808,0.246002197265625,0.0736531466245651,11,1.0,WARN,surface cells < 20,True,True,False,CORROBORATED_LOW_STRUCTURAL_STATURE,CORROBORATED,SCREENING_ANOMALY,SCREENING_ANOMALY,LOW_STATURE_CORROBORATED,False,False,True,True,True,True,True,True,3,1,STRUCTURE_ONLY,COMPLETE_3_OF_3,SINGLE_DOMAIN_PRIORITY,"These are orchard-relative screening patterns and internal cross-domain corroboration. They do not establish causal diagnosis, disease identity, physiological drought, nutrient deficiency, or treatment need without independent field validation."
26,0.3685389482001686,0.1844578667858724,0.5042881625896432,0.0766150731746685,0.9516912860800886,-0.0943303399758115,0.2688951461447983,1.7199748269462511,4.806525214165315,0.0469509654307861,726.0793459826177,3,PIXELWISE_INDEX_THEN_CROWN_STATISTIC_THEN_MULTISTRIP_AGGREGATION,True,0.0908808876751502,0.0633826755110223,0.2216458706755248,0.027519008338109,0.0251749158408543,0.0126238912946021,0.0669021891069248,0.2114205860205055,0.3284607827797545,0.0250152459712195,1.715556055956597,-0.1772435664797031,0.2483363368882405,MULTI_STRIP,HIGH,2,"11,12",ALL_386_COMPLETE_TREE_LEVEL_INVENTORY,True,True,True,True,True,ANOMALOUS_CONCORDANT,STRONG_INTERNAL_WATER_EVIDENCE,HIGH,True,True,True,False,True,False,True,True,True,True,True,SENESCENCE_PIGMENT_ONLY,True,0.915308117866516,0.4215036332607269,0.740997314453125,0.1743108034133911,21,1.0,PASS,,True,True,False,CORROBORATED_LOW_STRUCTURAL_STATURE,CORROBORATED,SUPPORTED_ANOMALY,SCREENING_ANOMALY,LOW_STATURE_CORROBORATED,True,False,True,True,False,True,True,True,3,2,WATER_STRUCTURE_ONLY,COMPLETE_3_OF_3,MULTI_DOMAIN_PRIORITY,"These are orchard-relative screening patterns and internal cross-domain corroboration. They do not establish causal diagnosis, disease identity, physiological drought, nutrient deficiency, or treatment need without independent field validation."
27,0.4677058332527166,0.2508711873777094,0.6953869833381748,0.0940486659528687,1.008322861614257,-0.0737889583845988,0.1560038452027974,1.3310964775976737,5.06383048411099,0.0602747348309102,726.3886160687123,3,PIXELWISE_INDEX_THEN_CROWN_STATISTIC_THEN_MULTISTRIP_AGGREGATION,True,0.0,0.0,0.0,0.0,0.0,0.0,0.0,0.0,0.0,0.0,0.0,-0.3691307202162288,0.4326764487195418,SINGLE_STRIP,MODERATE,1,12,ALL_386_COMPLETE_TREE_LEVEL_INVENTORY,True,False,False,False,False,NO_ANOMALY,NO_CONCORDANT_WATER_ANOMALY,MODERATE,True,False,False,False,False,False,False,False,False,True,True,NO_CONCORDANT_BIOCHEMICAL_DECLINE,True,0.575633105635643,0.090408518910408,,,8,1.0,WARN,surface cells < 20,True,False,False,LOW_STATURE_LAS_ONLY,SINGLE_MEASUREMENT,NO_CONCORDANT_ANOMALY,NO_CONCORDANT_ANOMALY,LOW_STATURE_LAS_ONLY,False,False,True,False,False,False,False,True,3,0,NO_SUPPORTED_MAJOR_DOMAIN_ANOMALY,COMPLETE_3_OF_3,NO_SUPPORTED_ANOMALY,"These are orchard-relative screening patterns and internal cross-domain corroboration. They do not establish causal diagnosis, disease identity, physiological drought, nutrient deficiency, or treatment need without independent field validation."
28,0.5157946460810909,0.2906387008554218,0.8329221947947014,0.1116570558418115,1.0180361676951606,-0.0863705298613163,0.1561932318908543,1.2779205709619204,3.6731291987902095,0.0856264535778209,727.1886951279824,2,PIXELWISE_INDEX_THEN_CROWN_STATISTIC_THEN_MULTISTRIP_AGGREGATION,True,0.0,0.0,0.0,0.0,0.0,0.0,0.0,0.0,0.0,0.0,0.0,-0.4106281275354622,0.4557166821881609,SINGLE_STRIP,MODERATE,1,11,ALL_386_COMPLETE_TREE_LEVEL_INVENTORY,True,False,False,False,False,NO_ANOMALY,NO_CONCORDANT_WATER_ANOMALY,MODERATE,True,False,False,False,False,False,False,False,False,False,True,NO_CONCORDANT_BIOCHEMICAL_DECLINE,True,1.7104541063308716,0.387079119682312,1.2559967041015625,0.4544574022293091,10,1.0,WARN,surface cells < 20,False,True,False,NO_LOW_STATURE_EVIDENCE,NONE,NO_CONCORDANT_ANOMALY,NO_CONCORDANT_ANOMALY,NO_LOW_STATURE_EVIDENCE,False,False,False,False,False,False,False,True,3,0,NO_SUPPORTED_MAJOR_DOMAIN_ANOMALY,COMPLETE_3_OF_3,NO_SUPPORTED_ANOMALY,"These are orchard-relative screening patterns and internal cross-domain corroboration. They do not establish causal diagnosis, disease identity, physiological drought, nutrient deficiency, or treatment need without independent field validation."
29,0.6710182219206502,0.3859787257096962,1.359515561301501,0.1591790932990515,1.0310427959579438,-0.0847852437406897,0.0880508954218626,1.1877136052908743,3.171646376568911,0.1200727073623635,726.1940803288916,2,PIXELWISE_INDEX_THEN_CROWN_STATISTIC_THEN_MULTISTRIP_AGGREGATION,True,0.0131404883812581,0.0011529247398752,0.0432720472968866,0.0073230861413074,0.025452479330058,0.0065136398541615,0.0108567223290598,0.0520304722772166,0.2640198130888638,0.0038326657840825,0.2200189862757042,-0.4753843596392877,0.4964545217528749,SINGLE_STRIP,MODERATE,1,11,ALL_386_COMPLETE_TREE_LEVEL_INVENTORY,True,False,False,False,False,NO_ANOMALY,NO_CONCORDANT_WATER_ANOMALY,MODERATE,True,False,False,False,False,False,False,False,False,False,True,NO_CONCORDANT_BIOCHEMICAL_DECLINE,True,2.424093246459961,0.7379289865493774,2.297441101074219,0.1266521453857421,81,1.0,PASS,,False,False,False,NO_LOW_STATURE_EVIDENCE,NONE,NO_CONCORDANT_ANOMALY,NO_CONCORDANT_ANOMALY,NO_LOW_STATURE_EVIDENCE,False,False,False,False,False,False,False,True,3,0,NO_SUPPORTED_MAJOR_DOMAIN_ANOMALY,COMPLETE_3_OF_3,NO_SUPPORTED_ANOMALY,"These are orchard-relative screening patterns and internal cross-domain corroboration. They do not establish causal diagnosis, disease identity, physiological drought, nutrient deficiency, or treatment need without independent field validation."
30,0.6486609975676073,0.3762631841044202,1.337730153944607,0.1299648574364892,0.9777523448910906,-0.0714991519296641,0.0823466247657977,1.1564282102120496,3.8028118837242655,0.0959578854495274,728.0421348014161,3,PIXELWISE_INDEX_THEN_CROWN_STATISTIC_THEN_MULTISTRIP_AGGREGATION,True,0.0,0.0,0.0,0.0,0.0,0.0,0.0,0.0,0.0,0.0,0.0,-0.4875874890609108,0.5148165591399778,SINGLE_STRIP,MODERATE,1,11,ALL_386_COMPLETE_TREE_LEVEL_INVENTORY,True,False,False,False,False,NO_ANOMALY,NO_CONCORDANT_WATER_ANOMALY,MODERATE,True,False,False,False,False,False,False,False,False,False,True,NO_CONCORDANT_BIOCHEMICAL_DECLINE,True,1.9826567649841305,1.4268635511398315,1.9860450744628904,-0.0033883094787601,117,1.0,PASS,,False,False,True,NO_LOW_STATURE_EVIDENCE,NONE,NO_CONCORDANT_ANOMALY,NO_CONCORDANT_ANOMALY,NO_LOW_STATURE_EVIDENCE,False,False,False,False,False,False,False,True,3,0,NO_SUPPORTED_MAJOR_DOMAIN_ANOMALY,COMPLETE_3_OF_3,NO_SUPPORTED_ANOMALY,"These are orchard-relative screening patterns and internal cross-domain corroboration. They do not establish causal diagnosis, disease identity, physiological drought, nutrient deficiency, or treatment need without independent field validation."
31,0.4188066361232309,0.2148608632619005,0.6007475486476425,0.103296926968958,0.9611977019064002,-0.0912152923486476,0.2128442647912753,1.5777702738242771,3.668070486637806,0.0671602327209488,726.0658820900405,3,PIXELWISE_INDEX_THEN_CROWN_STATISTIC_THEN_MULTISTRIP_AGGREGATION,True,0.0237348091073177,0.0087377347084366,0.03209654972208,0.0221991566030749,0.045761672042414,0.0040452753665696,0.0096292124689405,0.051797563076132,0.4130892103099506,0.0169067268400077,0.9909012430586586,-0.2169382191304586,0.2793599950423118,MULTI_STRIP,HIGH,2,"11,12",ALL_386_COMPLETE_TREE_LEVEL_INVENTORY,True,True,True,False,False,NO_ANOMALY,ISOLATED_DIRECT_WATER_ANOMALY,HIGH,True,False,False,False,False,False,False,False,False,False,True,NO_CONCORDANT_BIOCHEMICAL_DECLINE,True,1.582556515932083,0.1255782023072242,0.3213966369628906,1.2611598789691922,30,1.0,WARN,Upper-tail structural variability,True,True,False,CORROBORATED_LOW_STRUCTURAL_STATURE,CORROBORATED,SCREENING_ANOMALY,NO_CONCORDANT_ANOMALY,LOW_STATURE_CORROBORATED,False,False,True,True,True,False,True,True,3,1,STRUCTURE_ONLY,COMPLETE_3_OF_3,SINGLE_DOMAIN_PRIORITY,"These are orchard-relative screening patterns and internal cross-domain corroboration. They do not establish causal diagnosis, disease identity, physiological drought, nutrient deficiency, or treatment need without independent field validation."
32,0.6358254108935659,0.3605606747488907,1.1951661819607784,0.1505784705060643,1.022833930083771,-0.0844090231417111,0.1038835076544938,1.1848693827479684,3.353122580035252,0.1154744030144362,726.6303383902825,2,PIXELWISE_INDEX_THEN_CROWN_STATISTIC_THEN_MULTISTRIP_AGGREGATION,True,0.0097222885233352,0.0025314857765189,0.0028929279271502,0.0022204336590996,0.0092356503044217,0.0014231619166656,0.0120535114493859,0.0226881640974035,0.0932938365282662,0.000985251492942,0.6165591263139731,-0.5310644639321884,0.5611962642622088,MULTI_STRIP,HIGH,2,"10,11",ALL_386_COMPLETE_TREE_LEVEL_INVENTORY,True,False,False,False,False,NO_ANOMALY,NO_CONCORDANT_WATER_ANOMALY,HIGH,True,False,False,False,False,False,False,False,False,False,True,NO_CONCORDANT_BIOCHEMICAL_DECLINE,True,1.7212785482406616,0.2634487748146057,1.49798583984375,0.2232927083969116,23,1.0,PASS,,False,False,False,NO_LOW_STATURE_EVIDENCE,NONE,NO_CONCORDANT_ANOMALY,NO_CONCORDANT_ANOMALY,NO_LOW_STATURE_EVIDENCE,False,False,False,False,False,False,False,True,3,0,NO_SUPPORTED_MAJOR_DOMAIN_ANOMALY,COMPLETE_3_OF_3,NO_SUPPORTED_ANOMALY,"These are orchard-relative screening patterns and internal cross-domain corroboration. They do not establish causal diagnosis, disease identity, physiological drought, nutrient deficiency, or treatment need without independent field validation."
34,0.6944653433193446,0.4014700090777593,1.4371678031053134,0.1690017058521539,1.0125120284902949,-0.0821276667073479,0.0715119547604978,1.138275203733469,2.7337495874393056,0.1258929275781893,727.6393176516272,2,PIXELWISE_INDEX_THEN_CROWN_STATISTIC_THEN_MULTISTRIP_AGGREGATION,True,0.0077857702130149,0.0025583524654131,0.0480975251973024,0.0081804344451746,0.0569479563682935,0.0050117625848221,0.0074214579226606,0.0287094323377826,0.1274365037441034,0.0054384618924916,0.0865752899537142,-0.4857538988706175,0.5033465414260446,SINGLE_STRIP,MODERATE,1,11,ALL_386_COMPLETE_TREE_LEVEL_INVENTORY,True,False,False,False,False,NO_ANOMALY,NO_CONCORDANT_WATER_ANOMALY,MODERATE,True,False,False,False,False,False,False,False,False,False,True,NO_CONCORDANT_BIOCHEMICAL_DECLINE,True,2.6391666412353514,0.552702009677887,2.6107406616210938,0.0284259796142576,103,1.0,PASS,,False,False,False,NO_LOW_STATURE_EVIDENCE,NONE,NO_CONCORDANT_ANOMALY,NO_CONCORDANT_ANOMALY,NO_LOW_STATURE_EVIDENCE,False,False,False,False,False,False,False,True,3,0,NO_SUPPORTED_MAJOR_DOMAIN_ANOMALY,COMPLETE_3_OF_3,NO_SUPPORTED_ANOMALY,"These are orchard-relative screening patterns and internal cross-domain corroboration. They do not establish causal diagnosis, disease identity, physiological drought, nutrient deficiency, or treatment need without independent field validation."
36,0.6405905174741044,0.3626300000021139,1.2413165207397112,0.1563397988642718,1.0755019934386958,-0.0882270754895412,0.0933925750880956,1.2202490989040164,3.077961030699362,0.115017803997227,726.4269499758907,2,PIXELWISE_INDEX_THEN_CROWN_STATISTIC_THEN_MULTISTRIP_AGGREGATION,True,0.0,0.0,0.0,0.0,0.0,0.0,0.0,0.0,0.0,0.0,0.0,-0.4441179272733253,0.4543957540610561,SINGLE_STRIP,MODERATE,1,11,ALL_386_COMPLETE_TREE_LEVEL_INVENTORY,True,False,False,False,False,NO_ANOMALY,NO_CONCORDANT_WATER_ANOMALY,MODERATE,True,False,False,False,False,False,False,False,False,False,True,NO_CONCORDANT_BIOCHEMICAL_DECLINE,True,2.668395709991455,0.859932005405426,2.6042442321777344,0.0641514778137204,83,1.0,PASS,,False,False,False,NO_LOW_STATURE_EVIDENCE,NONE,NO_CONCORDANT_ANOMALY,NO_CONCORDANT_ANOMALY,NO_LOW_STATURE_EVIDENCE,False,False,False,False,False,False,False,True,3,0,NO_SUPPORTED_MAJOR_DOMAIN_ANOMALY,COMPLETE_3_OF_3,NO_SUPPORTED_ANOMALY,"These are orchard-relative screening patterns and internal cross-domain corroboration. They do not establish causal diagnosis, disease identity, physiological drought, nutrient deficiency, or treatment need without independent field validation."
37,0.4915521439884169,0.2699412119706357,0.7724276368831008,0.0942866401506993,1.0124247403928113,-0.0753892858721374,0.1545257345687394,1.3009715763911047,4.26244500665912,0.0661189721226933,726.9488576399833,3,PIXELWISE_INDEX_THEN_CROWN_STATISTIC_THEN_MULTISTRIP_AGGREGATION,True,0.0,0.0,0.0,0.0,0.0,0.0,0.0,0.0,0.0,0.0,0.0,-0.3372483926401516,0.3926645133471405,SINGLE_STRIP,MODERATE,1,12,ALL_386_COMPLETE_TREE_LEVEL_INVENTORY,True,False,False,False,False,NO_ANOMALY,NO_CONCORDANT_WATER_ANOMALY,MODERATE,True,False,False,False,False,False,False,False,False,False,True,NO_CONCORDANT_BIOCHEMICAL_DECLINE,True,1.076668846607208,0.4393988996744156,0.4349822998046875,0.6416865468025206,7,1.0,WARN,surface cells < 20,True,True,False,CORROBORATED_LOW_STRUCTURAL_STATURE,CORROBORATED,NO_CONCORDANT_ANOMALY,NO_CONCORDANT_ANOMALY,LOW_STATURE_CORROBORATED,False,False,True,True,False,False,False,True,3,1,STRUCTURE_ONLY,COMPLETE_3_OF_3,SINGLE_DOMAIN_PRIORITY,"These are orchard-relative screening patterns and internal cross-domain corroboration. They do not establish causal diagnosis, disease identity, physiological drought, nutrient deficiency, or treatment need without independent field validation."
39,0.5923190612330477,0.3214048352891149,1.0477858760379986,0.1490390843842941,0.9148762148692896,-0.0863187610834853,0.1159874691423709,1.2527481936979756,3.83825814390908,0.1018455904124647,726.4639645736082,3,PIXELWISE_INDEX_THEN_CROWN_STATISTIC_THEN_MULTISTRIP_AGGREGATION,True,0.0,0.0,0.0,0.0,0.0,0.0,0.0,0.0,0.0,0.0,0.0,-0.3800752419223117,0.4263510391069736,SINGLE_STRIP,MODERATE,1,11,ALL_386_COMPLETE_TREE_LEVEL_INVENTORY,True,True,False,False,False,NO_ANOMALY,ISOLATED_DIRECT_WATER_ANOMALY,MODERATE,True,False,False,False,False,False,False,False,False,False,True,NO_CONCORDANT_BIOCHEMICAL_DECLINE,True,2.042557573318481,1.5466884821653366,1.7255950927734374,0.3169624805450441,44,1.0,PASS,,False,False,True,NO_LOW_STATURE_EVIDENCE,NONE,SCREENING_ANOMALY,NO_CONCORDANT_ANOMALY,NO_LOW_STATURE_EVIDENCE,False,False,False,False,True,False,True,True,3,0,NO_SUPPORTED_MAJOR_DOMAIN_ANOMALY,COMPLETE_3_OF_3,SCREENING_PRIORITY,"These are orchard-relative screening patterns and internal cross-domain corroboration. They do not establish causal diagnosis, disease identity, physiological drought, nutrient deficiency, or treatment need without independent field validation."
40,0.5513748786153363,0.3128838830291633,1.062747895640568,0.1247578960613229,1.0251165062562766,-0.0852038983774005,0.1478415175487508,1.3953447069413425,4.10276122898934,0.0867436148962874,726.9227400543552,4,PIXELWISE_INDEX_THEN_CROWN_STATISTIC_THEN_MULTISTRIP_AGGREGATION,True,0.0179780030278907,0.0065866978723129,0.0194483405183479,0.0132017857728694,0.0264270034670258,0.0024460241933647,0.0069837793297861,0.0319348619351469,0.4420834091431948,0.010859347281232,0.1052296144452865,-0.3884102135569153,0.413905821069368,MULTI_STRIP,HIGH,2,"11,12",ALL_386_COMPLETE_TREE_LEVEL_INVENTORY,True,False,False,False,False,NO_ANOMALY,NO_CONCORDANT_WATER_ANOMALY,HIGH,True,False,False,False,False,False,False,False,False,False,True,NO_CONCORDANT_BIOCHEMICAL_DECLINE,True,2.3810297012329102,1.9147914946079247,2.1497459411621094,0.2312837600708008,79,1.0,PASS,,False,False,True,NO_LOW_STATURE_EVIDENCE,NONE,NO_CONCORDANT_ANOMALY,NO_CONCORDANT_ANOMALY,NO_LOW_STATURE_EVIDENCE,False,False,False,False,False,False,False,True,3,0,NO_SUPPORTED_MAJOR_DOMAIN_ANOMALY,COMPLETE_3_OF_3,NO_SUPPORTED_ANOMALY,"These are orchard-relative screening patterns and internal cross-domain corroboration. They do not establish causal diagnosis, disease identity, physiological drought, nutrient deficiency, or treatment need without independent field validation."
41,0.6696541204481339,0.3607771376473132,1.1704300792006794,0.1788756375974661,1.0501418936581106,-0.0869669398799038,0.0744310900081569,1.130690286707681,2.7830099611141588,0.1298718807772949,725.9385297789061,3,PIXELWISE_INDEX_THEN_CROWN_STATISTIC_THEN_MULTISTRIP_AGGREGATION,True,0.0005008880507865,0.0068554815542576,0.0485521045546545,0.0014788022807833,0.0327974073221919,0.0018554174777955,0.0035749512611334,0.0128412051555129,0.1158283207117263,0.0017590401282409,0.3509251514756784,-0.525566617017158,0.5590385923128873,MULTI_STRIP,HIGH,2,"10,11",ALL_386_COMPLETE_TREE_LEVEL_INVENTORY,True,False,False,False,False,NO_ANOMALY,NO_CONCORDANT_WATER_ANOMALY,HIGH,True,False,False,False,False,False,False,False,False,False,True,NO_CONCORDANT_BIOCHEMICAL_DECLINE,True,2.492915391921997,0.3033539950847626,2.002845764160156,0.4900696277618408,46,1.0,PASS,,False,False,False,NO_LOW_STATURE_EVIDENCE,NONE,NO_CONCORDANT_ANOMALY,NO_CONCORDANT_ANOMALY,NO_LOW_STATURE_EVIDENCE,False,False,False,False,False,False,False,True,3,0,NO_SUPPORTED_MAJOR_DOMAIN_ANOMALY,COMPLETE_3_OF_3,NO_SUPPORTED_ANOMALY,"These are orchard-relative screening patterns and internal cross-domain corroboration. They do not establish causal diagnosis, disease identity, physiological drought, nutrient deficiency, or treatment need without independent field validation."
42,0.4470335505283236,0.2367119997076721,0.6908612247340067,0.0969911728030026,0.9879155902185948,-0.0763847261655053,0.1924043239201443,1.4704345353816697,3.887347821030224,0.0633479668857754,726.0911619096782,4,PIXELWISE_INDEX_THEN_CROWN_STATISTIC_THEN_MULTISTRIP_AGGREGATION,True,0.0360773744864024,0.0188070515937036,0.0754349261940242,0.018733834038336,0.0638482477799797,0.0063193330768864,0.0196985733318829,0.0733022972710465,0.5121487122120525,0.0152566472124082,0.4526507972840932,-0.2596601680917424,0.3297063744962337,MULTI_STRIP,HIGH,2,"11,12",ALL_386_COMPLETE_TREE_LEVEL_INVENTORY,True,False,False,False,False,NO_ANOMALY,NO_CONCORDANT_WATER_ANOMALY,HIGH,True,False,False,False,False,False,False,False,False,False,True,NO_CONCORDANT_BIOCHEMICAL_DECLINE,True,1.5384534120559692,1.173482708632946,0.3453842163085937,1.1930691957473756,38,1.0,PASS,,True,True,False,CORROBORATED_LOW_STRUCTURAL_STATURE,CORROBORATED,NO_CONCORDANT_ANOMALY,NO_CONCORDANT_ANOMALY,LOW_STATURE_CORROBORATED,False,False,True,True,False,False,False,True,3,1,STRUCTURE_ONLY,COMPLETE_3_OF_3,SINGLE_DOMAIN_PRIORITY,"These are orchard-relative screening patterns and internal cross-domain corroboration. They do not establish causal diagnosis, disease identity, physiological drought, nutrient deficiency, or treatment need without independent field validation."
44,0.5334901433069472,0.303955566254559,0.9886720777735444,0.0793079857511802,0.9718513976508284,-0.0795281094983949,0.166060629715332,1.3511188403236274,6.357948816853472,0.0539432206238701,727.527856458452,4,PIXELWISE_INDEX_THEN_CROWN_STATISTIC_THEN_MULTISTRIP_AGGREGATION,True,0.0724969320420738,0.0618650111496185,0.2944207434816469,0.0076353215339903,0.0444888826004848,0.0071992777343664,0.0426559374162012,0.1155586586069107,0.3372693919987172,0.0096740564509915,0.8400302694426803,-0.3928797866774007,0.4295845454753227,MULTI_STRIP,HIGH,2,"11,12",ALL_386_COMPLETE_TREE_LEVEL_INVENTORY,True,True,False,False,False,NO_ANOMALY,ISOLATED_DIRECT_WATER_ANOMALY,HIGH,True,False,False,False,False,False,False,False,False,True,True,NO_CONCORDANT_BIOCHEMICAL_DECLINE,True,1.5588932871818542,1.0497465059161186,1.4665031433105469,0.0923901438713072,84,1.0,PASS,,True,False,False,LOW_STATURE_LAS_ONLY,SINGLE_MEASUREMENT,SCREENING_ANOMALY,NO_CONCORDANT_ANOMALY,LOW_STATURE_LAS_ONLY,False,False,True,False,True,False,True,True,3,0,NO_SUPPORTED_MAJOR_DOMAIN_ANOMALY,COMPLETE_3_OF_3,SCREENING_PRIORITY,"These are orchard-relative screening patterns and internal cross-domain corroboration. They do not establish causal diagnosis, disease identity, physiological drought, nutrient deficiency, or treatment need without independent field validation."
45,0.6014874151594374,0.3155856917294612,0.9910349787385128,0.1709593270887709,1.0470828676686446,-0.091852346399642,0.1087174856120524,1.2393529879948455,3.282145935750396,0.1188575152039809,726.1961422677075,4,PIXELWISE_INDEX_THEN_CROWN_STATISTIC_THEN_MULTISTRIP_AGGREGATION,True,0.0,0.0,0.0,0.0,0.0,0.0,0.0,0.0,0.0,0.0,0.0,-0.5091245706399499,0.5352132572269102,SINGLE_STRIP,MODERATE,1,12,ALL_386_COMPLETE_TREE_LEVEL_INVENTORY,True,False,True,False,False,NO_ANOMALY,NO_CONCORDANT_WATER_ANOMALY,MODERATE,True,False,False,False,False,False,False,False,False,False,True,NO_CONCORDANT_BIOCHEMICAL_DECLINE,True,2.275240278244018,0.4520711898803711,1.779645538330078,0.4955947399139406,57,1.0,PASS,,False,False,False,NO_LOW_STATURE_EVIDENCE,NONE,NO_CONCORDANT_ANOMALY,NO_CONCORDANT_ANOMALY,NO_LOW_STATURE_EVIDENCE,False,False,False,False,False,False,False,True,3,0,NO_SUPPORTED_MAJOR_DOMAIN_ANOMALY,COMPLETE_3_OF_3,NO_SUPPORTED_ANOMALY,"These are orchard-relative screening patterns and internal cross-domain corroboration. They do not establish causal diagnosis, disease identity, physiological drought, nutrient deficiency, or treatment need without independent field validation."
46,0.6678938813339182,0.3536846289632179,1.1452441315529711,0.1886671941300543,1.0383369536500209,-0.0898862938062575,0.0703667622759802,1.1263010359416574,3.092586900420108,0.1283825321637007,725.7621876258635,4,PIXELWISE_INDEX_THEN_CROWN_STATISTIC_THEN_MULTISTRIP_AGGREGATION,True,0.0,0.0,0.0,0.0,0.0,0.0,0.0,0.0,0.0,0.0,0.0,-0.4820217814963664,0.5047418696552737,SINGLE_STRIP,MODERATE,1,11,ALL_386_COMPLETE_TREE_LEVEL_INVENTORY,True,False,True,False,False,NO_ANOMALY,NO_CONCORDANT_WATER_ANOMALY,MODERATE,True,False,False,False,False,False,False,False,False,False,True,NO_CONCORDANT_BIOCHEMICAL_DECLINE,True,2.7771913051605224,1.599464476108551,2.648493194580078,0.1286981105804443,89,1.0,PASS,,False,False,True,NO_LOW_STATURE_EVIDENCE,NONE,NO_CONCORDANT_ANOMALY,NO_CONCORDANT_ANOMALY,NO_LOW_STATURE_EVIDENCE,False,False,False,False,False,False,False,True,3,0,NO_SUPPORTED_MAJOR_DOMAIN_ANOMALY,COMPLETE_3_OF_3,NO_SUPPORTED_ANOMALY,"These are orchard-relative screening patterns and internal cross-domain corroboration. They do not establish causal diagnosis, disease identity, physiological drought, nutrient deficiency, or treatment need without independent field validation."
47,0.50147487232078,0.2678683243151508,0.8042395842766312,0.1202960613476809,1.0034039245715314,-0.0854858383992462,0.1664287359958134,1.3887135475523698,4.594065260865864,0.0778381520036721,726.0683735826613,4,PIXELWISE_INDEX_THEN_CROWN_STATISTIC_THEN_MULTISTRIP_AGGREGATION,True,0.019046914401561,0.0049150190052725,0.0152733447449823,0.0166691950926321,0.027610806902436,0.001136537389304,0.005592019157632,0.0085272433747891,0.5744085289209817,0.0134008898597345,0.517715518947,-0.2909788696465286,0.3466186231395521,MULTI_STRIP,HIGH,2,"11,12",ALL_386_COMPLETE_TREE_LEVEL_INVENTORY,True,False,False,False,False,NO_ANOMALY,NO_CONCORDANT_WATER_ANOMALY,HIGH,True,False,False,False,False,False,False,False,False,True,True,NO_CONCORDANT_BIOCHEMICAL_DECLINE,True,1.993266093730926,1.1334495693445206,1.2398040771484375,0.7534620165824886,54,1.0,PASS,,False,True,False,NO_LOW_STATURE_EVIDENCE,NONE,NO_CONCORDANT_ANOMALY,NO_CONCORDANT_ANOMALY,NO_LOW_STATURE_EVIDENCE,False,False,False,False,False,False,False,True,3,0,NO_SUPPORTED_MAJOR_DOMAIN_ANOMALY,COMPLETE_3_OF_3,NO_SUPPORTED_ANOMALY,"These are orchard-relative screening patterns and internal cross-domain corroboration. They do not establish causal diagnosis, disease identity, physiological drought, nutrient deficiency, or treatment need without independent field validation."
49,0.6493205435861653,0.375807183441238,1.3343141315981706,0.1566825645621516,1.0249038746208778,-0.0903095208284139,0.0979260345266463,1.2139075252359404,2.9604742763490126,0.1188951935632992,726.736812312696,3,PIXELWISE_INDEX_THEN_CROWN_STATISTIC_THEN_MULTISTRIP_AGGREGATION,True,0.0041707372754878,0.0024582600372183,0.0457667711008934,0.0038160286486958,0.0484704238649647,0.0040721770121845,0.005529978991872,0.0416523160840122,0.2067222286771071,0.002220789082423,0.1678665902790044,-0.3947586911145994,0.4149962609104299,MULTI_STRIP,HIGH,2,"10,11",ALL_386_COMPLETE_TREE_LEVEL_INVENTORY,True,False,True,False,False,NO_ANOMALY,NO_CONCORDANT_WATER_ANOMALY,HIGH,True,False,False,False,False,False,False,False,False,False,True,NO_CONCORDANT_BIOCHEMICAL_DECLINE,True,2.8157202243804926,0.8235635757446289,2.3828948974609374,0.4328253269195552,83,1.0,PASS,,False,False,False,NO_LOW_STATURE_EVIDENCE,NONE,NO_CONCORDANT_ANOMALY,NO_CONCORDANT_ANOMALY,NO_LOW_STATURE_EVIDENCE,False,False,False,False,False,False,False,True,3,0,NO_SUPPORTED_MAJOR_DOMAIN_ANOMALY,COMPLETE_3_OF_3,NO_SUPPORTED_ANOMALY,"These are orchard-relative screening patterns and internal cross-domain corroboration. They do not establish causal diagnosis, disease identity, physiological drought, nutrient deficiency, or treatment need without independent field validation."
50,0.6070265394584383,0.3210289446344719,0.9854945151549892,0.1550749439356742,1.015609269786704,-0.0889260368252466,0.1241308390396037,1.213289883212715,4.691575510746912,0.1128946781429518,725.6063832976811,3,PIXELWISE_INDEX_THEN_CROWN_STATISTIC_THEN_MULTISTRIP_AGGREGATION,True,0.0027822333156659,0.00536075626,0.0291609779741474,0.0027603238365423,0.0132266047623936,0.0040190691316688,0.0026613603104069,0.017805197710369,0.5476430564730439,0.0031191350748354,0.6322112352366389,-0.4596629728377524,0.5022774525761022,MULTI_STRIP,HIGH,2,"10,11",ALL_386_COMPLETE_TREE_LEVEL_INVENTORY,True,False,False,False,False,NO_ANOMALY,NO_CONCORDANT_WATER_ANOMALY,HIGH,True,False,False,False,False,False,False,False,False,True,True,NO_CONCORDANT_BIOCHEMICAL_DECLINE,True,2.154463648796081,0.36590376496315,2.1718513488769533,-0.0173877000808717,26,1.0,PASS,,False,False,False,NO_LOW_STATURE_EVIDENCE,NONE,NO_CONCORDANT_ANOMALY,NO_CONCORDANT_ANOMALY,NO_LOW_STATURE_EVIDENCE,False,False,False,False,False,False,False,True,3,0,NO_SUPPORTED_MAJOR_DOMAIN_ANOMALY,COMPLETE_3_OF_3,NO_SUPPORTED_ANOMALY,"These are orchard-relative screening patterns and internal cross-domain corroboration. They do not establish causal diagnosis, disease identity, physiological drought, nutrient deficiency, or treatment need without independent field validation."
51,0.3220849955185756,0.1562976106553765,0.3923124279087389,0.0705535159297906,0.9607867071047508,-0.0893804915153713,0.2740295773479844,1.827631796173991,4.120455188880754,0.0392175094917151,725.2785135082656,4,PIXELWISE_INDEX_THEN_CROWN_STATISTIC_THEN_MULTISTRIP_AGGREGATION,True,0.0363355060476332,0.0153355637822266,0.0501595865195597,0.0143573965167523,0.0459124917175774,0.0046199281897507,0.0207847243101742,0.1377073012177262,0.4976381264511544,0.0123446208532399,0.1862087386631969,-0.0973943127911792,0.1881864461421317,SINGLE_STRIP,MODERATE,1,12,ALL_386_COMPLETE_TREE_LEVEL_INVENTORY,True,True,True,True,True,ANOMALOUS_CONCORDANT,STRONG_INTERNAL_WATER_EVIDENCE,MODERATE,True,True,True,False,True,False,True,True,True,False,True,SENESCENCE_PIGMENT_ONLY,True,1.338594913482666,0.0937839299440383,0.265191650390625,1.073403263092041,26,1.0,PASS,,True,True,False,CORROBORATED_LOW_STRUCTURAL_STATURE,CORROBORATED,SUPPORTED_ANOMALY,SCREENING_ANOMALY,LOW_STATURE_CORROBORATED,True,False,True,True,False,True,True,True,3,2,WATER_STRUCTURE_ONLY,COMPLETE_3_OF_3,MULTI_DOMAIN_PRIORITY,"These are orchard-relative screening patterns and internal cross-domain corroboration. They do not establish causal diagnosis, disease identity, physiological drought, nutrient deficiency, or treatment need without independent field validation."
52,0.3881688614601394,0.18735341584022,0.507244652909228,0.1043108405225789,0.99852948218951,-0.1017897029379661,0.2453731866156084,1.7578645282502705,4.020569835250583,0.0635949548113474,724.4678501697963,4,PIXELWISE_INDEX_THEN_CROWN_STATISTIC_THEN_MULTISTRIP_AGGREGATION,True,0.0,0.0,0.0,0.0,0.0,0.0,0.0,0.0,0.0,0.0,0.0,-0.325438934546931,0.3707562885283542,SINGLE_STRIP,MODERATE,1,12,ALL_386_COMPLETE_TREE_LEVEL_INVENTORY,True,False,True,False,False,NO_ANOMALY,NO_CONCORDANT_WATER_ANOMALY,MODERATE,True,True,True,True,True,True,True,True,True,False,True,CONCORDANT_BIOCHEMICAL_DECLINE,True,1.7913856506347656,1.2746965363621712,1.670989990234375,0.1203956604003906,20,1.0,PASS,,False,False,False,NO_LOW_STATURE_EVIDENCE,NONE,NO_CONCORDANT_ANOMALY,SUPPORTED_ANOMALY,NO_LOW_STATURE_EVIDENCE,False,True,False,False,False,False,False,True,3,1,BIOCHEMICAL_ONLY,COMPLETE_3_OF_3,SINGLE_DOMAIN_PRIORITY,"These are orchard-relative screening patterns and internal cross-domain corroboration. They do not establish causal diagnosis, disease identity, physiological drought, nutrient deficiency, or treatment need without independent field validation."
53,0.609666292487796,0.3352688133022423,1.0942267259925162,0.1659166528802605,1.020463124107509,-0.0910488784077938,0.1060925718526653,1.2247573838766903,2.855463626451648,0.1211360170228602,726.3986283392281,3,PIXELWISE_INDEX_THEN_CROWN_STATISTIC_THEN_MULTISTRIP_AGGREGATION,True,0.0046189768974374,0.0043798390075613,0.0407927919502176,0.0041092235034338,0.0520982190927766,0.0003442637177468,0.0043043544265366,0.0177068175899146,0.0082387355882258,0.0040120613624931,0.0040510108491389,-0.3906568990936915,0.429507971904328,SINGLE_STRIP,MODERATE,1,11,ALL_386_COMPLETE_TREE_LEVEL_INVENTORY,True,False,True,False,False,NO_ANOMALY,NO_CONCORDANT_WATER_ANOMALY,MODERATE,True,False,False,False,False,False,False,False,False,False,True,NO_CONCORDANT_BIOCHEMICAL_DECLINE,True,2.285169208049774,0.7578617632389069,2.0961929321289063,0.1889762759208677,52,1.0,PASS,,False,False,False,NO_LOW_STATURE_EVIDENCE,NONE,NO_CONCORDANT_ANOMALY,NO_CONCORDANT_ANOMALY,NO_LOW_STATURE_EVIDENCE,False,False,False,False,False,False,False,True,3,0,NO_SUPPORTED_MAJOR_DOMAIN_ANOMALY,COMPLETE_3_OF_3,NO_SUPPORTED_ANOMALY,"These are orchard-relative screening patterns and internal cross-domain corroboration. They do not establish causal diagnosis, disease identity, physiological drought, nutrient deficiency, or treatment need without independent field validation."
54,0.3800566511228817,0.1897952190363802,0.5212489988254794,0.0896481379871421,0.9961360685596145,-0.0919321135428255,0.2366107577104941,1.7337593065069172,4.447356912892323,0.0555777249628593,726.4472055944702,4,PIXELWISE_INDEX_THEN_CROWN_STATISTIC_THEN_MULTISTRIP_AGGREGATION,True,0.0188716199515638,0.0109398280081281,0.0326656244857461,0.0110442225111905,0.0106603973151342,0.0023283182411804,0.0065377165463348,0.0462709617806046,0.6215778152931122,0.0104990372899136,1.085203745234821,-0.1792639718866553,0.2273279680234457,MULTI_STRIP,HIGH,2,"11,12",ALL_386_COMPLETE_TREE_LEVEL_INVENTORY,True,False,True,True,True,ANOMALOUS_CONCORDANT,ISOLATED_DIRECT_WATER_ANOMALY,HIGH,True,True,True,False,True,False,False,True,False,False,True,NO_CONCORDANT_BIOCHEMICAL_DECLINE,True,1.6040673851966858,1.0168495327234268,1.603089141845703,0.0009782433509828,36,1.0,PASS,,True,False,False,LOW_STATURE_LAS_ONLY,SINGLE_MEASUREMENT,SCREENING_ANOMALY,NO_CONCORDANT_ANOMALY,LOW_STATURE_LAS_ONLY,False,False,True,False,True,False,True,True,3,0,NO_SUPPORTED_MAJOR_DOMAIN_ANOMALY,COMPLETE_3_OF_3,SCREENING_PRIORITY,"These are orchard-relative screening patterns and internal cross-domain corroboration. They do not establish causal diagnosis, disease identity, physiological drought, nutrient deficiency, or treatment need without independent field validation."
55,0.3344123849235739,0.1670762574785646,0.4258328441609728,0.0671547441053904,0.9875126671812212,-0.1001624293585724,0.2862334575451223,1.7828924712982583,5.034959909763742,0.0361026660597004,724.4829669708902,4,PIXELWISE_INDEX_THEN_CROWN_STATISTIC_THEN_MULTISTRIP_AGGREGATION,True,0.0,0.0,0.0,0.0,0.0,0.0,0.0,0.0,0.0,0.0,0.0,-0.1309116933361165,0.2315691692181169,SINGLE_STRIP,MODERATE,1,12,ALL_386_COMPLETE_TREE_LEVEL_INVENTORY,True,False,True,True,True,ANOMALOUS_CONCORDANT,ISOLATED_DIRECT_WATER_ANOMALY,MODERATE,True,True,True,True,True,True,True,True,True,True,True,STRONG_CONCORDANT_BIOCHEMICAL_DECLINE,True,1.279061245918274,0.5353887230157852,,,7,1.0,WARN,surface cells < 20,True,False,False,LOW_STATURE_LAS_ONLY,SINGLE_MEASUREMENT,SCREENING_ANOMALY,SUPPORTED_ANOMALY,LOW_STATURE_LAS_ONLY,False,True,True,False,True,False,True,True,3,1,BIOCHEMICAL_ONLY,COMPLETE_3_OF_3,SINGLE_DOMAIN_PRIORITY,"These are orchard-relative screening patterns and internal cross-domain corroboration. They do not establish causal diagnosis, disease identity, physiological drought, nutrient deficiency, or treatment need without independent field validation."
56,0.6647604989335612,0.361056600660356,1.1914861675726405,0.1893459854068563,1.02655726273672,-0.0935309185279317,0.0804656749247219,1.1548383343847588,2.6716488547437303,0.1363335739613409,725.4540151511391,3,PIXELWISE_INDEX_THEN_CROWN_STATISTIC_THEN_MULTISTRIP_AGGREGATION,True,0.001258339374786,0.003023797287511,0.0319420035481607,0.0008019160174596,0.0409563423250093,0.0046910647423912,0.003986563622509,0.020743853475127,0.186370086708401,0.0001603822924917,0.2218704446166839,-0.5235834416510395,0.5467628862782516,MULTI_STRIP,HIGH,2,"10,11",ALL_386_COMPLETE_TREE_LEVEL_INVENTORY,True,False,True,False,False,NO_ANOMALY,NO_CONCORDANT_WATER_ANOMALY,HIGH,True,False,False,False,False,False,False,False,False,False,True,NO_CONCORDANT_BIOCHEMICAL_DECLINE,True,2.6492051362991327,0.5752505660057068,2.5936500549316404,0.0555550813674923,59,1.0,PASS,,False,False,False,NO_LOW_STATURE_EVIDENCE,NONE,NO_CONCORDANT_ANOMALY,NO_CONCORDANT_ANOMALY,NO_LOW_STATURE_EVIDENCE,False,False,False,False,False,False,False,True,3,0,NO_SUPPORTED_MAJOR_DOMAIN_ANOMALY,COMPLETE_3_OF_3,NO_SUPPORTED_ANOMALY,"These are orchard-relative screening patterns and internal cross-domain corroboration. They do not establish causal diagnosis, disease identity, physiological drought, nutrient deficiency, or treatment need without independent field validation."
57,0.5843179807087729,0.3261491830256512,1.0710636634150696,0.1232145015097791,1.0564984132307245,-0.0899551677037318,0.1228572735545848,1.3038309191733433,4.013894651022703,0.0835266154691204,726.8589902270439,3,PIXELWISE_INDEX_THEN_CROWN_STATISTIC_THEN_MULTISTRIP_AGGREGATION,True,0.0,0.0,0.0,0.0,0.0,0.0,0.0,0.0,0.0,0.0,0.0,-0.3514308405031138,0.3834290973239325,SINGLE_STRIP,MODERATE,1,11,ALL_386_COMPLETE_TREE_LEVEL_INVENTORY,True,False,True,False,False,NO_ANOMALY,NO_CONCORDANT_WATER_ANOMALY,MODERATE,True,False,False,False,False,False,False,False,False,False,True,NO_CONCORDANT_BIOCHEMICAL_DECLINE,True,1.615962678194046,0.3944040536880493,1.4162910461425782,0.1996716320514677,34,1.0,PASS,,True,False,False,LOW_STATURE_LAS_ONLY,SINGLE_MEASUREMENT,NO_CONCORDANT_ANOMALY,NO_CONCORDANT_ANOMALY,LOW_STATURE_LAS_ONLY,False,False,True,False,False,False,False,True,3,0,NO_SUPPORTED_MAJOR_DOMAIN_ANOMALY,COMPLETE_3_OF_3,NO_SUPPORTED_ANOMALY,"These are orchard-relative screening patterns and internal cross-domain corroboration. They do not establish causal diagnosis, disease identity, physiological drought, nutrient deficiency, or treatment need without independent field validation."
58,0.3483621771174943,0.1679066150099765,0.4175620805800881,0.0925338989581345,0.9568113749172692,-0.082185576282057,0.2562123355639584,1.6624947642093582,4.518269977233082,0.0509807999527545,724.0588404003458,4,PIXELWISE_INDEX_THEN_CROWN_STATISTIC_THEN_MULTISTRIP_AGGREGATION,True,0.0295854895983094,0.0123451069447336,0.0419486625233508,0.0260261889739381,0.0514680133645985,0.0035973723964813,0.0184403319106984,0.0664149296212182,0.6005146509688861,0.0183153567925824,0.2142198672603967,-0.0938102570803531,0.1986755746544168,SINGLE_STRIP,MODERATE,1,12,ALL_386_COMPLETE_TREE_LEVEL_INVENTORY,True,True,False,True,True,ANOMALOUS_CONCORDANT,SUPPORTED_WATER_STATUS_ANOMALY,MODERATE,True,True,True,True,True,True,True,True,True,True,True,STRONG_CONCORDANT_BIOCHEMICAL_DECLINE,True,1.1913656413555116,0.0813819766044616,0.352996826171875,0.8383688151836366,25,1.0,PASS,,True,True,False,CORROBORATED_LOW_STRUCTURAL_STATURE,CORROBORATED,SUPPORTED_ANOMALY,SUPPORTED_ANOMALY,LOW_STATURE_CORROBORATED,True,True,True,True,False,False,False,True,3,3,WATER_BIOCHEMICAL_STRUCTURE,COMPLETE_3_OF_3,HIGH_MULTI_DOMAIN_PRIORITY,"These are orchard-relative screening patterns and internal cross-domain corroboration. They do not establish causal diagnosis, disease identity, physiological drought, nutrient deficiency, or treatment need without independent field validation."
59,0.7124518940571221,0.4180342758634173,1.527001733240578,0.173270233115213,1.0366112415320106,-0.0867114418601339,0.0633290456826736,1.1214490676556208,2.2731041415068,0.1324399924131864,727.6691490913174,3,PIXELWISE_INDEX_THEN_CROWN_STATISTIC_THEN_MULTISTRIP_AGGREGATION,True,0.0208596810160819,0.0110832107600707,0.0530902872488349,0.0086772110889513,0.0001973198498241,0.0002100763387326,0.0116962493596855,0.030972346317702,0.1550594400783191,0.0053774366651589,0.4887959179653762,-0.5676292260039592,0.589941280529617,MULTI_STRIP,HIGH,2,"10,11",ALL_386_COMPLETE_TREE_LEVEL_INVENTORY,True,False,False,False,False,NO_ANOMALY,NO_CONCORDANT_WATER_ANOMALY,HIGH,True,False,False,False,False,False,False,False,False,False,True,NO_CONCORDANT_BIOCHEMICAL_DECLINE,True,2.707456016540528,0.369937539100647,2.6110939025878905,0.0963621139526367,57,1.0,PASS,,False,False,False,NO_LOW_STATURE_EVIDENCE,NONE,NO_CONCORDANT_ANOMALY,NO_CONCORDANT_ANOMALY,NO_LOW_STATURE_EVIDENCE,False,False,False,False,False,False,False,True,3,0,NO_SUPPORTED_MAJOR_DOMAIN_ANOMALY,COMPLETE_3_OF_3,NO_SUPPORTED_ANOMALY,"These are orchard-relative screening patterns and internal cross-domain corroboration. They do not establish causal diagnosis, disease identity, physiological drought, nutrient deficiency, or treatment need without independent field validation."
60,0.3857632259981166,0.1881542040590387,0.4888266655821148,0.095199199162892,0.963101973843544,-0.0841869402274481,0.2267058214109001,1.5687080389163843,4.155793061790417,0.0586787551024364,725.109121625606,4,PIXELWISE_INDEX_THEN_CROWN_STATISTIC_THEN_MULTISTRIP_AGGREGATION,True,0.033693580332562,0.014813698074444,0.0503247141326459,0.0231279103094717,0.0321182472215771,0.0036972120837174,0.0165660782429948,0.053794252722497,0.6062582625482404,0.0184813622813771,0.0467057395908341,-0.1582775049496266,0.2402249628504666,MULTI_STRIP,HIGH,2,"11,12",ALL_386_COMPLETE_TREE_LEVEL_INVENTORY,True,True,False,True,True,ANOMALOUS_CONCORDANT,SUPPORTED_WATER_STATUS_ANOMALY,HIGH,True,True,True,True,True,True,False,False,False,False,True,CHLOROPHYLL_RED_EDGE_ONLY,True,1.924327433109284,1.2092627324163914,1.8292007446289065,0.0951266884803772,26,1.0,PASS,,False,False,False,NO_LOW_STATURE_EVIDENCE,NONE,SUPPORTED_ANOMALY,SCREENING_ANOMALY,NO_LOW_STATURE_EVIDENCE,True,False,False,False,False,True,True,True,3,1,WATER_ONLY,COMPLETE_3_OF_3,SINGLE_DOMAIN_PRIORITY,"These are orchard-relative screening patterns and internal cross-domain corroboration. They do not establish causal diagnosis, disease identity, physiological drought, nutrient deficiency, or treatment need without independent field validation."
61,0.4553925400911142,0.2597914671958346,0.810159573357291,0.0802426812698921,1.0343660738165057,-0.0796930442688613,0.1811958299097635,1.471555581405297,4.855859135691273,0.0517743048335172,727.4218372097782,4,PIXELWISE_INDEX_THEN_CROWN_STATISTIC_THEN_MULTISTRIP_AGGREGATION,True,0.0165563155534068,0.0099512505254621,0.0382708156204683,0.0058594425350812,0.0054970143043804,0.0048604617222932,0.0085304570581606,0.0309536227775016,0.4743373718714568,0.0075808608577331,0.31032015865221,-0.2364491648656991,0.2827675685513894,MULTI_STRIP,HIGH,2,"11,12",ALL_386_COMPLETE_TREE_LEVEL_INVENTORY,True,False,False,False,False,NO_ANOMALY,NO_CONCORDANT_WATER_ANOMALY,HIGH,True,False,False,False,False,False,False,False,False,True,True,NO_CONCORDANT_BIOCHEMICAL_DECLINE,True,1.9220982789993288,1.0242134928703308,1.0989494323730469,0.8231488466262817,26,1.0,PASS,,False,True,False,NO_LOW_STATURE_EVIDENCE,NONE,NO_CONCORDANT_ANOMALY,NO_CONCORDANT_ANOMALY,NO_LOW_STATURE_EVIDENCE,False,False,False,False,False,False,False,True,3,0,NO_SUPPORTED_MAJOR_DOMAIN_ANOMALY,COMPLETE_3_OF_3,NO_SUPPORTED_ANOMALY,"These are orchard-relative screening patterns and internal cross-domain corroboration. They do not establish causal diagnosis, disease identity, physiological drought, nutrient deficiency, or treatment need without independent field validation."
64,0.4600208884764328,0.2410728597169768,0.7591089411304751,0.1086391822819434,0.9909611069127418,-0.0884016542304156,0.205877833974083,1.6853353553073274,4.606048630569073,0.0775682873708822,726.0604154985238,4,PIXELWISE_INDEX_THEN_CROWN_STATISTIC_THEN_MULTISTRIP_AGGREGATION,True,0.0942002906412667,0.0406908000147646,0.144098464860708,0.0817254170314651,0.0060960239071278,0.0043406163777748,0.0470278930766407,0.2186351262764441,1.487199536098255,0.0469922928284567,0.5621676826321504,-0.2320698323645077,0.2783938888902402,SINGLE_STRIP,MODERATE,1,12,ALL_386_COMPLETE_TREE_LEVEL_INVENTORY,True,False,False,False,False,NO_ANOMALY,NO_CONCORDANT_WATER_ANOMALY,MODERATE,True,False,False,False,False,False,False,True,False,True,True,NO_CONCORDANT_BIOCHEMICAL_DECLINE,True,1.6167598962783811,1.2047896683216095,1.400003051757812,0.2167568445205689,49,1.0,PASS,,True,True,False,CORROBORATED_LOW_STRUCTURAL_STATURE,CORROBORATED,NO_CONCORDANT_ANOMALY,NO_CONCORDANT_ANOMALY,LOW_STATURE_CORROBORATED,False,False,True,True,False,False,False,True,3,1,STRUCTURE_ONLY,COMPLETE_3_OF_3,SINGLE_DOMAIN_PRIORITY,"These are orchard-relative screening patterns and internal cross-domain corroboration. They do not establish causal diagnosis, disease identity, physiological drought, nutrient deficiency, or treatment need without independent field validation."
65,0.6847323850502848,0.3964604015520547,1.3554778384424613,0.1433297118133246,1.044571753615981,-0.0855596854188808,0.0790426801210249,1.119281916554655,3.7077919114965674,0.109572012072382,727.563789718924,3,PIXELWISE_INDEX_THEN_CROWN_STATISTIC_THEN_MULTISTRIP_AGGREGATION,True,0.0120859517637695,0.0041400644463938,0.0217499076445151,0.005135435815463,0.0179051455929669,7.772136766968918e-05,0.0042216067892678,0.0101787756896247,0.0084993638958872,0.0031177867276964,0.1328833547051999,-0.5262060362224054,0.5641439331217756,MULTI_STRIP,HIGH,2,"10,11",ALL_386_COMPLETE_TREE_LEVEL_INVENTORY,True,False,False,False,False,NO_ANOMALY,NO_CONCORDANT_WATER_ANOMALY,HIGH,True,False,False,False,False,False,False,False,False,False,True,NO_CONCORDANT_BIOCHEMICAL_DECLINE,True,2.3078547716140747,0.2206222712993621,2.049993896484375,0.2578608751296998,36,1.0,PASS,,False,False,False,NO_LOW_STATURE_EVIDENCE,NONE,NO_CONCORDANT_ANOMALY,NO_CONCORDANT_ANOMALY,NO_LOW_STATURE_EVIDENCE,False,False,False,False,False,False,False,True,3,0,NO_SUPPORTED_MAJOR_DOMAIN_ANOMALY,COMPLETE_3_OF_3,NO_SUPPORTED_ANOMALY,"These are orchard-relative screening patterns and internal cross-domain corroboration. They do not establish causal diagnosis, disease identity, physiological drought, nutrient deficiency, or treatment need without independent field validation."
66,0.6806207185175509,0.3908842290010822,1.3501437665181837,0.1557634742740277,0.9803082460546666,-0.0769531724430885,0.0701984105216035,1.12926813238354,2.957431263446539,0.1173796763471345,727.8096381583555,3,PIXELWISE_INDEX_THEN_CROWN_STATISTIC_THEN_MULTISTRIP_AGGREGATION,True,0.0718324604488614,0.0361611833383432,0.1604716176935411,0.0357998106069783,0.0381213009283329,0.0026993994006807,0.0285198075423,0.0637012071718201,0.4263400322263659,0.027225361828086,0.0563021961262961,-0.3870245735770071,0.4339816678509786,SINGLE_STRIP,MODERATE,1,11,ALL_386_COMPLETE_TREE_LEVEL_INVENTORY,True,False,False,False,False,NO_ANOMALY,NO_CONCORDANT_WATER_ANOMALY,MODERATE,True,False,False,False,False,False,False,False,False,False,True,NO_CONCORDANT_BIOCHEMICAL_DECLINE,True,1.5807940363883972,0.9333601593971252,1.5974822998046874,-0.0166882634162901,51,1.0,PASS,,True,False,False,LOW_STATURE_LAS_ONLY,SINGLE_MEASUREMENT,NO_CONCORDANT_ANOMALY,NO_CONCORDANT_ANOMALY,LOW_STATURE_LAS_ONLY,False,False,True,False,False,False,False,True,3,0,NO_SUPPORTED_MAJOR_DOMAIN_ANOMALY,COMPLETE_3_OF_3,NO_SUPPORTED_ANOMALY,"These are orchard-relative screening patterns and internal cross-domain corroboration. They do not establish causal diagnosis, disease identity, physiological drought, nutrient deficiency, or treatment need without independent field validation."
67,0.3349379796638685,0.1596949417570975,0.3920301560153643,0.073319151188883,0.9663710067115708,-0.0883664645724201,0.2674439109451038,1.7108635049450642,4.607878300029311,0.0385691289682575,724.4996347406279,4,PIXELWISE_INDEX_THEN_CROWN_STATISTIC_THEN_MULTISTRIP_AGGREGATION,True,0.0182467935349132,0.0089666498927782,0.0284295158363275,0.0044612182702343,0.0044142443189842,0.0026449567544006,0.0094228343336812,0.0396234537586511,0.4483026526401885,0.0054249527804945,0.0853887439082541,-0.081348038250583,0.1765183279062794,MULTI_STRIP,HIGH,2,"11,12",ALL_386_COMPLETE_TREE_LEVEL_INVENTORY,True,True,False,True,True,ANOMALOUS_CONCORDANT,SUPPORTED_WATER_STATUS_ANOMALY,HIGH,True,True,True,True,True,True,True,True,True,True,True,STRONG_CONCORDANT_BIOCHEMICAL_DECLINE,True,1.2777951955795288,0.0867054760456085,0.9069976806640624,0.3707975149154663,13,1.0,WARN,surface cells < 20,True,True,False,CORROBORATED_LOW_STRUCTURAL_STATURE,CORROBORATED,SUPPORTED_ANOMALY,SUPPORTED_ANOMALY,LOW_STATURE_CORROBORATED,True,True,True,True,False,False,False,True,3,3,WATER_BIOCHEMICAL_STRUCTURE,COMPLETE_3_OF_3,HIGH_MULTI_DOMAIN_PRIORITY,"These are orchard-relative screening patterns and internal cross-domain corroboration. They do not establish causal diagnosis, disease identity, physiological drought, nutrient deficiency, or treatment need without independent field validation."
68,0.6152664035068213,0.3342306415963826,1.0778867757802817,0.1604035788237626,1.0410735203289718,-0.091545205473117,0.1072762416834224,1.2125866461500596,3.408163117953932,0.1162070060973579,725.6996498186315,3,PIXELWISE_INDEX_THEN_CROWN_STATISTIC_THEN_MULTISTRIP_AGGREGATION,True,0.0096545787602832,0.0043139687864487,0.0057419972720647,0.0034741296136013,0.016494445240892,0.0045797051636355,0.010718952188376,0.0398298059724614,0.0774747325866893,0.0020156964613573,0.1228385378983685,-0.4543589457921407,0.4882652209265556,MULTI_STRIP,HIGH,2,"10,11",ALL_386_COMPLETE_TREE_LEVEL_INVENTORY,True,False,True,False,False,NO_ANOMALY,NO_CONCORDANT_WATER_ANOMALY,HIGH,True,False,False,False,False,False,False,False,False,False,True,NO_CONCORDANT_BIOCHEMICAL_DECLINE,True,2.328684520721436,0.8142575025558472,2.1384918212890627,0.1901926994323726,49,1.0,PASS,,False,False,False,NO_LOW_STATURE_EVIDENCE,NONE,NO_CONCORDANT_ANOMALY,NO_CONCORDANT_ANOMALY,NO_LOW_STATURE_EVIDENCE,False,False,False,False,False,False,False,True,3,0,NO_SUPPORTED_MAJOR_DOMAIN_ANOMALY,COMPLETE_3_OF_3,NO_SUPPORTED_ANOMALY,"These are orchard-relative screening patterns and internal cross-domain corroboration. They do not establish causal diagnosis, disease identity, physiological drought, nutrient deficiency, or treatment need without independent field validation."
70,0.2273609069699667,0.1030394212324018,0.2391145998127055,0.0466579436384336,0.9579723351406602,-0.1064734806998123,0.3589512284465556,2.520173148209194,5.293432449484771,0.0172620917103727,723.8406135760613,4,PIXELWISE_INDEX_THEN_CROWN_STATISTIC_THEN_MULTISTRIP_AGGREGATION,True,0.0,0.0,0.0,0.0,0.0,0.0,0.0,0.0,0.0,0.0,0.0,-0.0260018828945513,0.1165105524012534,SINGLE_STRIP,MODERATE,1,12,ALL_386_COMPLETE_TREE_LEVEL_INVENTORY,True,True,True,True,True,ANOMALOUS_CONCORDANT,STRONG_INTERNAL_WATER_EVIDENCE,MODERATE,True,True,True,True,True,True,True,True,True,True,True,STRONG_CONCORDANT_BIOCHEMICAL_DECLINE,True,0.6194601207971573,0.067710243165493,0.31298828125,0.3064718395471573,16,1.0,WARN,surface cells < 20,True,True,False,CORROBORATED_LOW_STRUCTURAL_STATURE,CORROBORATED,SUPPORTED_ANOMALY,SUPPORTED_ANOMALY,LOW_STATURE_CORROBORATED,True,True,True,True,False,False,False,True,3,3,WATER_BIOCHEMICAL_STRUCTURE,COMPLETE_3_OF_3,HIGH_MULTI_DOMAIN_PRIORITY,"These are orchard-relative screening patterns and internal cross-domain corroboration. They do not establish causal diagnosis, disease identity, physiological drought, nutrient deficiency, or treatment need without independent field validation."
71,0.631991196632169,0.3424460710911799,1.1395515779643353,0.1864054337512649,1.04960427559593,-0.1020554242885713,0.1027735876486404,1.2385249122665276,2.7289322847574367,0.1313815732444202,725.1771830294197,3,PIXELWISE_INDEX_THEN_CROWN_STATISTIC_THEN_MULTISTRIP_AGGREGATION,True,0.0094741889055013,0.0015884886372628,0.0183472363958034,0.0017734709095325,0.0402559541293346,0.0030618441072218,0.0097327631829306,0.0486595353177023,0.0967338532218828,0.0023278384004359,0.1050854994117003,-0.4747071215905304,0.4928976097705944,MULTI_STRIP,HIGH,2,"10,11",ALL_386_COMPLETE_TREE_LEVEL_INVENTORY,True,False,True,False,False,NO_ANOMALY,NO_CONCORDANT_WATER_ANOMALY,HIGH,True,False,False,True,False,False,False,False,False,False,True,NO_CONCORDANT_BIOCHEMICAL_DECLINE,True,2.492097020149231,0.9681098759174348,2.100102996826172,0.391994023323059,60,1.0,PASS,,False,False,False,NO_LOW_STATURE_EVIDENCE,NONE,NO_CONCORDANT_ANOMALY,NO_CONCORDANT_ANOMALY,NO_LOW_STATURE_EVIDENCE,False,False,False,False,False,False,False,True,3,0,NO_SUPPORTED_MAJOR_DOMAIN_ANOMALY,COMPLETE_3_OF_3,NO_SUPPORTED_ANOMALY,"These are orchard-relative screening patterns and internal cross-domain corroboration. They do not establish causal diagnosis, disease identity, physiological drought, nutrient deficiency, or treatment need without independent field validation."
73,0.6682687754505868,0.3887249843701142,1.3811762447168996,0.1271976162379379,1.0258978378995438,-0.0771780024943305,0.0832418081072197,1.1405000129243368,4.940780217165338,0.0900741957837318,727.1966831134691,4,PIXELWISE_INDEX_THEN_CROWN_STATISTIC_THEN_MULTISTRIP_AGGREGATION,True,0.0,0.0,0.0,0.0,0.0,0.0,0.0,0.0,0.0,0.0,0.0,-0.5074265320308936,0.537323286113685,SINGLE_STRIP,MODERATE,1,11,ALL_386_COMPLETE_TREE_LEVEL_INVENTORY,True,False,False,False,False,NO_ANOMALY,NO_CONCORDANT_WATER_ANOMALY,MODERATE,True,False,False,False,False,False,False,False,False,True,True,NO_CONCORDANT_BIOCHEMICAL_DECLINE,True,2.231078803539276,0.3895110785961151,2.124600982666016,0.1064778208732608,70,1.0,PASS,,False,False,False,NO_LOW_STATURE_EVIDENCE,NONE,NO_CONCORDANT_ANOMALY,NO_CONCORDANT_ANOMALY,NO_LOW_STATURE_EVIDENCE,False,False,False,False,False,False,False,True,3,0,NO_SUPPORTED_MAJOR_DOMAIN_ANOMALY,COMPLETE_3_OF_3,NO_SUPPORTED_ANOMALY,"These are orchard-relative screening patterns and internal cross-domain corroboration. They do not establish causal diagnosis, disease identity, physiological drought, nutrient deficiency, or treatment need without independent field validation."
74,0.6985878644987183,0.4082686593688427,1.4614199527235905,0.155953107814624,1.0384740330576083,-0.0817910695124454,0.0654352334414669,1.1249933918265582,2.7950903089062296,0.1184315834728932,727.0051512611863,3,PIXELWISE_INDEX_THEN_CROWN_STATISTIC_THEN_MULTISTRIP_AGGREGATION,True,0.016851384958368,0.0098589958458734,0.0376502541378704,0.0071234902463731,0.015190915490204,0.0007194913109567,0.0097636540457921,0.0306864750012777,0.1163990570344644,0.0054976766586296,0.045765247012298,-0.5197773542002452,0.5481720234652787,MULTI_STRIP,HIGH,2,"10,11",ALL_386_COMPLETE_TREE_LEVEL_INVENTORY,True,False,False,False,False,NO_ANOMALY,NO_CONCORDANT_WATER_ANOMALY,HIGH,True,False,False,False,False,False,False,False,False,False,True,NO_CONCORDANT_BIOCHEMICAL_DECLINE,True,3.086842000484467,0.650247186422348,2.587493896484375,0.499348104000092,82,1.0,PASS,,False,False,False,NO_LOW_STATURE_EVIDENCE,NONE,NO_CONCORDANT_ANOMALY,NO_CONCORDANT_ANOMALY,NO_LOW_STATURE_EVIDENCE,False,False,False,False,False,False,False,True,3,0,NO_SUPPORTED_MAJOR_DOMAIN_ANOMALY,COMPLETE_3_OF_3,NO_SUPPORTED_ANOMALY,"These are orchard-relative screening patterns and internal cross-domain corroboration. They do not establish causal diagnosis, disease identity, physiological drought, nutrient deficiency, or treatment need without independent field validation."
75,0.3645414134551358,0.1849275757148774,0.4975491283462277,0.0743113310124274,0.9917020511197944,-0.0871879169758766,0.2427335311812536,1.808025611000226,4.238492039609972,0.0441911232779947,725.9310271571176,4,PIXELWISE_INDEX_THEN_CROWN_STATISTIC_THEN_MULTISTRIP_AGGREGATION,True,0.0402315159551594,0.0255169341972567,0.0868527701730741,0.0124475656064224,0.0385093150946095,0.0006712214246541,0.0209023826024691,0.0878802874267331,0.5359454209127055,0.0123675410762442,0.2513024538388483,-0.1612611587355485,0.2260707102449294,MULTI_STRIP,HIGH,2,"11,12",ALL_386_COMPLETE_TREE_LEVEL_INVENTORY,True,False,False,True,True,ANOMALOUS_CONCORDANT,ISOLATED_DIRECT_WATER_ANOMALY,HIGH,True,True,True,False,True,False,True,True,True,False,True,SENESCENCE_PIGMENT_ONLY,True,1.5141983985900878,0.14803346991539,1.4388839721679687,0.075314426422119,29,1.0,PASS,,True,False,False,LOW_STATURE_LAS_ONLY,SINGLE_MEASUREMENT,SCREENING_ANOMALY,SCREENING_ANOMALY,LOW_STATURE_LAS_ONLY,False,False,True,False,True,True,True,True,3,0,NO_SUPPORTED_MAJOR_DOMAIN_ANOMALY,COMPLETE_3_OF_3,SCREENING_PRIORITY,"These are orchard-relative screening patterns and internal cross-domain corroboration. They do not establish causal diagnosis, disease identity, physiological drought, nutrient deficiency, or treatment need without independent field validation."
76,0.5142918677040459,0.2683808836718724,0.8008993280461757,0.1438211645294489,1.0903728367467986,-0.0906789939589533,0.1517516160139465,1.369970727235751,3.355196031412684,0.0972676360403921,725.2076239844811,4,PIXELWISE_INDEX_THEN_CROWN_STATISTIC_THEN_MULTISTRIP_AGGREGATION,True,0.0,0.0,0.0,0.0,0.0,0.0,0.0,0.0,0.0,0.0,0.0,-0.3633549722838347,0.4111897306037321,SINGLE_STRIP,MODERATE,1,12,ALL_386_COMPLETE_TREE_LEVEL_INVENTORY,True,False,True,False,False,NO_ANOMALY,NO_CONCORDANT_WATER_ANOMALY,MODERATE,True,False,False,True,False,False,False,False,False,False,True,NO_CONCORDANT_BIOCHEMICAL_DECLINE,True,2.0311786770820617,0.8773891627788544,1.88299560546875,0.1481830716133116,30,1.0,PASS,,False,False,False,NO_LOW_STATURE_EVIDENCE,NONE,NO_CONCORDANT_ANOMALY,NO_CONCORDANT_ANOMALY,NO_LOW_STATURE_EVIDENCE,False,False,False,False,False,False,False,True,3,0,NO_SUPPORTED_MAJOR_DOMAIN_ANOMALY,COMPLETE_3_OF_3,NO_SUPPORTED_ANOMALY,"These are orchard-relative screening patterns and internal cross-domain corroboration. They do not establish causal diagnosis, disease identity, physiological drought, nutrient deficiency, or treatment need without independent field validation."
77,0.6768385032246029,0.3843482500780631,1.3309708425732691,0.16133117479124,1.0221774997878192,-0.0894114502508665,0.0818424140795706,1.1448125444025017,3.396053675402014,0.1192408300487027,726.9985895752077,3,PIXELWISE_INDEX_THEN_CROWN_STATISTIC_THEN_MULTISTRIP_AGGREGATION,True,0.0185984526604001,0.0114872228073876,0.0459246158368412,0.0042400507453362,0.0053075675185253,0.0023964819748461,0.0114524912514818,0.0283207670594837,0.0686136521989078,0.0034571581463441,0.3212886944367596,-0.521386381368592,0.5496091911915929,MULTI_STRIP,HIGH,2,"10,11",ALL_386_COMPLETE_TREE_LEVEL_INVENTORY,True,False,True,False,False,NO_ANOMALY,NO_CONCORDANT_WATER_ANOMALY,HIGH,True,False,False,False,False,False,False,False,False,False,True,NO_CONCORDANT_BIOCHEMICAL_DECLINE,True,2.286584186553955,0.1881377696990966,1.8523040771484376,0.4342801094055173,53,1.0,PASS,,False,False,False,NO_LOW_STATURE_EVIDENCE,NONE,NO_CONCORDANT_ANOMALY,NO_CONCORDANT_ANOMALY,NO_LOW_STATURE_EVIDENCE,False,False,False,False,False,False,False,True,3,0,NO_SUPPORTED_MAJOR_DOMAIN_ANOMALY,COMPLETE_3_OF_3,NO_SUPPORTED_ANOMALY,"These are orchard-relative screening patterns and internal cross-domain corroboration. They do not establish causal diagnosis, disease identity, physiological drought, nutrient deficiency, or treatment need without independent field validation."
78,0.6050891280289028,0.331537402680488,1.0777594692747718,0.1448756787622947,1.027205746153366,-0.0864509454401981,0.1090351224823498,1.2291990480327823,3.4359225500551887,0.1036319576598664,726.1607422989109,3,PIXELWISE_INDEX_THEN_CROWN_STATISTIC_THEN_MULTISTRIP_AGGREGATION,True,0.0037366843740298,0.0012683407028972,0.0300941115077872,0.0042867987469121,0.0577021735147726,0.0076363617169466,0.006297358142435,0.0280355533572063,0.1507900950110832,0.0023080559703453,0.1013162285853468,-0.2807210013179319,0.3374890553925014,MULTI_STRIP,HIGH,2,"10,11",ALL_386_COMPLETE_TREE_LEVEL_INVENTORY,True,False,False,False,False,NO_ANOMALY,NO_CONCORDANT_WATER_ANOMALY,HIGH,True,False,False,False,False,False,False,False,False,False,True,NO_CONCORDANT_BIOCHEMICAL_DECLINE,True,1.775597596168518,0.2761366367340088,1.9501991271972656,-0.1746015310287476,33,1.0,PASS,,False,False,False,NO_LOW_STATURE_EVIDENCE,NONE,NO_CONCORDANT_ANOMALY,NO_CONCORDANT_ANOMALY,NO_LOW_STATURE_EVIDENCE,False,False,False,False,False,False,False,True,3,0,NO_SUPPORTED_MAJOR_DOMAIN_ANOMALY,COMPLETE_3_OF_3,NO_SUPPORTED_ANOMALY,"These are orchard-relative screening patterns and internal cross-domain corroboration. They do not establish causal diagnosis, disease identity, physiological drought, nutrient deficiency, or treatment need without independent field validation."
79,0.2763224695081991,0.1288272245159347,0.3061685153140001,0.0568742525728131,0.9128663917637576,-0.0935639946053582,0.3199962042373269,1.9994965546935008,4.593761930614186,0.0267539436776087,724.3736575880304,4,PIXELWISE_INDEX_THEN_CROWN_STATISTIC_THEN_MULTISTRIP_AGGREGATION,True,0.0096659066758198,0.0029948868067941,0.0077344086088146,0.0111447810958718,0.0300125350631345,3.650953599736856e-05,0.0074759298195236,0.0573226646824612,0.3650633768575435,0.0069083392526309,0.6643460352569264,-0.088419925407028,0.1679329180883988,MULTI_STRIP,HIGH,2,"11,12",ALL_386_COMPLETE_TREE_LEVEL_INVENTORY,True,True,True,True,True,ANOMALOUS_CONCORDANT,STRONG_INTERNAL_WATER_EVIDENCE,HIGH,True,True,True,True,True,True,True,True,True,True,True,STRONG_CONCORDANT_BIOCHEMICAL_DECLINE,True,1.043906426429746,0.0742217302322387,0.243988037109375,0.799918389320371,19,1.0,WARN,surface cells < 20,True,True,False,CORROBORATED_LOW_STRUCTURAL_STATURE,CORROBORATED,SUPPORTED_ANOMALY,SUPPORTED_ANOMALY,LOW_STATURE_CORROBORATED,True,True,True,True,False,False,False,True,3,3,WATER_BIOCHEMICAL_STRUCTURE,COMPLETE_3_OF_3,HIGH_MULTI_DOMAIN_PRIORITY,"These are orchard-relative screening patterns and internal cross-domain corroboration. They do not establish causal diagnosis, disease identity, physiological drought, nutrient deficiency, or treatment need without independent field validation."
80,0.364758576428344,0.1884704962539976,0.4815414859312799,0.0760319391398324,0.981499356315476,-0.080441739742862,0.2307392717625132,1.589709062492822,4.298626609917943,0.0424470149925285,724.82765225466,4,PIXELWISE_INDEX_THEN_CROWN_STATISTIC_THEN_MULTISTRIP_AGGREGATION,True,0.0236464076524549,0.0147357204070157,0.048549822690537,0.006103413515249,0.0053834214419955,0.002588765044073,0.0190785230308557,0.0596609165166687,0.5572800939089033,0.0079239578752069,0.4717404742711437,-0.1587321474211329,0.2513591154350242,MULTI_STRIP,HIGH,2,"11,12",ALL_386_COMPLETE_TREE_LEVEL_INVENTORY,True,False,False,True,False,PARTIAL_DISCORDANT,SWIR_DISCORDANT_INSUFFICIENT_EVIDENCE,HIGH,True,True,True,True,True,True,False,False,False,False,True,CHLOROPHYLL_RED_EDGE_ONLY,True,1.4114167153835295,0.0886900164186954,1.21064453125,0.2007721841335294,18,1.0,WARN,surface cells < 20,True,True,False,CORROBORATED_LOW_STRUCTURAL_STATURE,CORROBORATED,INCONCLUSIVE,SCREENING_ANOMALY,LOW_STATURE_CORROBORATED,False,False,True,True,False,True,True,True,3,1,STRUCTURE_ONLY,COMPLETE_3_OF_3,SINGLE_DOMAIN_PRIORITY,"These are orchard-relative screening patterns and internal cross-domain corroboration. They do not establish causal diagnosis, disease identity, physiological drought, nutrient deficiency, or treatment need without independent field validation."
81,0.5992147512147943,0.3526609981462707,1.2264666455255104,0.1717662173701678,0.966514411037498,-0.0833168696681865,0.1274963222174848,1.2992123249263894,2.835614656111846,0.1133351425593692,726.0277850354845,3,PIXELWISE_INDEX_THEN_CROWN_STATISTIC_THEN_MULTISTRIP_AGGREGATION,True,0.1985445192653803,0.1151503743683596,0.5399243685026334,0.0156733600133082,0.1100969941680783,0.0032549908381052,0.1139340809921022,0.2992670657418393,0.8759623223524207,0.0297614416826145,1.6793245547043252,-0.5826070942817712,0.6033831774480163,MULTI_STRIP,HIGH,2,"10,11",ALL_386_COMPLETE_TREE_LEVEL_INVENTORY,True,True,False,False,False,NO_ANOMALY,ISOLATED_DIRECT_WATER_ANOMALY,HIGH,True,False,False,False,False,False,False,False,False,False,True,NO_CONCORDANT_BIOCHEMICAL_DECLINE,True,2.817891001701355,0.2997527122497558,2.375041198730469,0.442849802970886,91,1.0,PASS,,False,False,False,NO_LOW_STATURE_EVIDENCE,NONE,SCREENING_ANOMALY,NO_CONCORDANT_ANOMALY,NO_LOW_STATURE_EVIDENCE,False,False,False,False,True,False,True,True,3,0,NO_SUPPORTED_MAJOR_DOMAIN_ANOMALY,COMPLETE_3_OF_3,SCREENING_PRIORITY,"These are orchard-relative screening patterns and internal cross-domain corroboration. They do not establish causal diagnosis, disease identity, physiological drought, nutrient deficiency, or treatment need without independent field validation."
82,0.6239005198798211,0.3690802092504598,1.352559034406708,0.1221287920480213,0.9933723210393398,-0.0676562655764434,0.1053475786686681,1.229993917359088,5.249658967677664,0.0831938413647931,727.853080741982,4,PIXELWISE_INDEX_THEN_CROWN_STATISTIC_THEN_MULTISTRIP_AGGREGATION,True,0.0046479413245582,0.0008961479164592,0.0086377525490666,0.0007378689452545,0.0030756316558869,0.0068778238644612,0.0004334933358289,0.0002244139074506,0.3477121655339868,0.0025584616559105,0.1909690311932745,-0.4825278322353252,0.5049060209322138,MULTI_STRIP,HIGH,2,"11,12",ALL_386_COMPLETE_TREE_LEVEL_INVENTORY,True,False,False,False,False,NO_ANOMALY,NO_CONCORDANT_WATER_ANOMALY,HIGH,True,False,False,False,False,False,False,False,False,True,True,NO_CONCORDANT_BIOCHEMICAL_DECLINE,True,2.406886959075928,1.8939527720212936,2.240741729736328,0.1661452293395995,87,1.0,PASS,,False,False,True,NO_LOW_STATURE_EVIDENCE,NONE,NO_CONCORDANT_ANOMALY,NO_CONCORDANT_ANOMALY,NO_LOW_STATURE_EVIDENCE,False,False,False,False,False,False,False,True,3,0,NO_SUPPORTED_MAJOR_DOMAIN_ANOMALY,COMPLETE_3_OF_3,NO_SUPPORTED_ANOMALY,"These are orchard-relative screening patterns and internal cross-domain corroboration. They do not establish causal diagnosis, disease identity, physiological drought, nutrient deficiency, or treatment need without independent field validation."
83,0.6122840306665487,0.3280731761009828,1.036943192106824,0.1664468086582755,1.0017881326566798,-0.0924111120792855,0.1162395637080202,1.2235174248849967,3.652852126157091,0.1192122782768007,725.8374001939358,3,PIXELWISE_INDEX_THEN_CROWN_STATISTIC_THEN_MULTISTRIP_AGGREGATION,True,0.024002703653798,0.0115879235917929,0.0454861660093471,0.0110715800588478,0.0047333750095869,0.000680311833489,0.0137454775987023,0.0423575611693242,0.1296310162267586,0.0063567832198853,0.3249621395612507,-0.4741194403540705,0.5008037153721379,MULTI_STRIP,HIGH,2,"10,11",ALL_386_COMPLETE_TREE_LEVEL_INVENTORY,True,False,True,False,False,NO_ANOMALY,NO_CONCORDANT_WATER_ANOMALY,HIGH,True,False,False,False,False,False,False,False,False,False,True,NO_CONCORDANT_BIOCHEMICAL_DECLINE,True,2.4978690147399902,0.8570341765880585,1.9100425720214844,0.5878264427185058,44,1.0,PASS,,False,False,False,NO_LOW_STATURE_EVIDENCE,NONE,NO_CONCORDANT_ANOMALY,NO_CONCORDANT_ANOMALY,NO_LOW_STATURE_EVIDENCE,False,False,False,False,False,False,False,True,3,0,NO_SUPPORTED_MAJOR_DOMAIN_ANOMALY,COMPLETE_3_OF_3,NO_SUPPORTED_ANOMALY,"These are orchard-relative screening patterns and internal cross-domain corroboration. They do not establish causal diagnosis, disease identity, physiological drought, nutrient deficiency, or treatment need without independent field validation."
84,0.7170895406341118,0.4252750421768521,1.5589422258933798,0.15410359503314,1.0521487137447076,-0.0816384391621483,0.0612679477732328,1.10552022583609,3.16376806538611,0.1196676152989696,727.6594418897753,3,PIXELWISE_INDEX_THEN_CROWN_STATISTIC_THEN_MULTISTRIP_AGGREGATION,True,0.0094726252769466,0.0077804762602519,0.052787425185345,0.0036727325385601,0.0318211898316508,0.0056642403791765,0.0070675702648263,0.0124805226660787,0.2424994353781109,0.0043755013901268,0.2559951395615485,-0.5688365187125441,0.5897973085784111,MULTI_STRIP,HIGH,2,"10,11",ALL_386_COMPLETE_TREE_LEVEL_INVENTORY,True,False,False,False,False,NO_ANOMALY,NO_CONCORDANT_WATER_ANOMALY,HIGH,True,False,False,False,False,False,False,False,False,False,True,NO_CONCORDANT_BIOCHEMICAL_DECLINE,True,2.938329267501831,0.353264570236206,2.903247833251953,0.0350814342498777,105,1.0,PASS,,False,False,False,NO_LOW_STATURE_EVIDENCE,NONE,NO_CONCORDANT_ANOMALY,NO_CONCORDANT_ANOMALY,NO_LOW_STATURE_EVIDENCE,False,False,False,False,False,False,False,True,3,0,NO_SUPPORTED_MAJOR_DOMAIN_ANOMALY,COMPLETE_3_OF_3,NO_SUPPORTED_ANOMALY,"These are orchard-relative screening patterns and internal cross-domain corroboration. They do not establish causal diagnosis, disease identity, physiological drought, nutrient deficiency, or treatment need without independent field validation."
85,0.2625380129859926,0.1271445014929967,0.3052023026636775,0.0447806260013783,1.040710917950411,-0.087248044094924,0.3131956752319601,2.0460056236171424,4.371510774588511,0.0214208877616967,724.0298121341717,4,PIXELWISE_INDEX_THEN_CROWN_STATISTIC_THEN_MULTISTRIP_AGGREGATION,True,0.0329116510022957,0.021678042257937,0.0626150022479807,0.0149589266506661,0.0475954702879438,0.0049990610091627,0.0290929437722999,0.1569651170957798,0.4676315001185787,0.0107954901166487,0.0501792405466403,-0.034992299948185,0.1380830970832442,MULTI_STRIP,HIGH,2,"11,12",ALL_386_COMPLETE_TREE_LEVEL_INVENTORY,True,False,False,True,True,ANOMALOUS_CONCORDANT,ISOLATED_DIRECT_WATER_ANOMALY,HIGH,True,True,True,True,True,True,True,True,True,False,True,CONCORDANT_BIOCHEMICAL_DECLINE,True,1.3252546548843385,0.0591550916433334,1.281884765625,0.0433698892593386,20,1.0,PASS,,True,True,False,CORROBORATED_LOW_STRUCTURAL_STATURE,CORROBORATED,SCREENING_ANOMALY,SUPPORTED_ANOMALY,LOW_STATURE_CORROBORATED,False,True,True,True,True,False,True,True,3,2,BIOCHEMICAL_STRUCTURE_ONLY,COMPLETE_3_OF_3,MULTI_DOMAIN_PRIORITY,"These are orchard-relative screening patterns and internal cross-domain corroboration. They do not establish causal diagnosis, disease identity, physiological drought, nutrient deficiency, or treatment need without independent field validation."
86,0.4380171490195114,0.2190845588418138,0.6229022722548238,0.1257071415614374,1.0442675051326575,-0.0917753846585852,0.2011170263211759,1.5509598694638722,3.509262713968479,0.0829754544187948,723.4509549001762,4,PIXELWISE_INDEX_THEN_CROWN_STATISTIC_THEN_MULTISTRIP_AGGREGATION,True,0.0,0.0,0.0,0.0,0.0,0.0,0.0,0.0,0.0,0.0,0.0,-0.3087761830262275,0.3775838397379342,SINGLE_STRIP,MODERATE,1,12,ALL_386_COMPLETE_TREE_LEVEL_INVENTORY,True,False,True,False,False,NO_ANOMALY,NO_CONCORDANT_WATER_ANOMALY,MODERATE,True,False,False,True,False,False,False,False,False,False,True,NO_CONCORDANT_BIOCHEMICAL_DECLINE,True,2.0963278651237487,1.484745278954506,2.06399917602539,0.032328689098358,32,1.0,PASS,,False,False,True,NO_LOW_STATURE_EVIDENCE,NONE,NO_CONCORDANT_ANOMALY,NO_CONCORDANT_ANOMALY,NO_LOW_STATURE_EVIDENCE,False,False,False,False,False,False,False,True,3,0,NO_SUPPORTED_MAJOR_DOMAIN_ANOMALY,COMPLETE_3_OF_3,NO_SUPPORTED_ANOMALY,"These are orchard-relative screening patterns and internal cross-domain corroboration. They do not establish causal diagnosis, disease identity, physiological drought, nutrient deficiency, or treatment need without independent field validation."
88,0.4358570959496762,0.225910070868865,0.6741033062537655,0.0942540456316884,0.9686667733449414,-0.0854628040514905,0.217677664537858,1.6391589087546623,4.826145331695369,0.0597173466139484,724.7234083657827,4,PIXELWISE_INDEX_THEN_CROWN_STATISTIC_THEN_MULTISTRIP_AGGREGATION,True,0.0362739387314076,0.0165978058042519,0.058690311964178,0.0271862937728717,0.0194300161111219,0.0017255409629813,0.0202197470663649,0.0642775628719783,0.6776674916672869,0.0188260216051253,0.2545068123862393,-0.2733155736498823,0.3108233507314763,MULTI_STRIP,HIGH,2,"11,12",ALL_386_COMPLETE_TREE_LEVEL_INVENTORY,True,True,False,False,False,NO_ANOMALY,ISOLATED_DIRECT_WATER_ANOMALY,HIGH,True,False,False,True,False,False,False,False,False,True,True,NO_CONCORDANT_BIOCHEMICAL_DECLINE,True,2.082080399990082,1.623690128326416,1.9181877136230467,0.1638926863670351,70,1.0,PASS,,False,False,True,NO_LOW_STATURE_EVIDENCE,NONE,SCREENING_ANOMALY,NO_CONCORDANT_ANOMALY,NO_LOW_STATURE_EVIDENCE,False,False,False,False,True,False,True,True,3,0,NO_SUPPORTED_MAJOR_DOMAIN_ANOMALY,COMPLETE_3_OF_3,SCREENING_PRIORITY,"These are orchard-relative screening patterns and internal cross-domain corroboration. They do not establish causal diagnosis, disease identity, physiological drought, nutrient deficiency, or treatment need without independent field validation."
89,0.4669511172049436,0.2619370464756374,0.7248450233845515,0.0742670083530525,0.969312287784902,-0.0707958626444417,0.1640840256358408,1.3208969948720315,5.053674143674176,0.046587261929022,727.7861331497564,4,PIXELWISE_INDEX_THEN_CROWN_STATISTIC_THEN_MULTISTRIP_AGGREGATION,True,0.001068308097626,0.006535502740109,0.0256639248137184,0.0011656258547029,0.0105649057515406,0.0019962619863704,0.0003804066673628,0.0016948115891682,0.2023310993446458,4.312276862341452e-06,1.3841046684353842,-0.1779484780831264,0.2596946992661683,MULTI_STRIP,HIGH,2,"11,12",ALL_386_COMPLETE_TREE_LEVEL_INVENTORY,True,True,False,True,False,PARTIAL_DISCORDANT,SWIR_DISCORDANT_INSUFFICIENT_EVIDENCE,HIGH,True,False,False,False,False,False,False,False,False,True,True,NO_CONCORDANT_BIOCHEMICAL_DECLINE,True,0.5777109816670416,0.0511792749166488,0.43499755859375,0.1427134230732916,14,1.0,WARN,surface cells < 20,True,True,False,CORROBORATED_LOW_STRUCTURAL_STATURE,CORROBORATED,INCONCLUSIVE,NO_CONCORDANT_ANOMALY,LOW_STATURE_CORROBORATED,False,False,True,True,False,False,False,True,3,1,STRUCTURE_ONLY,COMPLETE_3_OF_3,SINGLE_DOMAIN_PRIORITY,"These are orchard-relative screening patterns and internal cross-domain corroboration. They do not establish causal diagnosis, disease identity, physiological drought, nutrient deficiency, or treatment need without independent field validation."
90,0.6414301410576471,0.3579306222544567,1.2187318968825198,0.164328878238828,1.0307132854029109,-0.0954791915626914,0.1009448494970723,1.2256422727414558,2.943622502242798,0.1195369978552105,725.8426135143613,3,PIXELWISE_INDEX_THEN_CROWN_STATISTIC_THEN_MULTISTRIP_AGGREGATION,True,0.0185795374193891,0.0090463526571157,0.0283059217359732,0.0094916044144565,0.0161552261552662,0.001602059159982,0.015709489506234,0.0557685173446088,0.0457509364167492,0.0068666491814124,0.0396116221879196,-0.4770596430361538,0.4959140908322099,MULTI_STRIP,HIGH,2,"10,11",ALL_386_COMPLETE_TREE_LEVEL_INVENTORY,True,False,True,False,False,NO_ANOMALY,NO_CONCORDANT_WATER_ANOMALY,HIGH,True,False,False,False,False,False,False,False,False,False,True,NO_CONCORDANT_BIOCHEMICAL_DECLINE,True,2.8950756311416623,1.1102139949798584,2.860987091064453,0.0340885400772092,83,1.0,PASS,,False,False,False,NO_LOW_STATURE_EVIDENCE,NONE,NO_CONCORDANT_ANOMALY,NO_CONCORDANT_ANOMALY,NO_LOW_STATURE_EVIDENCE,False,False,False,False,False,False,False,True,3,0,NO_SUPPORTED_MAJOR_DOMAIN_ANOMALY,COMPLETE_3_OF_3,NO_SUPPORTED_ANOMALY,"These are orchard-relative screening patterns and internal cross-domain corroboration. They do not establish causal diagnosis, disease identity, physiological drought, nutrient deficiency, or treatment need without independent field validation."
92,0.3081326518679151,0.1514665599841002,0.3858577992976857,0.0611366343965084,0.9873076244629282,-0.0864491247366934,0.2840389977810321,1.923458837270499,4.527495806892009,0.0338262830631666,724.8584823469721,4,PIXELWISE_INDEX_THEN_CROWN_STATISTIC_THEN_MULTISTRIP_AGGREGATION,True,0.0399310925914004,0.0206434402015386,0.0674447420889811,0.0122251631609401,0.0469544159703066,0.0012518865221851,0.0262129966723901,0.1686196044188592,0.5308966426435755,0.0122447176534391,0.0947750527288917,-0.1010081185991802,0.1732043647070084,MULTI_STRIP,HIGH,2,"11,12",ALL_386_COMPLETE_TREE_LEVEL_INVENTORY,True,False,False,True,True,ANOMALOUS_CONCORDANT,ISOLATED_DIRECT_WATER_ANOMALY,HIGH,True,True,True,True,True,True,True,True,True,True,True,STRONG_CONCORDANT_BIOCHEMICAL_DECLINE,True,1.4894222497940062,0.9412101358175278,1.1461540222167967,0.3432682275772094,32,1.0,PASS,,True,True,False,CORROBORATED_LOW_STRUCTURAL_STATURE,CORROBORATED,SCREENING_ANOMALY,SUPPORTED_ANOMALY,LOW_STATURE_CORROBORATED,False,True,True,True,True,False,True,True,3,2,BIOCHEMICAL_STRUCTURE_ONLY,COMPLETE_3_OF_3,MULTI_DOMAIN_PRIORITY,"These are orchard-relative screening patterns and internal cross-domain corroboration. They do not establish causal diagnosis, disease identity, physiological drought, nutrient deficiency, or treatment need without independent field validation."
93,0.6533075605268474,0.3824534076981859,1.3404804070652865,0.124417804731976,1.015634925149056,-0.0860354448458612,0.1074016381797358,1.2115133045446718,5.283794845607392,0.0925060579362794,727.7930960239169,3,PIXELWISE_INDEX_THEN_CROWN_STATISTIC_THEN_MULTISTRIP_AGGREGATION,True,0.0255565227436099,0.01803896032193,0.0921182319372522,0.004665884646412,0.027772028227657,0.0006265862490914,0.0135394122835482,0.0389226665132866,0.1071206010321188,0.0043013402568021,0.1662522961633499,-0.4888817596836195,0.5161858145533963,MULTI_STRIP,HIGH,2,"10,11",ALL_386_COMPLETE_TREE_LEVEL_INVENTORY,True,False,False,False,False,NO_ANOMALY,NO_CONCORDANT_WATER_ANOMALY,HIGH,True,False,False,False,False,False,False,False,False,True,True,NO_CONCORDANT_BIOCHEMICAL_DECLINE,True,2.237994813919068,0.5317402184009552,2.227001190185547,0.0109936237335204,70,1.0,PASS,,False,False,False,NO_LOW_STATURE_EVIDENCE,NONE,NO_CONCORDANT_ANOMALY,NO_CONCORDANT_ANOMALY,NO_LOW_STATURE_EVIDENCE,False,False,False,False,False,False,False,True,3,0,NO_SUPPORTED_MAJOR_DOMAIN_ANOMALY,COMPLETE_3_OF_3,NO_SUPPORTED_ANOMALY,"These are orchard-relative screening patterns and internal cross-domain corroboration. They do not establish causal diagnosis, disease identity, physiological drought, nutrient deficiency, or treatment need without independent field validation."
94,0.6579942628876536,0.3933946004615601,1.447223643035738,0.1152697341701939,1.0134126167913036,-0.0733655387921301,0.0933378249246795,1.1557309646098437,5.064904714402768,0.0863178692544601,728.2023738774735,3,PIXELWISE_INDEX_THEN_CROWN_STATISTIC_THEN_MULTISTRIP_AGGREGATION,True,0.0137066792899294,0.0150691743967573,0.1037779755763633,0.0026740710829003,0.0405100300787426,0.0058493527800981,0.0060812888588996,0.0109842827912481,0.0063229437882412,0.0013355107484111,0.5981396015588416,-0.5298949073872175,0.558886791031495,SINGLE_STRIP,MODERATE,1,11,ALL_386_COMPLETE_TREE_LEVEL_INVENTORY,True,False,False,False,False,NO_ANOMALY,NO_CONCORDANT_WATER_ANOMALY,MODERATE,True,False,False,False,False,False,False,False,False,True,True,NO_CONCORDANT_BIOCHEMICAL_DECLINE,True,2.283641421794892,0.9203615188598632,2.2467498779296875,0.0368915438652037,84,0.9882352941176472,PASS,,False,False,False,NO_LOW_STATURE_EVIDENCE,NONE,NO_CONCORDANT_ANOMALY,NO_CONCORDANT_ANOMALY,NO_LOW_STATURE_EVIDENCE,False,False,False,False,False,False,False,True,3,0,NO_SUPPORTED_MAJOR_DOMAIN_ANOMALY,COMPLETE_3_OF_3,NO_SUPPORTED_ANOMALY,"These are orchard-relative screening patterns and internal cross-domain corroboration. They do not establish causal diagnosis, disease identity, physiological drought, nutrient deficiency, or treatment need without independent field validation."
95,0.4070845671126067,0.2029507676148171,0.5359750117458351,0.1052083613899034,0.9266306484880512,-0.0827354254189804,0.2102228775123878,1.5137733170414056,3.9581564102908455,0.0636287314111953,724.5959225386391,4,PIXELWISE_INDEX_THEN_CROWN_STATISTIC_THEN_MULTISTRIP_AGGREGATION,True,0.0196297801465933,0.0131824662753966,0.0462490015267638,0.0088943648222895,0.0736446370938165,0.0048331090819044,0.0102945571544743,0.0324375303647106,0.6187415366410576,0.0107711369242485,0.6844084012328153,-0.1982168563758295,0.2785267632519969,MULTI_STRIP,HIGH,2,"11,12",ALL_386_COMPLETE_TREE_LEVEL_INVENTORY,True,True,False,False,False,NO_ANOMALY,ISOLATED_DIRECT_WATER_ANOMALY,HIGH,True,False,True,True,False,False,False,False,False,False,True,NO_CONCORDANT_BIOCHEMICAL_DECLINE,True,1.8148730993270872,1.169284239411354,1.5351005554199215,0.2797725439071654,29,1.0,PASS,,False,False,False,NO_LOW_STATURE_EVIDENCE,NONE,SCREENING_ANOMALY,NO_CONCORDANT_ANOMALY,NO_LOW_STATURE_EVIDENCE,False,False,False,False,True,False,True,True,3,0,NO_SUPPORTED_MAJOR_DOMAIN_ANOMALY,COMPLETE_3_OF_3,SCREENING_PRIORITY,"These are orchard-relative screening patterns and internal cross-domain corroboration. They do not establish causal diagnosis, disease identity, physiological drought, nutrient deficiency, or treatment need without independent field validation."
96,0.6420453103839046,0.3634999064539225,1.2349916272359174,0.1462649073937696,1.036355525795123,-0.0901803915346876,0.0953027620596569,1.1998622399409098,3.2287140506400576,0.1073987434154066,726.6605167884602,3,PIXELWISE_INDEX_THEN_CROWN_STATISTIC_THEN_MULTISTRIP_AGGREGATION,True,0.020650091706992,0.0103261657174941,0.0279449400356546,0.0067528231300157,0.0039965787972635,0.0008247777831176,0.0163283341435022,0.0524585846312235,0.0832049355829553,0.0045896101086047,0.0588018920408899,-0.4736109191628871,0.5009505375711208,MULTI_STRIP,HIGH,2,"10,11",ALL_386_COMPLETE_TREE_LEVEL_INVENTORY,True,False,True,False,False,NO_ANOMALY,NO_CONCORDANT_WATER_ANOMALY,HIGH,True,False,False,False,False,False,False,False,False,False,True,NO_CONCORDANT_BIOCHEMICAL_DECLINE,True,2.11994469165802,0.3412850499153137,1.9611076354980468,0.1588370561599732,55,1.0,PASS,,False,False,False,NO_LOW_STATURE_EVIDENCE,NONE,NO_CONCORDANT_ANOMALY,NO_CONCORDANT_ANOMALY,NO_LOW_STATURE_EVIDENCE,False,False,False,False,False,False,False,True,3,0,NO_SUPPORTED_MAJOR_DOMAIN_ANOMALY,COMPLETE_3_OF_3,NO_SUPPORTED_ANOMALY,"These are orchard-relative screening patterns and internal cross-domain corroboration. They do not establish causal diagnosis, disease identity, physiological drought, nutrient deficiency, or treatment need without independent field validation."
97,0.2784963247344348,0.1324145696371009,0.3113922949834473,0.0602557341338946,0.9115725498800848,-0.0864111632809152,0.3072761598085903,1.900426369131212,4.330453685389921,0.0277605238816443,723.6856442373517,4,PIXELWISE_INDEX_THEN_CROWN_STATISTIC_THEN_MULTISTRIP_AGGREGATION,True,0.0011335317596109,0.0047385914476477,0.013134124080785,0.004979542191946,0.0428742744937989,0.0039692596577754,0.0036970467076189,0.0145387614494209,0.2334597838285388,0.0029163450644844,0.4923969196178746,-0.0687674549772779,0.173566571305296,SINGLE_STRIP,MODERATE,1,12,ALL_386_COMPLETE_TREE_LEVEL_INVENTORY,True,True,False,True,True,ANOMALOUS_CONCORDANT,SUPPORTED_WATER_STATUS_ANOMALY,MODERATE,True,True,True,True,True,True,True,True,True,False,True,CONCORDANT_BIOCHEMICAL_DECLINE,True,0.3498635441064834,0.0433291494846344,0.41400146484375,-0.0641379207372665,23,1.0,PASS,,True,True,False,CORROBORATED_LOW_STRUCTURAL_STATURE,CORROBORATED,SUPPORTED_ANOMALY,SUPPORTED_ANOMALY,LOW_STATURE_CORROBORATED,True,True,True,True,False,False,False,True,3,3,WATER_BIOCHEMICAL_STRUCTURE,COMPLETE_3_OF_3,HIGH_MULTI_DOMAIN_PRIORITY,"These are orchard-relative screening patterns and internal cross-domain corroboration. They do not establish causal diagnosis, disease identity, physiological drought, nutrient deficiency, or treatment need without independent field validation."
100,0.5715994229059449,0.3414252734008082,1.2856588170093142,0.1026011376807356,0.985859262671839,-0.0832700490150158,0.163607847887489,1.434338716665215,4.376717968134079,0.0747752047793921,727.0958758199295,4,PIXELWISE_INDEX_THEN_CROWN_STATISTIC_THEN_MULTISTRIP_AGGREGATION,True,0.009600501735912,0.002945496621683,0.04775867311074,0.0068931919009322,0.0367987910481134,0.007608252269273,0.0101433135677906,0.0760501250873635,0.4203031028964435,0.0040704827962168,0.3432426556005103,-0.3578833702372563,0.387081196931183,SINGLE_STRIP,MODERATE,1,11,ALL_386_COMPLETE_TREE_LEVEL_INVENTORY,True,False,False,False,False,NO_ANOMALY,NO_CONCORDANT_WATER_ANOMALY,MODERATE,True,False,False,False,False,False,False,False,False,False,True,NO_CONCORDANT_BIOCHEMICAL_DECLINE,True,1.91293825507164,0.8493120521306992,1.922906494140625,-0.009968239068985,60,1.0,PASS,,False,False,False,NO_LOW_STATURE_EVIDENCE,NONE,NO_CONCORDANT_ANOMALY,NO_CONCORDANT_ANOMALY,NO_LOW_STATURE_EVIDENCE,False,False,False,False,False,False,False,True,3,0,NO_SUPPORTED_MAJOR_DOMAIN_ANOMALY,COMPLETE_3_OF_3,NO_SUPPORTED_ANOMALY,"These are orchard-relative screening patterns and internal cross-domain corroboration. They do not establish causal diagnosis, disease identity, physiological drought, nutrient deficiency, or treatment need without independent field validation."
101,0.7170330684431572,0.4334844048217759,1.6152002645120531,0.1469379747781948,1.035075608262306,-0.0808968719977873,0.0593414119531926,1.1073764285226364,2.9933863769080897,0.1116820638629559,728.2171931620452,3,PIXELWISE_INDEX_THEN_CROWN_STATISTIC_THEN_MULTISTRIP_AGGREGATION,True,0.0119477123318019,0.0085688962588451,0.0611908277109642,0.0060537312027314,0.0069198769412088,0.0021622790068335,0.0040566887769583,0.0038359756050002,0.1486964549915426,0.0040752351661459,0.1426164468772413,-0.5555353862917165,0.5758524740799116,MULTI_STRIP,HIGH,2,"10,11",ALL_386_COMPLETE_TREE_LEVEL_INVENTORY,True,False,False,False,False,NO_ANOMALY,NO_CONCORDANT_WATER_ANOMALY,HIGH,True,False,False,False,False,False,False,False,False,False,True,NO_CONCORDANT_BIOCHEMICAL_DECLINE,True,2.4884533047676087,0.621514618396759,2.261701965332031,0.2267513394355775,102,1.0,PASS,,False,False,False,NO_LOW_STATURE_EVIDENCE,NONE,NO_CONCORDANT_ANOMALY,NO_CONCORDANT_ANOMALY,NO_LOW_STATURE_EVIDENCE,False,False,False,False,False,False,False,True,3,0,NO_SUPPORTED_MAJOR_DOMAIN_ANOMALY,COMPLETE_3_OF_3,NO_SUPPORTED_ANOMALY,"These are orchard-relative screening patterns and internal cross-domain corroboration. They do not establish causal diagnosis, disease identity, physiological drought, nutrient deficiency, or treatment need without independent field validation."
103,0.6118021913700843,0.3294758734710575,1.0767480092599782,0.0342388828369902,0.9471887551404898,-0.0784766918240237,0.1008388794536365,1.248292701913272,3.363359172619957,0.1163826162261557,726.2877211344602,3,PIXELWISE_INDEX_THEN_CROWN_STATISTIC_THEN_MULTISTRIP_AGGREGATION,True,0.0512191133848785,0.0212093942162857,0.0953390593725936,0.2224446627744956,0.062282865449561,0.0068881659910397,0.0199195106118081,0.0530289734589593,0.623150438311226,0.0341400670864115,0.8104383095569333,-0.5466605257330082,0.5698358757013815,MULTI_STRIP,HIGH,2,"9,10",ALL_386_COMPLETE_TREE_LEVEL_INVENTORY,True,True,False,False,False,NO_ANOMALY,ISOLATED_DIRECT_WATER_ANOMALY,HIGH,True,False,False,False,False,False,False,False,False,False,True,NO_CONCORDANT_BIOCHEMICAL_DECLINE,True,2.7223060131073,0.7529064416885376,2.375189208984375,0.3471168041229249,81,1.0,PASS,,False,False,False,NO_LOW_STATURE_EVIDENCE,NONE,SCREENING_ANOMALY,NO_CONCORDANT_ANOMALY,NO_LOW_STATURE_EVIDENCE,False,False,False,False,True,False,True,True,3,0,NO_SUPPORTED_MAJOR_DOMAIN_ANOMALY,COMPLETE_3_OF_3,SCREENING_PRIORITY,"These are orchard-relative screening patterns and internal cross-domain corroboration. They do not establish causal diagnosis, disease identity, physiological drought, nutrient deficiency, or treatment need without independent field validation."
104,0.6546124137321793,0.3707083563132123,1.272736357897303,0.1526668001510185,1.0429058939036118,-0.0868676353850056,0.0879692709079828,1.1787021154082296,2.8209125947175826,0.1126401379454865,727.027754905554,3,PIXELWISE_INDEX_THEN_CROWN_STATISTIC_THEN_MULTISTRIP_AGGREGATION,True,0.0094279311268709,0.0014620862197371,0.0209742479676788,0.0070051044970205,0.0027400625521328,0.002091636416621,0.0082106044364557,0.0302280064477604,0.0132067850173094,0.0056300061316997,0.2314702877778813,-0.4901146082793832,0.5136761529834474,MULTI_STRIP,HIGH,2,"10,11",ALL_386_COMPLETE_TREE_LEVEL_INVENTORY,True,False,False,False,False,NO_ANOMALY,NO_CONCORDANT_WATER_ANOMALY,HIGH,True,False,False,False,False,False,False,False,False,False,True,NO_CONCORDANT_BIOCHEMICAL_DECLINE,True,3.1085256934165955,0.6718434691429138,3.1355865478515623,-0.0270608544349668,76,1.0,PASS,,False,False,False,NO_LOW_STATURE_EVIDENCE,NONE,NO_CONCORDANT_ANOMALY,NO_CONCORDANT_ANOMALY,NO_LOW_STATURE_EVIDENCE,False,False,False,False,False,False,False,True,3,0,NO_SUPPORTED_MAJOR_DOMAIN_ANOMALY,COMPLETE_3_OF_3,NO_SUPPORTED_ANOMALY,"These are orchard-relative screening patterns and internal cross-domain corroboration. They do not establish causal diagnosis, disease identity, physiological drought, nutrient deficiency, or treatment need without independent field validation."
105,0.3504860256204457,0.1772909655974057,0.4630891943839125,0.0956778641997838,0.95492841153326,-0.0870137684621855,0.2539840650162813,1.7376534462825708,3.7215623835851193,0.0557586607239471,724.6381056252806,4,PIXELWISE_INDEX_THEN_CROWN_STATISTIC_THEN_MULTISTRIP_AGGREGATION,True,0.0467477840866158,0.0238336078862087,0.0825908001851112,0.0323936686592154,0.0592662428085331,0.0042743917544282,0.0310770600862063,0.1106352319399225,0.486526658320527,0.0223510929348816,0.4475296855518422,-0.1217709658803094,0.2018260440531218,SINGLE_STRIP,MODERATE,1,12,ALL_386_COMPLETE_TREE_LEVEL_INVENTORY,True,True,False,True,True,ANOMALOUS_CONCORDANT,SUPPORTED_WATER_STATUS_ANOMALY,MODERATE,True,True,True,True,True,True,True,True,True,False,True,CONCORDANT_BIOCHEMICAL_DECLINE,True,1.807189071178436,0.0929315313696861,1.5273483276367184,0.2798407435417178,38,1.0,WARN,Upper-tail structural variability,False,False,False,NO_LOW_STATURE_EVIDENCE,NONE,SUPPORTED_ANOMALY,SUPPORTED_ANOMALY,NO_LOW_STATURE_EVIDENCE,True,True,False,False,False,False,False,True,3,2,WATER_BIOCHEMICAL_ONLY,COMPLETE_3_OF_3,MULTI_DOMAIN_PRIORITY,"These are orchard-relative screening patterns and internal cross-domain corroboration. They do not establish causal diagnosis, disease identity, physiological drought, nutrient deficiency, or treatment need without independent field validation."
107,0.257906040245185,0.1233673168024835,0.2871913725593891,0.0501167453940652,0.9525426700382096,-0.0958548299632663,0.3181420206470917,1.9963255971958072,4.270652773565438,0.0222534082347603,724.8085153757338,4,PIXELWISE_INDEX_THEN_CROWN_STATISTIC_THEN_MULTISTRIP_AGGREGATION,True,0.0148464955713345,0.0055885685606149,0.0147284103621737,0.0140091406730858,0.0854705153527731,0.0021178667923228,0.0165349182267043,0.0880857791529603,0.540174086717532,0.0080335645501567,0.1764812174756116,-0.0562424461168228,0.1329321094772571,MULTI_STRIP,HIGH,2,"11,12",ALL_386_COMPLETE_TREE_LEVEL_INVENTORY,True,True,True,True,True,ANOMALOUS_CONCORDANT,STRONG_INTERNAL_WATER_EVIDENCE,HIGH,True,True,True,True,True,True,True,True,True,False,True,CONCORDANT_BIOCHEMICAL_DECLINE,True,0.3104989975690841,0.0246390476822853,0.2660064697265625,0.0444925278425216,11,1.0,WARN,surface cells < 20,True,True,False,CORROBORATED_LOW_STRUCTURAL_STATURE,CORROBORATED,SUPPORTED_ANOMALY,SUPPORTED_ANOMALY,LOW_STATURE_CORROBORATED,True,True,True,True,False,False,False,True,3,3,WATER_BIOCHEMICAL_STRUCTURE,COMPLETE_3_OF_3,HIGH_MULTI_DOMAIN_PRIORITY,"These are orchard-relative screening patterns and internal cross-domain corroboration. They do not establish causal diagnosis, disease identity, physiological drought, nutrient deficiency, or treatment need without independent field validation."
108,0.6270867479373551,0.4155717784645716,1.681225072160604,0.0745022170568547,0.9946597536098032,-0.0519854092662547,0.0925408882062094,1.1917428107493906,3.85336821914681,0.0637616106601728,728.956805799675,3,PIXELWISE_INDEX_THEN_CROWN_STATISTIC_THEN_MULTISTRIP_AGGREGATION,True,0.0267181310842638,0.0276689514176332,0.1796939823924336,0.0102394931736896,0.0611513730086342,0.0041280559029825,0.0128040775349556,0.023300290360958,0.6759767161442104,0.0105908007552185,0.4210924050333434,-0.4379864493847703,0.4692939499888375,SINGLE_STRIP,MODERATE,1,10,ALL_386_COMPLETE_TREE_LEVEL_INVENTORY,True,False,False,False,False,NO_ANOMALY,NO_CONCORDANT_WATER_ANOMALY,MODERATE,True,False,False,False,False,False,False,False,False,False,True,NO_CONCORDANT_BIOCHEMICAL_DECLINE,True,1.9512266755104064,0.5994597971439362,1.962987518310547,-0.0117608428001405,64,1.0,PASS,,False,False,False,NO_LOW_STATURE_EVIDENCE,NONE,NO_CONCORDANT_ANOMALY,NO_CONCORDANT_ANOMALY,NO_LOW_STATURE_EVIDENCE,False,False,False,False,False,False,False,True,3,0,NO_SUPPORTED_MAJOR_DOMAIN_ANOMALY,COMPLETE_3_OF_3,NO_SUPPORTED_ANOMALY,"These are orchard-relative screening patterns and internal cross-domain corroboration. They do not establish causal diagnosis, disease identity, physiological drought, nutrient deficiency, or treatment need without independent field validation."
109,0.666739669602828,0.3906519153968362,1.3523475506109794,0.1402522164299326,1.0250997550360723,-0.0856120081509198,0.0810334147177492,1.1473276317845666,3.029313440511233,0.10961024285601,727.1656478667718,3,PIXELWISE_INDEX_THEN_CROWN_STATISTIC_THEN_MULTISTRIP_AGGREGATION,True,0.0274547564897402,0.0181593190390819,0.0915911141178084,0.0057631690204911,0.0269352134079374,0.0019102297377867,0.0156196837887664,0.0365441382578841,0.1798485790535489,0.0051747901229131,0.3199068949514867,-0.503389452084345,0.5293103350000211,MULTI_STRIP,HIGH,2,"10,11",ALL_386_COMPLETE_TREE_LEVEL_INVENTORY,True,False,False,False,False,NO_ANOMALY,NO_CONCORDANT_WATER_ANOMALY,HIGH,True,False,False,False,False,False,False,False,False,False,True,NO_CONCORDANT_BIOCHEMICAL_DECLINE,True,2.879227042198181,0.8799084424972534,2.586544799804688,0.2926822423934938,75,1.0,PASS,,False,False,False,NO_LOW_STATURE_EVIDENCE,NONE,NO_CONCORDANT_ANOMALY,NO_CONCORDANT_ANOMALY,NO_LOW_STATURE_EVIDENCE,False,False,False,False,False,False,False,True,3,0,NO_SUPPORTED_MAJOR_DOMAIN_ANOMALY,COMPLETE_3_OF_3,NO_SUPPORTED_ANOMALY,"These are orchard-relative screening patterns and internal cross-domain corroboration. They do not establish causal diagnosis, disease identity, physiological drought, nutrient deficiency, or treatment need without independent field validation."
110,0.5899162575884167,0.3365585499522211,1.1146075424126711,0.1181242412689247,1.0133974088223263,-0.0790258962050583,0.1221946924597188,1.2457350958332478,3.949050573705903,0.0854452042988441,727.1004518052881,3,PIXELWISE_INDEX_THEN_CROWN_STATISTIC_THEN_MULTISTRIP_AGGREGATION,True,0.0042599889329831,0.0042912019555597,0.0398391172848892,0.0014411794151078,0.0114620020470203,0.0027745318706885,0.0029304315499073,0.0181722837258291,0.3770011376740321,0.002275713302318,0.5254063826060928,-0.3921020404266206,0.4467674708312143,MULTI_STRIP,HIGH,2,"10,11",ALL_386_COMPLETE_TREE_LEVEL_INVENTORY,True,False,False,False,False,NO_ANOMALY,NO_CONCORDANT_WATER_ANOMALY,HIGH,True,False,False,False,False,False,False,False,False,False,True,NO_CONCORDANT_BIOCHEMICAL_DECLINE,True,1.5336583137512207,0.2731133699417114,1.4487884521484375,0.0848698616027832,29,1.0,PASS,,True,False,False,LOW_STATURE_LAS_ONLY,SINGLE_MEASUREMENT,NO_CONCORDANT_ANOMALY,NO_CONCORDANT_ANOMALY,LOW_STATURE_LAS_ONLY,False,False,True,False,False,False,False,True,3,0,NO_SUPPORTED_MAJOR_DOMAIN_ANOMALY,COMPLETE_3_OF_3,NO_SUPPORTED_ANOMALY,"These are orchard-relative screening patterns and internal cross-domain corroboration. They do not establish causal diagnosis, disease identity, physiological drought, nutrient deficiency, or treatment need without independent field validation."
111,0.6262421237746432,0.3481152100985679,1.125956926356333,0.1544800029386026,1.034387962155935,-0.091135441774275,0.1002230375774235,1.1979527709129272,3.104619069446338,0.1168571226931828,726.4739751735992,3,PIXELWISE_INDEX_THEN_CROWN_STATISTIC_THEN_MULTISTRIP_AGGREGATION,True,0.0220841026917135,0.0128602033969646,0.0597101890404069,0.0083203043791662,0.0002011288122071,0.0005555777822821,0.014790723600858,0.0318007452024421,0.2094433157574311,0.0065333208859475,0.0552439136303064,-0.4696023282480057,0.5029576590659468,MULTI_STRIP,HIGH,2,"10,11",ALL_386_COMPLETE_TREE_LEVEL_INVENTORY,True,False,True,False,False,NO_ANOMALY,NO_CONCORDANT_WATER_ANOMALY,HIGH,True,False,False,False,False,False,False,False,False,False,True,NO_CONCORDANT_BIOCHEMICAL_DECLINE,True,2.899022793769836,0.5803351700305939,3.078297424316406,-0.17927463054657,60,1.0,PASS,,False,False,False,NO_LOW_STATURE_EVIDENCE,NONE,NO_CONCORDANT_ANOMALY,NO_CONCORDANT_ANOMALY,NO_LOW_STATURE_EVIDENCE,False,False,False,False,False,False,False,True,3,0,NO_SUPPORTED_MAJOR_DOMAIN_ANOMALY,COMPLETE_3_OF_3,NO_SUPPORTED_ANOMALY,"These are orchard-relative screening patterns and internal cross-domain corroboration. They do not establish causal diagnosis, disease identity, physiological drought, nutrient deficiency, or treatment need without independent field validation."
112,0.4288814169565914,0.2175748828110099,0.6121232679140772,0.1051559143197074,0.9650651256081058,-0.0867607222059947,0.2138888142530931,1.5258237496975775,3.676675005824346,0.068380404068487,725.7377498602413,4,PIXELWISE_INDEX_THEN_CROWN_STATISTIC_THEN_MULTISTRIP_AGGREGATION,True,0.046288259126952,0.0354176378903267,0.1366871734249203,0.0192222157558345,0.0542866524519216,0.0063194998202573,0.0296859599134911,0.0738883911927124,0.5732337905129102,0.0188253365592592,0.4392857753385371,-0.2421584993198061,0.3135351058995013,SINGLE_STRIP,MODERATE,1,11,ALL_386_COMPLETE_TREE_LEVEL_INVENTORY,True,True,False,False,False,NO_ANOMALY,ISOLATED_DIRECT_WATER_ANOMALY,MODERATE,True,False,False,False,False,False,False,False,False,False,True,NO_CONCORDANT_BIOCHEMICAL_DECLINE,True,1.8591049134731288,1.4183470532298088,1.7071487426757812,0.151956170797348,24,1.0,PASS,,False,False,True,NO_LOW_STATURE_EVIDENCE,NONE,SCREENING_ANOMALY,NO_CONCORDANT_ANOMALY,NO_LOW_STATURE_EVIDENCE,False,False,False,False,True,False,True,True,3,0,NO_SUPPORTED_MAJOR_DOMAIN_ANOMALY,COMPLETE_3_OF_3,SCREENING_PRIORITY,"These are orchard-relative screening patterns and internal cross-domain corroboration. They do not establish causal diagnosis, disease identity, physiological drought, nutrient deficiency, or treatment need without independent field validation."
113,0.1937426033974054,0.0835362601544765,0.1861071770854352,0.0141815676301848,1.024093353430626,-0.1077605809788797,0.3946999293032746,2.569443765630626,4.896689656530924,0.002781204350945,722.1700668010988,4,PIXELWISE_INDEX_THEN_CROWN_STATISTIC_THEN_MULTISTRIP_AGGREGATION,True,0.0096711722499871,0.0055005020397286,0.0135053630689824,0.000513205535803,0.02105026628275,0.0033687439583698,0.0084069729853585,0.1239108135006212,0.505392201197771,0.0003596543494256,0.5721746721385443,0.0255002614946656,0.0410013821878704,MULTI_STRIP,HIGH,2,"11,12",ALL_386_COMPLETE_TREE_LEVEL_INVENTORY,True,False,True,True,True,ANOMALOUS_CONCORDANT,ISOLATED_DIRECT_WATER_ANOMALY,HIGH,True,True,True,True,True,True,True,True,True,True,True,STRONG_CONCORDANT_BIOCHEMICAL_DECLINE,True,0.3600173652172088,0.0721087455749511,,,9,1.0,WARN,surface cells < 20,True,False,False,LOW_STATURE_LAS_ONLY,SINGLE_MEASUREMENT,SCREENING_ANOMALY,SUPPORTED_ANOMALY,LOW_STATURE_LAS_ONLY,False,True,True,False,True,False,True,True,3,1,BIOCHEMICAL_ONLY,COMPLETE_3_OF_3,SINGLE_DOMAIN_PRIORITY,"These are orchard-relative screening patterns and internal cross-domain corroboration. They do not establish causal diagnosis, disease identity, physiological drought, nutrient deficiency, or treatment need without independent field validation."
115,0.6112194064178386,0.3404172264883551,1.1285745265770917,0.1397997898840949,1.1288399476819992,-0.0751697787799548,0.1094541234675,1.228858277912296,4.412418636460335,0.0972504161407003,726.6516491570079,3,PIXELWISE_INDEX_THEN_CROWN_STATISTIC_THEN_MULTISTRIP_AGGREGATION,True,0.018886695478752,0.0033348935589046,0.0267298671949582,0.0286984170999279,0.2202729835654523,0.0035788592509337,0.0049839551205724,0.0146484525853746,0.4131909263276703,0.0175177765713742,0.3152545140498084,-0.4527628567270021,0.4692624341336448,SINGLE_STRIP,MODERATE,1,10,ALL_386_COMPLETE_TREE_LEVEL_INVENTORY,True,False,False,False,False,NO_ANOMALY,NO_CONCORDANT_WATER_ANOMALY,MODERATE,True,False,False,False,False,False,False,False,False,False,True,NO_CONCORDANT_BIOCHEMICAL_DECLINE,True,2.5961628198623656,1.0363461375236511,2.5922042846679685,0.0039585351943971,103,1.0,PASS,,False,False,False,NO_LOW_STATURE_EVIDENCE,NONE,NO_CONCORDANT_ANOMALY,NO_CONCORDANT_ANOMALY,NO_LOW_STATURE_EVIDENCE,False,False,False,False,False,False,False,True,3,0,NO_SUPPORTED_MAJOR_DOMAIN_ANOMALY,COMPLETE_3_OF_3,NO_SUPPORTED_ANOMALY,"These are orchard-relative screening patterns and internal cross-domain corroboration. They do not establish causal diagnosis, disease identity, physiological drought, nutrient deficiency, or treatment need without independent field validation."
116,0.2042461416010198,0.0868225939659158,0.1979282250909505,0.0250843716179537,0.9356510164605414,-0.1090670903998015,0.3875483016139302,2.54209998401584,4.818646591544607,0.0099399415141302,723.6045130099048,4,PIXELWISE_INDEX_THEN_CROWN_STATISTIC_THEN_MULTISTRIP_AGGREGATION,True,0.0198279934929028,0.0117762070715601,0.0326094147085038,0.0117822961521172,0.0189034857314681,0.0016388311478067,0.0213999653567166,0.1255978044456223,0.5268784366346111,0.0074392417872897,0.6466783153026086,-0.0047134417583941,0.0593511405476426,MULTI_STRIP,HIGH,2,"11,12",ALL_386_COMPLETE_TREE_LEVEL_INVENTORY,True,True,True,True,True,ANOMALOUS_CONCORDANT,STRONG_INTERNAL_WATER_EVIDENCE,HIGH,True,True,True,True,True,True,True,True,True,True,True,STRONG_CONCORDANT_BIOCHEMICAL_DECLINE,True,1.4331260323524448,0.0340841189026832,0.2968971252441406,1.1362289071083045,24,1.0,PASS,,True,True,False,CORROBORATED_LOW_STRUCTURAL_STATURE,CORROBORATED,SUPPORTED_ANOMALY,SUPPORTED_ANOMALY,LOW_STATURE_CORROBORATED,True,True,True,True,False,False,False,True,3,3,WATER_BIOCHEMICAL_STRUCTURE,COMPLETE_3_OF_3,HIGH_MULTI_DOMAIN_PRIORITY,"These are orchard-relative screening patterns and internal cross-domain corroboration. They do not establish causal diagnosis, disease identity, physiological drought, nutrient deficiency, or treatment need without independent field validation."
117,0.6357589588416106,0.3627297630878133,1.2403228611928243,0.1216564653598935,1.0129151576721749,-0.080071783281328,0.1126300645371525,1.1914437525041404,5.466797415104586,0.0890160224936638,727.4783126502609,3,PIXELWISE_INDEX_THEN_CROWN_STATISTIC_THEN_MULTISTRIP_AGGREGATION,True,0.0037690799983486,0.0005854419931935,0.0238697673502999,0.003892924909166,0.0007774451258119,0.002268227648703,0.0019623255357605,0.0114082111412219,0.075499351090789,0.0029521057514088,0.2508747697475542,-0.4549504713179209,0.501312054603766,MULTI_STRIP,HIGH,2,"10,11",ALL_386_COMPLETE_TREE_LEVEL_INVENTORY,True,False,False,False,False,NO_ANOMALY,NO_CONCORDANT_WATER_ANOMALY,HIGH,True,False,False,False,False,False,False,False,False,True,True,NO_CONCORDANT_BIOCHEMICAL_DECLINE,True,2.5777199029922486,0.7020391821861267,2.536865234375,0.0408546686172486,92,1.0,PASS,,False,False,False,NO_LOW_STATURE_EVIDENCE,NONE,NO_CONCORDANT_ANOMALY,NO_CONCORDANT_ANOMALY,NO_LOW_STATURE_EVIDENCE,False,False,False,False,False,False,False,True,3,0,NO_SUPPORTED_MAJOR_DOMAIN_ANOMALY,COMPLETE_3_OF_3,NO_SUPPORTED_ANOMALY,"These are orchard-relative screening patterns and internal cross-domain corroboration. They do not establish causal diagnosis, disease identity, physiological drought, nutrient deficiency, or treatment need without independent field validation."
118,0.6281225738366156,0.3610521007694495,1.2341753135063604,0.1334577241701922,1.056921377116316,-0.0802107900532298,0.0984963621849195,1.201158360057716,3.3267232614592035,0.0989801107262626,727.0010829981459,3,PIXELWISE_INDEX_THEN_CROWN_STATISTIC_THEN_MULTISTRIP_AGGREGATION,True,0.0206771839686726,0.015008588003493,0.0797472806951747,0.0088475424545525,0.0016197635723093,0.0026610338754225,0.0128768296610369,0.0280233101193038,0.2757003492577619,0.0068365689916318,0.1365363911830854,-0.4531921630174169,0.4901873772960343,MULTI_STRIP,HIGH,2,"10,11",ALL_386_COMPLETE_TREE_LEVEL_INVENTORY,True,False,False,False,False,NO_ANOMALY,NO_CONCORDANT_WATER_ANOMALY,HIGH,True,False,False,False,False,False,False,False,False,False,True,NO_CONCORDANT_BIOCHEMICAL_DECLINE,True,1.9035953283309937,0.4973009824752807,1.749542236328125,0.1540530920028686,41,1.0,PASS,,False,False,False,NO_LOW_STATURE_EVIDENCE,NONE,NO_CONCORDANT_ANOMALY,NO_CONCORDANT_ANOMALY,NO_LOW_STATURE_EVIDENCE,False,False,False,False,False,False,False,True,3,0,NO_SUPPORTED_MAJOR_DOMAIN_ANOMALY,COMPLETE_3_OF_3,NO_SUPPORTED_ANOMALY,"These are orchard-relative screening patterns and internal cross-domain corroboration. They do not establish causal diagnosis, disease identity, physiological drought, nutrient deficiency, or treatment need without independent field validation."
119,0.6442161565256922,0.3609351994583673,1.2594214679565487,0.1658301428890957,0.9915185941102774,-0.0783640270097439,0.0972970533589223,1.235454223029275,3.714431889704936,0.1116009978467289,726.8866321019023,3,PIXELWISE_INDEX_THEN_CROWN_STATISTIC_THEN_MULTISTRIP_AGGREGATION,True,0.0241908100980371,0.0045746038048541,0.0448385209072699,0.0415111622055119,0.0547585070522028,0.004433040670025,0.0091287274118972,0.0327244088855559,0.4251809920319047,0.0227407399517442,0.4128895140318583,-0.3343420530189847,0.3633551311585306,MULTI_STRIP,HIGH,2,"10,11",ALL_386_COMPLETE_TREE_LEVEL_INVENTORY,True,False,False,False,False,NO_ANOMALY,NO_CONCORDANT_WATER_ANOMALY,HIGH,True,False,False,False,False,False,False,False,False,False,True,NO_CONCORDANT_BIOCHEMICAL_DECLINE,True,2.824483633041382,0.4941020011901855,2.732250213623047,0.0922334194183349,91,1.0,PASS,,False,False,False,NO_LOW_STATURE_EVIDENCE,NONE,NO_CONCORDANT_ANOMALY,NO_CONCORDANT_ANOMALY,NO_LOW_STATURE_EVIDENCE,False,False,False,False,False,False,False,True,3,0,NO_SUPPORTED_MAJOR_DOMAIN_ANOMALY,COMPLETE_3_OF_3,NO_SUPPORTED_ANOMALY,"These are orchard-relative screening patterns and internal cross-domain corroboration. They do not establish causal diagnosis, disease identity, physiological drought, nutrient deficiency, or treatment need without independent field validation."
122,0.3085731235577855,0.1556407476360801,0.3981059568095714,0.0535061664467493,0.953521425539578,-0.08382874093757,0.2952023940947719,1.87462910749534,5.498184185747034,0.0252251722082227,725.6240715396582,4,PIXELWISE_INDEX_THEN_CROWN_STATISTIC_THEN_MULTISTRIP_AGGREGATION,True,0.0038837181202481,0.0046882549531237,0.0081480447586517,0.0039077259816255,0.0286864687423611,1.632912868740344e-07,0.0029910636582141,0.0608052947458431,0.5850627280131735,0.0023140679699555,0.5742708442832622,-0.0487822212913093,0.1605250619115716,MULTI_STRIP,HIGH,2,"11,12",ALL_386_COMPLETE_TREE_LEVEL_INVENTORY,True,True,False,True,True,ANOMALOUS_CONCORDANT,SUPPORTED_WATER_STATUS_ANOMALY,HIGH,True,True,True,False,True,False,True,True,True,True,True,SENESCENCE_PIGMENT_ONLY,True,0.2992311894893646,0.0580902844667434,0.3329925537109375,-0.0337613642215728,9,1.0,WARN,surface cells < 20,True,True,False,CORROBORATED_LOW_STRUCTURAL_STATURE,CORROBORATED,SUPPORTED_ANOMALY,SCREENING_ANOMALY,LOW_STATURE_CORROBORATED,True,False,True,True,False,True,True,True,3,2,WATER_STRUCTURE_ONLY,COMPLETE_3_OF_3,MULTI_DOMAIN_PRIORITY,"These are orchard-relative screening patterns and internal cross-domain corroboration. They do not establish causal diagnosis, disease identity, physiological drought, nutrient deficiency, or treatment need without independent field validation."
123,0.6511523856760884,0.3529103790740074,1.1901460508955506,0.1937241735550394,0.985311737377124,-0.0843991864390693,0.08510178011336,1.2022483226927052,2.955274140467662,0.1283846265846579,726.4256150820387,3,PIXELWISE_INDEX_THEN_CROWN_STATISTIC_THEN_MULTISTRIP_AGGREGATION,True,0.0285443770466571,0.0069551529701409,0.0022651801680156,0.0354215273534937,0.0484290067841832,0.0001884448641548,0.0104485272159418,0.0373061032437373,0.4583753618961231,0.0226197855161971,0.0375047154660922,-0.4971616914986585,0.513620343954389,MULTI_STRIP,HIGH,2,"9,10",ALL_386_COMPLETE_TREE_LEVEL_INVENTORY,True,False,False,False,False,NO_ANOMALY,NO_CONCORDANT_WATER_ANOMALY,HIGH,True,False,False,False,False,False,False,False,False,False,True,NO_CONCORDANT_BIOCHEMICAL_DECLINE,True,2.687785339355469,0.6449941396713257,2.5864418029785154,0.1013435363769534,73,1.0,PASS,,False,False,False,NO_LOW_STATURE_EVIDENCE,NONE,NO_CONCORDANT_ANOMALY,NO_CONCORDANT_ANOMALY,NO_LOW_STATURE_EVIDENCE,False,False,False,False,False,False,False,True,3,0,NO_SUPPORTED_MAJOR_DOMAIN_ANOMALY,COMPLETE_3_OF_3,NO_SUPPORTED_ANOMALY,"These are orchard-relative screening patterns and internal cross-domain corroboration. They do not establish causal diagnosis, disease identity, physiological drought, nutrient deficiency, or treatment need without independent field validation."
124,0.520322933209145,0.2965980744586656,0.9830283414666904,0.094401269706894,1.017893529414834,-0.0912056292134896,0.1882705871781024,1.4707318925801158,5.107678085095345,0.0682188801648205,727.1442775511695,4,PIXELWISE_INDEX_THEN_CROWN_STATISTIC_THEN_MULTISTRIP_AGGREGATION,True,0.0074038470050626,0.008953164470216,0.0560938761398273,0.0022935350519346,0.0060163176573198,0.0019307946628207,0.0006981424505994,0.0129542503915477,0.3127008429063562,0.0005545017039266,0.3159657558866637,-0.3679193774138131,0.4198831442867127,MULTI_STRIP,HIGH,2,"10,11",ALL_386_COMPLETE_TREE_LEVEL_INVENTORY,True,False,True,False,False,NO_ANOMALY,NO_CONCORDANT_WATER_ANOMALY,HIGH,True,False,False,False,False,False,False,False,False,True,True,NO_CONCORDANT_BIOCHEMICAL_DECLINE,True,1.6961218178272246,1.0793162062764168,1.6445907592773437,0.0515310585498809,38,1.0,PASS,,False,False,False,NO_LOW_STATURE_EVIDENCE,NONE,NO_CONCORDANT_ANOMALY,NO_CONCORDANT_ANOMALY,NO_LOW_STATURE_EVIDENCE,False,False,False,False,False,False,False,True,3,0,NO_SUPPORTED_MAJOR_DOMAIN_ANOMALY,COMPLETE_3_OF_3,NO_SUPPORTED_ANOMALY,"These are orchard-relative screening patterns and internal cross-domain corroboration. They do not establish causal diagnosis, disease identity, physiological drought, nutrient deficiency, or treatment need without independent field validation."
125,0.4243613956639001,0.2204005155277325,0.6287942473300138,0.1134261794054424,0.9336731303520818,-0.0886234373140018,0.2129862080606211,1.5994697530555353,3.805780944314511,0.0728754824493975,725.7907790604772,4,PIXELWISE_INDEX_THEN_CROWN_STATISTIC_THEN_MULTISTRIP_AGGREGATION,True,0.0780105099869288,0.0389669684336138,0.1424174645013761,0.0436259342289513,0.0964459725982331,0.003617947896991,0.0392063374802874,0.1738435981454617,0.9165451918320912,0.0365489119445299,1.2187134065391985,-0.2454199553053792,0.3041919199908248,SINGLE_STRIP,MODERATE,1,11,ALL_386_COMPLETE_TREE_LEVEL_INVENTORY,True,True,False,False,False,NO_ANOMALY,ISOLATED_DIRECT_WATER_ANOMALY,MODERATE,True,False,False,False,False,False,False,False,False,False,True,NO_CONCORDANT_BIOCHEMICAL_DECLINE,True,2.716225266456604,1.910275496542453,2.0698867797851563,0.6463384866714477,46,1.0,PASS,,False,False,True,NO_LOW_STATURE_EVIDENCE,NONE,SCREENING_ANOMALY,NO_CONCORDANT_ANOMALY,NO_LOW_STATURE_EVIDENCE,False,False,False,False,True,False,True,True,3,0,NO_SUPPORTED_MAJOR_DOMAIN_ANOMALY,COMPLETE_3_OF_3,SCREENING_PRIORITY,"These are orchard-relative screening patterns and internal cross-domain corroboration. They do not establish causal diagnosis, disease identity, physiological drought, nutrient deficiency, or treatment need without independent field validation."
126,0.4638800715738772,0.2497341621191347,0.7090639671713744,0.1032510914784684,0.885837116401401,-0.0748616931258447,0.1887689854555368,1.4336940927207662,3.1298316737121894,0.077782115782049,726.7094978157517,4,PIXELWISE_INDEX_THEN_CROWN_STATISTIC_THEN_MULTISTRIP_AGGREGATION,True,0.1242171275496673,0.0753045661106033,0.2796889676899434,0.0379856529433647,0.0879611910085799,0.003149076847099,0.055812705090082,0.1891334957630543,1.2029236539203636,0.0457735074626277,1.0250286607619907,-0.1584514630898459,0.2510244740069586,SINGLE_STRIP,MODERATE,1,11,ALL_386_COMPLETE_TREE_LEVEL_INVENTORY,True,True,False,True,False,PARTIAL_DISCORDANT,SWIR_DISCORDANT_INSUFFICIENT_EVIDENCE,MODERATE,True,False,False,False,False,False,False,False,False,False,True,NO_CONCORDANT_BIOCHEMICAL_DECLINE,True,1.485444676876068,0.9008219540119172,1.6702529907226562,-0.1848083138465881,27,1.0,PASS,,True,False,False,LOW_STATURE_LAS_ONLY,SINGLE_MEASUREMENT,INCONCLUSIVE,NO_CONCORDANT_ANOMALY,LOW_STATURE_LAS_ONLY,False,False,True,False,False,False,False,True,3,0,NO_SUPPORTED_MAJOR_DOMAIN_ANOMALY,COMPLETE_3_OF_3,DATA_LIMITED_REVIEW,"These are orchard-relative screening patterns and internal cross-domain corroboration. They do not establish causal diagnosis, disease identity, physiological drought, nutrient deficiency, or treatment need without independent field validation."
127,0.3433626459387638,0.1703719524606427,0.4334223341289582,0.0814179649374239,0.9661890049685476,-0.0841319412935937,0.2485229411134049,1.7111084890202244,4.055486349017707,0.0459646622150162,724.5103365068428,4,PIXELWISE_INDEX_THEN_CROWN_STATISTIC_THEN_MULTISTRIP_AGGREGATION,True,0.0289538764464221,0.0124229618341942,0.0430773525827967,0.0202191285084593,0.0353299349503232,0.0003773998466811,0.0187531350839688,0.0573389453810873,0.5397327354575137,0.0151821687740809,0.0010951214724741,-0.1606176151713962,0.2256630446809684,MULTI_STRIP,HIGH,2,"11,12",ALL_386_COMPLETE_TREE_LEVEL_INVENTORY,True,True,False,True,True,ANOMALOUS_CONCORDANT,SUPPORTED_WATER_STATUS_ANOMALY,HIGH,True,True,True,True,True,True,True,True,True,False,True,CONCORDANT_BIOCHEMICAL_DECLINE,True,1.8699972331523893,0.3943080157041549,1.7113876342773438,0.1586095988750457,36,1.0,WARN,Upper-tail structural variability,False,False,False,NO_LOW_STATURE_EVIDENCE,NONE,SUPPORTED_ANOMALY,SUPPORTED_ANOMALY,NO_LOW_STATURE_EVIDENCE,True,True,False,False,False,False,False,True,3,2,WATER_BIOCHEMICAL_ONLY,COMPLETE_3_OF_3,MULTI_DOMAIN_PRIORITY,"These are orchard-relative screening patterns and internal cross-domain corroboration. They do not establish causal diagnosis, disease identity, physiological drought, nutrient deficiency, or treatment need without independent field validation."
128,0.6337877565377824,0.3655849145624299,1.247284560480196,0.1306773012187106,1.0376317453767532,-0.0823249052163642,0.0948766415463653,1.178666674046965,3.665687705474732,0.0957830077602538,727.1419896925279,3,PIXELWISE_INDEX_THEN_CROWN_STATISTIC_THEN_MULTISTRIP_AGGREGATION,True,0.0103062038886317,0.0046703606111715,0.0231454885805542,0.0035229926525844,0.0301394305486835,0.001934587684854,0.0083207874701858,0.0243025176844325,0.0621457189370902,0.0026407588452807,0.2022645964640901,-0.4604352458536361,0.4986778058908335,MULTI_STRIP,HIGH,2,"10,11",ALL_386_COMPLETE_TREE_LEVEL_INVENTORY,True,False,False,False,False,NO_ANOMALY,NO_CONCORDANT_WATER_ANOMALY,HIGH,True,False,False,False,False,False,False,False,False,False,True,NO_CONCORDANT_BIOCHEMICAL_DECLINE,True,1.9648600161075591,0.3486606478691101,1.802891540527344,0.1619684755802153,42,1.0,PASS,,False,False,False,NO_LOW_STATURE_EVIDENCE,NONE,NO_CONCORDANT_ANOMALY,NO_CONCORDANT_ANOMALY,NO_LOW_STATURE_EVIDENCE,False,False,False,False,False,False,False,True,3,0,NO_SUPPORTED_MAJOR_DOMAIN_ANOMALY,COMPLETE_3_OF_3,NO_SUPPORTED_ANOMALY,"These are orchard-relative screening patterns and internal cross-domain corroboration. They do not establish causal diagnosis, disease identity, physiological drought, nutrient deficiency, or treatment need without independent field validation."
129,0.6676859552829506,0.395877675164888,1.4487696872617273,0.1417294282554817,0.9872441855930676,-0.0753897261798494,0.0873095223483979,1.1958594182158115,3.25615506604074,0.102774582197315,727.3463659631155,3,PIXELWISE_INDEX_THEN_CROWN_STATISTIC_THEN_MULTISTRIP_AGGREGATION,True,0.021455402323066,0.0178254791615585,0.0909592358911403,0.0221746385736667,0.0313015339228825,0.0073357128095372,0.0167244710270201,0.0646672422616115,0.2073839894007262,0.0101145661846574,0.6371847194456459,-0.4765918105690067,0.4977246570875783,MULTI_STRIP,HIGH,2,"10,11",ALL_386_COMPLETE_TREE_LEVEL_INVENTORY,True,False,False,False,False,NO_ANOMALY,NO_CONCORDANT_WATER_ANOMALY,HIGH,True,False,False,False,False,False,False,False,False,False,True,NO_CONCORDANT_BIOCHEMICAL_DECLINE,True,2.7453990221023554,0.5841679275035858,2.181591796875,0.5638072252273556,78,1.0,PASS,,False,False,False,NO_LOW_STATURE_EVIDENCE,NONE,NO_CONCORDANT_ANOMALY,NO_CONCORDANT_ANOMALY,NO_LOW_STATURE_EVIDENCE,False,False,False,False,False,False,False,True,3,0,NO_SUPPORTED_MAJOR_DOMAIN_ANOMALY,COMPLETE_3_OF_3,NO_SUPPORTED_ANOMALY,"These are orchard-relative screening patterns and internal cross-domain corroboration. They do not establish causal diagnosis, disease identity, physiological drought, nutrient deficiency, or treatment need without independent field validation."
130,0.5024892077306209,0.2819135515684526,0.907588192762736,0.0964999263528945,1.024267861021865,-0.0946663129374738,0.1863717724508553,1.496272531639255,4.253142358863143,0.0689947778188407,726.4956053491973,4,PIXELWISE_INDEX_THEN_CROWN_STATISTIC_THEN_MULTISTRIP_AGGREGATION,True,0.0038520545207815,0.0068511088856043,0.0522541320853511,0.0081247874474863,0.0345780658949076,0.0004729184381126,0.0040713407485364,0.0509327588324967,0.184743028186169,0.0042621131004824,0.5842571096023903,-0.3372137769902507,0.3689413190550737,MULTI_STRIP,HIGH,2,"10,11",ALL_386_COMPLETE_TREE_LEVEL_INVENTORY,True,False,True,False,False,NO_ANOMALY,NO_CONCORDANT_WATER_ANOMALY,HIGH,True,False,False,False,False,False,False,False,False,False,True,NO_CONCORDANT_BIOCHEMICAL_DECLINE,True,1.6303437292575835,1.0284496396780014,1.4359893798828125,0.194354349374771,38,1.0,PASS,,True,False,False,LOW_STATURE_LAS_ONLY,SINGLE_MEASUREMENT,NO_CONCORDANT_ANOMALY,NO_CONCORDANT_ANOMALY,LOW_STATURE_LAS_ONLY,False,False,True,False,False,False,False,True,3,0,NO_SUPPORTED_MAJOR_DOMAIN_ANOMALY,COMPLETE_3_OF_3,NO_SUPPORTED_ANOMALY,"These are orchard-relative screening patterns and internal cross-domain corroboration. They do not establish causal diagnosis, disease identity, physiological drought, nutrient deficiency, or treatment need without independent field validation."
131,0.287141571726967,0.1436284244179408,0.3484181191058869,0.0577351133233025,0.9622230537077212,-0.0878279363292522,0.2990238538289324,1.893860143930354,4.502127158388179,0.0269790921343535,724.7436966267037,4,PIXELWISE_INDEX_THEN_CROWN_STATISTIC_THEN_MULTISTRIP_AGGREGATION,True,0.027570008076331,0.0246378598734736,0.0719866760233615,0.0043004533863572,0.0943683253006731,0.0038404874600831,0.0233912327188126,0.1416549351621182,0.2971986182192538,0.0053711958708206,0.9823364907122708,-0.0787082835429043,0.1705452610954502,SINGLE_STRIP,MODERATE,1,11,ALL_386_COMPLETE_TREE_LEVEL_INVENTORY,True,True,False,True,True,ANOMALOUS_CONCORDANT,SUPPORTED_WATER_STATUS_ANOMALY,MODERATE,True,True,True,True,True,True,True,True,True,False,True,CONCORDANT_BIOCHEMICAL_DECLINE,True,0.4998455584049222,0.1145346462726593,0.8260040283203125,-0.3261584699153902,10,1.0,WARN,surface cells < 20,True,True,False,CORROBORATED_LOW_STRUCTURAL_STATURE,CORROBORATED,SUPPORTED_ANOMALY,SUPPORTED_ANOMALY,LOW_STATURE_CORROBORATED,True,True,True,True,False,False,False,True,3,3,WATER_BIOCHEMICAL_STRUCTURE,COMPLETE_3_OF_3,HIGH_MULTI_DOMAIN_PRIORITY,"These are orchard-relative screening patterns and internal cross-domain corroboration. They do not establish causal diagnosis, disease identity, physiological drought, nutrient deficiency, or treatment need without independent field validation."
132,0.6995859959203407,0.3960165830000726,1.421415385177755,0.190300053532758,1.0541096738440845,-0.0788731786726634,0.0628629644578271,1.134398028396935,2.8210924453443345,0.1280712795598992,726.8933410496417,3,PIXELWISE_INDEX_THEN_CROWN_STATISTIC_THEN_MULTISTRIP_AGGREGATION,True,0.0176269139757445,0.0019977791231297,0.0354728111812734,0.0368375649721418,0.0243314298630268,0.0010867187994056,0.0034797481195026,0.0063843406614538,0.1488088053789045,0.0198883006141958,0.0585999201126485,-0.5336816174210709,0.5450423518869888,MULTI_STRIP,HIGH,2,"9,10",ALL_386_COMPLETE_TREE_LEVEL_INVENTORY,True,False,False,False,False,NO_ANOMALY,NO_CONCORDANT_WATER_ANOMALY,HIGH,True,False,False,False,False,False,False,False,False,False,True,NO_CONCORDANT_BIOCHEMICAL_DECLINE,True,2.359413242340088,0.5681577920913696,2.342898559570312,0.0165146827697757,117,1.0,PASS,,False,False,False,NO_LOW_STATURE_EVIDENCE,NONE,NO_CONCORDANT_ANOMALY,NO_CONCORDANT_ANOMALY,NO_LOW_STATURE_EVIDENCE,False,False,False,False,False,False,False,True,3,0,NO_SUPPORTED_MAJOR_DOMAIN_ANOMALY,COMPLETE_3_OF_3,NO_SUPPORTED_ANOMALY,"These are orchard-relative screening patterns and internal cross-domain corroboration. They do not establish causal diagnosis, disease identity, physiological drought, nutrient deficiency, or treatment need without independent field validation."
133,0.6133247963163047,0.354054172750537,1.1879247994928777,0.1261436863220604,1.0307446700676968,-0.0838680333574873,0.1071471971104812,1.2270312792167033,3.13578208023114,0.0966932710785296,726.7917240110153,3,PIXELWISE_INDEX_THEN_CROWN_STATISTIC_THEN_MULTISTRIP_AGGREGATION,True,0.0138799969444021,0.0056959787430142,0.0189533183454515,0.006054929739654,0.0159529048299331,0.0004504068728313,0.0094518819785878,0.0343880477517518,0.0499110345887869,0.0052088656825408,0.0180514158725486,-0.4421238920904815,0.4756523575285645,MULTI_STRIP,HIGH,2,"10,11",ALL_386_COMPLETE_TREE_LEVEL_INVENTORY,True,False,False,False,False,NO_ANOMALY,NO_CONCORDANT_WATER_ANOMALY,HIGH,True,False,False,False,False,False,False,False,False,False,True,NO_CONCORDANT_BIOCHEMICAL_DECLINE,True,2.4824779510498045,0.7324285507202148,2.3216484069824217,0.1608295440673828,69,1.0,PASS,,False,False,False,NO_LOW_STATURE_EVIDENCE,NONE,NO_CONCORDANT_ANOMALY,NO_CONCORDANT_ANOMALY,NO_LOW_STATURE_EVIDENCE,False,False,False,False,False,False,False,True,3,0,NO_SUPPORTED_MAJOR_DOMAIN_ANOMALY,COMPLETE_3_OF_3,NO_SUPPORTED_ANOMALY,"These are orchard-relative screening patterns and internal cross-domain corroboration. They do not establish causal diagnosis, disease identity, physiological drought, nutrient deficiency, or treatment need without independent field validation."
134,0.2696897229847823,0.1278349855859676,0.302281154616173,0.0543569610986097,0.9850236100915676,-0.0938198472885323,0.3123964193831657,1.9359546210696392,4.28946356719403,0.0246533082917535,724.745635479308,4,PIXELWISE_INDEX_THEN_CROWN_STATISTIC_THEN_MULTISTRIP_AGGREGATION,True,0.0101336629265404,0.0048999344332671,0.0149922475821503,0.0065080959983776,0.0595919115898282,0.0016560134039375,0.0051797042516504,0.0019133665523682,0.5122227039324669,0.0043503146437759,0.0725130028459375,-0.0688553630535783,0.1524668198684831,MULTI_STRIP,HIGH,2,"11,12",ALL_386_COMPLETE_TREE_LEVEL_INVENTORY,True,False,True,True,True,ANOMALOUS_CONCORDANT,ISOLATED_DIRECT_WATER_ANOMALY,HIGH,True,True,True,True,True,True,True,True,True,False,True,CONCORDANT_BIOCHEMICAL_DECLINE,True,0.4169429898262015,0.0503826141357421,0.217987060546875,0.1989559292793264,19,1.0,WARN,surface cells < 20,True,True,False,CORROBORATED_LOW_STRUCTURAL_STATURE,CORROBORATED,SCREENING_ANOMALY,SUPPORTED_ANOMALY,LOW_STATURE_CORROBORATED,False,True,True,True,True,False,True,True,3,2,BIOCHEMICAL_STRUCTURE_ONLY,COMPLETE_3_OF_3,MULTI_DOMAIN_PRIORITY,"These are orchard-relative screening patterns and internal cross-domain corroboration. They do not establish causal diagnosis, disease identity, physiological drought, nutrient deficiency, or treatment need without independent field validation."
135,0.308879063035423,0.1542005090171038,0.3726857417955003,0.0629628637379923,0.9972675486905213,-0.0893226763933307,0.2767612615523421,1.754416842487657,4.233987914638305,0.031170050643019,725.1725178286672,4,PIXELWISE_INDEX_THEN_CROWN_STATISTIC_THEN_MULTISTRIP_AGGREGATION,True,0.0118994601647638,0.008457773326324,0.0229757153469263,0.0022912714785843,0.0359932874837178,0.0016140681107539,0.0107161708034461,0.0772739391454812,0.318784344742119,0.001073084597401,0.5331992846683988,-0.1031461332100004,0.1835479170751008,MULTI_STRIP,HIGH,2,"11,12",ALL_386_COMPLETE_TREE_LEVEL_INVENTORY,True,False,True,True,True,ANOMALOUS_CONCORDANT,ISOLATED_DIRECT_WATER_ANOMALY,HIGH,True,True,True,True,True,True,True,True,True,False,True,CONCORDANT_BIOCHEMICAL_DECLINE,True,0.3370897114276885,0.0791692957282066,0.1669921875,0.1700975239276885,14,1.0,WARN,surface cells < 20,True,True,False,CORROBORATED_LOW_STRUCTURAL_STATURE,CORROBORATED,SCREENING_ANOMALY,SUPPORTED_ANOMALY,LOW_STATURE_CORROBORATED,False,True,True,True,True,False,True,True,3,2,BIOCHEMICAL_STRUCTURE_ONLY,COMPLETE_3_OF_3,MULTI_DOMAIN_PRIORITY,"These are orchard-relative screening patterns and internal cross-domain corroboration. They do not establish causal diagnosis, disease identity, physiological drought, nutrient deficiency, or treatment need without independent field validation."
136,0.6818507833127172,0.3902824485799117,1.3686603815733904,0.152649095504239,1.048712990362152,-0.081554753155179,0.0704291724066482,1.132403742904292,3.2702702906202177,0.1094519525912913,727.5013572866296,3,PIXELWISE_INDEX_THEN_CROWN_STATISTIC_THEN_MULTISTRIP_AGGREGATION,True,0.0237621118122078,0.0199249114471024,0.1149017086598699,0.0044372196277043,0.0238417794645174,8.384204029791842e-05,0.0142037250776678,0.0196790916158218,0.1708780898787816,0.0026691525859364,0.3050228350412567,-0.567047071736131,0.5809351106040168,MULTI_STRIP,HIGH,2,"10,11",ALL_386_COMPLETE_TREE_LEVEL_INVENTORY,True,False,False,False,False,NO_ANOMALY,NO_CONCORDANT_WATER_ANOMALY,HIGH,True,False,False,False,False,False,False,False,False,False,True,NO_CONCORDANT_BIOCHEMICAL_DECLINE,True,2.4404481410980225,0.4993793964385986,2.2990966796875,0.1413514614105224,75,1.0,PASS,,False,False,False,NO_LOW_STATURE_EVIDENCE,NONE,NO_CONCORDANT_ANOMALY,NO_CONCORDANT_ANOMALY,NO_LOW_STATURE_EVIDENCE,False,False,False,False,False,False,False,True,3,0,NO_SUPPORTED_MAJOR_DOMAIN_ANOMALY,COMPLETE_3_OF_3,NO_SUPPORTED_ANOMALY,"These are orchard-relative screening patterns and internal cross-domain corroboration. They do not establish causal diagnosis, disease identity, physiological drought, nutrient deficiency, or treatment need without independent field validation."
137,0.5218410338323504,0.2900117775971969,0.8491245580869052,0.1123880856912065,1.0250144062335536,-0.0851020541335032,0.1454556624785442,1.2890994298693532,3.6606360587440383,0.0828006581124987,727.1977426868262,3,PIXELWISE_INDEX_THEN_CROWN_STATISTIC_THEN_MULTISTRIP_AGGREGATION,True,0.0084828903636524,0.0045119171769021,0.0254195307974808,0.0020876717275376,0.0003618359377124,0.0018511996797955,0.0038094063529989,0.0020011626085939,0.2840054819997422,0.0033960696011662,0.6382221274883477,-0.338314923312032,0.3955979528587228,MULTI_STRIP,HIGH,2,"10,11",ALL_386_COMPLETE_TREE_LEVEL_INVENTORY,True,False,False,False,False,NO_ANOMALY,NO_CONCORDANT_WATER_ANOMALY,HIGH,True,False,False,False,False,False,False,False,False,False,True,NO_CONCORDANT_BIOCHEMICAL_DECLINE,True,1.8870821952819825,0.4438459873199463,0.2910003662109375,1.596081829071045,17,1.0,WARN,surface cells < 20,False,True,False,NO_LOW_STATURE_EVIDENCE,NONE,NO_CONCORDANT_ANOMALY,NO_CONCORDANT_ANOMALY,NO_LOW_STATURE_EVIDENCE,False,False,False,False,False,False,False,True,3,0,NO_SUPPORTED_MAJOR_DOMAIN_ANOMALY,COMPLETE_3_OF_3,NO_SUPPORTED_ANOMALY,"These are orchard-relative screening patterns and internal cross-domain corroboration. They do not establish causal diagnosis, disease identity, physiological drought, nutrient deficiency, or treatment need without independent field validation."
138,0.6109728489433337,0.3438728412192688,1.1347523093507028,0.1401957829311434,1.025473944375289,-0.0908210909794496,0.1200327737330298,1.2515305103091643,3.392417787939136,0.1059252804005642,727.1954244840018,4,PIXELWISE_INDEX_THEN_CROWN_STATISTIC_THEN_MULTISTRIP_AGGREGATION,True,0.0032156067016081,0.0025340937928091,0.0315714640201862,0.0037441620608224,0.0160678927912606,0.0010209708786232,0.0040263177959144,0.0296657317970501,0.0861212834239759,0.002426439651428,0.3152766290950239,-0.4442245542191868,0.4797938862096802,MULTI_STRIP,HIGH,2,"10,11",ALL_386_COMPLETE_TREE_LEVEL_INVENTORY,True,False,True,False,False,NO_ANOMALY,NO_CONCORDANT_WATER_ANOMALY,HIGH,True,False,False,False,False,False,False,False,False,False,True,NO_CONCORDANT_BIOCHEMICAL_DECLINE,True,2.5314270496368407,0.7268967032432556,2.465586853027344,0.0658401966094968,78,1.0,PASS,,False,False,False,NO_LOW_STATURE_EVIDENCE,NONE,NO_CONCORDANT_ANOMALY,NO_CONCORDANT_ANOMALY,NO_LOW_STATURE_EVIDENCE,False,False,False,False,False,False,False,True,3,0,NO_SUPPORTED_MAJOR_DOMAIN_ANOMALY,COMPLETE_3_OF_3,NO_SUPPORTED_ANOMALY,"These are orchard-relative screening patterns and internal cross-domain corroboration. They do not establish causal diagnosis, disease identity, physiological drought, nutrient deficiency, or treatment need without independent field validation."
139,0.604900999886651,0.314314762934392,0.955920725375696,0.1688634088562155,1.0384486177136576,-0.0803594189967054,0.0959232658274803,1.1851468540447665,3.8887685292613705,0.1123037590110415,725.8926412700935,3,PIXELWISE_INDEX_THEN_CROWN_STATISTIC_THEN_MULTISTRIP_AGGREGATION,True,0.023691569264107,9.963761574138807e-06,0.0078335629012732,0.0388383569792741,0.0386513841730383,0.0009041518841952,0.0055291301291113,0.0115502065684318,0.5226555096922156,0.02510223793214,0.8397684406011763,-0.482828977578386,0.51701768892519,MULTI_STRIP,HIGH,2,"9,10",ALL_386_COMPLETE_TREE_LEVEL_INVENTORY,True,False,False,False,False,NO_ANOMALY,NO_CONCORDANT_WATER_ANOMALY,HIGH,True,False,False,False,False,False,False,False,False,False,True,NO_CONCORDANT_BIOCHEMICAL_DECLINE,True,2.272899866104126,1.1710675358772278,2.1470870971679688,0.1258127689361572,61,1.0,PASS,,False,False,False,NO_LOW_STATURE_EVIDENCE,NONE,NO_CONCORDANT_ANOMALY,NO_CONCORDANT_ANOMALY,NO_LOW_STATURE_EVIDENCE,False,False,False,False,False,False,False,True,3,0,NO_SUPPORTED_MAJOR_DOMAIN_ANOMALY,COMPLETE_3_OF_3,NO_SUPPORTED_ANOMALY,"These are orchard-relative screening patterns and internal cross-domain corroboration. They do not establish causal diagnosis, disease identity, physiological drought, nutrient deficiency, or treatment need without independent field validation."
141,0.6938698380291584,0.3996778688554588,1.4036201141692546,0.1345087834824342,1.0330409952597086,-0.080355908303221,0.0763747678224093,1.1149830606436717,5.377283631484881,0.0962283499543265,728.1905693544451,3,PIXELWISE_INDEX_THEN_CROWN_STATISTIC_THEN_MULTISTRIP_AGGREGATION,True,0.0009037759807575,0.0011816190569181,0.0020785354139892,0.0024665283581449,0.0132455996664727,0.0015730395836045,0.0039469353234785,0.0041206402841827,0.0712808345310054,0.0019366767251457,0.1405774684051266,-0.5345332415362256,0.5690131553369796,MULTI_STRIP,HIGH,2,"10,11",ALL_386_COMPLETE_TREE_LEVEL_INVENTORY,True,False,False,False,False,NO_ANOMALY,NO_CONCORDANT_WATER_ANOMALY,HIGH,True,False,False,False,False,False,False,False,False,True,True,NO_CONCORDANT_BIOCHEMICAL_DECLINE,True,2.5524098396301267,0.5513941049575806,2.649183654785156,-0.0967738151550294,93,1.0,PASS,,False,False,False,NO_LOW_STATURE_EVIDENCE,NONE,NO_CONCORDANT_ANOMALY,NO_CONCORDANT_ANOMALY,NO_LOW_STATURE_EVIDENCE,False,False,False,False,False,False,False,True,3,0,NO_SUPPORTED_MAJOR_DOMAIN_ANOMALY,COMPLETE_3_OF_3,NO_SUPPORTED_ANOMALY,"These are orchard-relative screening patterns and internal cross-domain corroboration. They do not establish causal diagnosis, disease identity, physiological drought, nutrient deficiency, or treatment need without independent field validation."
142,0.4739911774184786,0.2348296064158063,0.6256066991120055,0.1287967027161364,1.0129593599205986,-0.0861898353843978,0.1925108800147396,1.3567302300621984,4.670520342607029,0.0853063142256814,725.6911817391101,3,PIXELWISE_INDEX_THEN_CROWN_STATISTIC_THEN_MULTISTRIP_AGGREGATION,True,0.0235843556491667,0.0120227119939945,0.0440876273717888,0.020300852396891,0.0872908412546861,0.0017773835972942,0.0166268991880559,0.038829686427829,0.54982538825577,0.0170268202654724,0.0945657439696674,-0.3800775064878541,0.4340803052834732,MULTI_STRIP,HIGH,2,"9,10",ALL_386_COMPLETE_TREE_LEVEL_INVENTORY,True,False,False,False,False,NO_ANOMALY,NO_CONCORDANT_WATER_ANOMALY,HIGH,True,False,False,False,False,False,False,False,False,True,True,NO_CONCORDANT_BIOCHEMICAL_DECLINE,True,1.5734423398971558,0.5889577865600586,,,9,1.0,WARN,surface cells < 20,True,False,False,LOW_STATURE_LAS_ONLY,SINGLE_MEASUREMENT,NO_CONCORDANT_ANOMALY,NO_CONCORDANT_ANOMALY,LOW_STATURE_LAS_ONLY,False,False,True,False,False,False,False,True,3,0,NO_SUPPORTED_MAJOR_DOMAIN_ANOMALY,COMPLETE_3_OF_3,NO_SUPPORTED_ANOMALY,"These are orchard-relative screening patterns and internal cross-domain corroboration. They do not establish causal diagnosis, disease identity, physiological drought, nutrient deficiency, or treatment need without independent field validation."
143,0.5890532280875129,0.3182959673801543,0.9657316389421032,0.1586804930252107,0.973145632996272,-0.0838849706151712,0.1145909059379942,1.2050412655403444,3.9766574295330415,0.1149468212706651,726.3437434705797,3,PIXELWISE_INDEX_THEN_CROWN_STATISTIC_THEN_MULTISTRIP_AGGREGATION,True,0.0117296746062435,7.042078039171118e-05,0.0047373042381202,0.0198901933660465,0.0032944942006742,0.0074900714233762,0.0005950251714272,0.0031173232071474,0.5002413585044103,0.016466960160154,0.1200337768616464,-0.470486519430283,0.5082798567427144,MULTI_STRIP,HIGH,2,"9,10",ALL_386_COMPLETE_TREE_LEVEL_INVENTORY,True,True,False,False,False,NO_ANOMALY,ISOLATED_DIRECT_WATER_ANOMALY,HIGH,True,False,False,False,False,False,False,False,False,False,True,NO_CONCORDANT_BIOCHEMICAL_DECLINE,True,2.402861368656158,0.2005926072597503,1.871894073486328,0.5309672951698305,38,1.0,PASS,,False,False,False,NO_LOW_STATURE_EVIDENCE,NONE,SCREENING_ANOMALY,NO_CONCORDANT_ANOMALY,NO_LOW_STATURE_EVIDENCE,False,False,False,False,True,False,True,True,3,0,NO_SUPPORTED_MAJOR_DOMAIN_ANOMALY,COMPLETE_3_OF_3,SCREENING_PRIORITY,"These are orchard-relative screening patterns and internal cross-domain corroboration. They do not establish causal diagnosis, disease identity, physiological drought, nutrient deficiency, or treatment need without independent field validation."
145,0.5474174103106677,0.3129021325074471,1.0505990586151768,0.1074927249564181,1.0239221378316512,-0.0847624909268365,0.1698303074345965,1.3838158715287554,4.554682399854318,0.0793741919481226,726.8655832938459,3,PIXELWISE_INDEX_THEN_CROWN_STATISTIC_THEN_MULTISTRIP_AGGREGATION,True,0.0176405869462656,0.0114359974955876,0.0416803189335076,0.0038682362935265,0.0318423398844134,0.0004091223410271,0.0117528889325877,0.0426544355213871,0.0104964110454797,0.0048043016692225,0.1767670655132178,-0.3653087531888719,0.4257629439848965,MULTI_STRIP,HIGH,2,"10,11",ALL_386_COMPLETE_TREE_LEVEL_INVENTORY,True,False,False,False,False,NO_ANOMALY,NO_CONCORDANT_WATER_ANOMALY,HIGH,True,False,False,False,False,False,False,False,False,True,True,NO_CONCORDANT_BIOCHEMICAL_DECLINE,True,2.397896707057953,0.75921431183815,2.3283950805664064,0.0695016264915464,50,1.0,PASS,,False,False,False,NO_LOW_STATURE_EVIDENCE,NONE,NO_CONCORDANT_ANOMALY,NO_CONCORDANT_ANOMALY,NO_LOW_STATURE_EVIDENCE,False,False,False,False,False,False,False,True,3,0,NO_SUPPORTED_MAJOR_DOMAIN_ANOMALY,COMPLETE_3_OF_3,NO_SUPPORTED_ANOMALY,"These are orchard-relative screening patterns and internal cross-domain corroboration. They do not establish causal diagnosis, disease identity, physiological drought, nutrient deficiency, or treatment need without independent field validation."
146,0.3377766464951039,0.1710879295088576,0.4317081557505723,0.075709286979256,0.9871859990392048,-0.081328276929405,0.2534797964370686,1.724804843467972,3.959189536035985,0.0427766976027906,725.1478459414034,4,PIXELWISE_INDEX_THEN_CROWN_STATISTIC_THEN_MULTISTRIP_AGGREGATION,True,0.0138048427538194,0.0064486654394979,0.0245372613052417,0.0132488250465362,0.0158372516592422,0.0041569588092547,0.0099337893934653,0.002491962677124,0.5688336949875619,0.0103611796971465,1.2040724799655322,-0.1588187827393525,0.2401037236149186,MULTI_STRIP,HIGH,2,"11,12",ALL_386_COMPLETE_TREE_LEVEL_INVENTORY,True,False,False,True,True,ANOMALOUS_CONCORDANT,ISOLATED_DIRECT_WATER_ANOMALY,HIGH,True,True,True,True,True,True,True,True,True,False,True,CONCORDANT_BIOCHEMICAL_DECLINE,True,1.982643246650696,1.3852208778262138,1.9302040100097653,0.0524392366409303,26,1.0,PASS,,False,False,False,NO_LOW_STATURE_EVIDENCE,NONE,SCREENING_ANOMALY,SUPPORTED_ANOMALY,NO_LOW_STATURE_EVIDENCE,False,True,False,False,True,False,True,True,3,1,BIOCHEMICAL_ONLY,COMPLETE_3_OF_3,SINGLE_DOMAIN_PRIORITY,"These are orchard-relative screening patterns and internal cross-domain corroboration. They do not establish causal diagnosis, disease identity, physiological drought, nutrient deficiency, or treatment need without independent field validation."
147,0.6630992664280462,0.3799140929995436,1.323273459636372,0.1534754333965836,1.0482268238669774,-0.08304377082843,0.0857059501965035,1.172631326313169,2.9977307931337287,0.1140999229000492,726.8856560496606,3,PIXELWISE_INDEX_THEN_CROWN_STATISTIC_THEN_MULTISTRIP_AGGREGATION,True,0.0077617917240954,0.0072268938178684,0.0549473407578611,0.0053321187155844,0.0585031559440947,0.0037209989424991,0.0039310321596629,0.002417659210546,0.2207485304368992,0.0040453940297122,0.3366687482188695,-0.5345373910246952,0.5575347920130248,MULTI_STRIP,HIGH,2,"10,11",ALL_386_COMPLETE_TREE_LEVEL_INVENTORY,True,False,False,False,False,NO_ANOMALY,NO_CONCORDANT_WATER_ANOMALY,HIGH,True,False,False,False,False,False,False,False,False,False,True,NO_CONCORDANT_BIOCHEMICAL_DECLINE,True,2.5845609664917,0.7533832788467407,2.62919921875,-0.0446382522583004,85,1.0,PASS,,False,False,False,NO_LOW_STATURE_EVIDENCE,NONE,NO_CONCORDANT_ANOMALY,NO_CONCORDANT_ANOMALY,NO_LOW_STATURE_EVIDENCE,False,False,False,False,False,False,False,True,3,0,NO_SUPPORTED_MAJOR_DOMAIN_ANOMALY,COMPLETE_3_OF_3,NO_SUPPORTED_ANOMALY,"These are orchard-relative screening patterns and internal cross-domain corroboration. They do not establish causal diagnosis, disease identity, physiological drought, nutrient deficiency, or treatment need without independent field validation."
148,0.5694118533276686,0.3033728022231162,0.8953789945824552,0.1344947808740867,0.9508825850106292,-0.0757892400485221,0.1118791612707145,1.2052959981333835,4.371926875938539,0.0891658280720086,727.5404372693364,3,PIXELWISE_INDEX_THEN_CROWN_STATISTIC_THEN_MULTISTRIP_AGGREGATION,True,0.0372595383696619,0.0085839452107738,0.0408127800861193,0.042896338460571,0.0484437521244096,0.0078038960989236,0.0164459170877816,0.0323388240937454,1.170997451901175,0.0336722365444596,1.905815530070568,-0.5018688572304286,0.52205190722095,MULTI_STRIP,HIGH,2,"9,10",ALL_386_COMPLETE_TREE_LEVEL_INVENTORY,True,True,False,False,False,NO_ANOMALY,ISOLATED_DIRECT_WATER_ANOMALY,HIGH,True,False,False,False,False,False,False,False,False,False,True,NO_CONCORDANT_BIOCHEMICAL_DECLINE,True,2.1763452768325804,0.6845440566539764,2.0286964416503905,0.1476488351821898,48,1.0,PASS,,False,False,False,NO_LOW_STATURE_EVIDENCE,NONE,SCREENING_ANOMALY,NO_CONCORDANT_ANOMALY,NO_LOW_STATURE_EVIDENCE,False,False,False,False,True,False,True,True,3,0,NO_SUPPORTED_MAJOR_DOMAIN_ANOMALY,COMPLETE_3_OF_3,SCREENING_PRIORITY,"These are orchard-relative screening patterns and internal cross-domain corroboration. They do not establish causal diagnosis, disease identity, physiological drought, nutrient deficiency, or treatment need without independent field validation."
149,0.353119300722377,0.1711915500029561,0.4379878167183846,0.0799748772383855,0.9523723661710412,-0.0937357912550508,0.256657958750025,1.7392612714189064,4.661090044528036,0.0448416167126271,724.920357406896,4,PIXELWISE_INDEX_THEN_CROWN_STATISTIC_THEN_MULTISTRIP_AGGREGATION,True,0.0063295718354707,0.0002075349577907,0.0076492115729114,0.0098163893880246,0.0147122061366086,0.0023149019196761,0.0034948059074094,0.0633686847343768,0.4095240292495332,0.0066435006532929,1.2642170162228012,-0.1627109308973621,0.2191206771821327,MULTI_STRIP,HIGH,2,"11,12",ALL_386_COMPLETE_TREE_LEVEL_INVENTORY,True,True,True,True,True,ANOMALOUS_CONCORDANT,STRONG_INTERNAL_WATER_EVIDENCE,HIGH,True,True,True,True,True,True,True,True,True,True,True,STRONG_CONCORDANT_BIOCHEMICAL_DECLINE,True,1.552360475063324,0.9305608011782168,0.2740020751953125,1.2783583998680117,36,1.0,PASS,,True,True,False,CORROBORATED_LOW_STRUCTURAL_STATURE,CORROBORATED,SUPPORTED_ANOMALY,SUPPORTED_ANOMALY,LOW_STATURE_CORROBORATED,True,True,True,True,False,False,False,True,3,3,WATER_BIOCHEMICAL_STRUCTURE,COMPLETE_3_OF_3,HIGH_MULTI_DOMAIN_PRIORITY,"These are orchard-relative screening patterns and internal cross-domain corroboration. They do not establish causal diagnosis, disease identity, physiological drought, nutrient deficiency, or treatment need without independent field validation."
150,0.2879419138605856,0.1505673367726953,0.3791659393109722,0.053498270544768,0.9375778318917336,-0.0911661707057053,0.2947395216384234,1.9054855572197429,4.35632384043288,0.025672811646975,725.1725853020371,4,PIXELWISE_INDEX_THEN_CROWN_STATISTIC_THEN_MULTISTRIP_AGGREGATION,True,0.0099322141404849,0.0055342508404879,0.0149203880519939,0.0053202045326302,0.0439362487814394,0.0008288489173951,0.0106959610297571,0.0615695764397313,0.4509289832645089,0.0050033563106566,0.6136868220933138,-0.0889295902094257,0.1550728533856187,MULTI_STRIP,HIGH,2,"11,12",ALL_386_COMPLETE_TREE_LEVEL_INVENTORY,True,True,True,True,True,ANOMALOUS_CONCORDANT,STRONG_INTERNAL_WATER_EVIDENCE,HIGH,True,True,True,True,True,True,True,True,True,False,True,CONCORDANT_BIOCHEMICAL_DECLINE,True,1.4129887223243711,0.0416634678840637,0.2868026733398437,1.1261860489845277,16,1.0,WARN,surface cells < 20,True,True,False,CORROBORATED_LOW_STRUCTURAL_STATURE,CORROBORATED,SUPPORTED_ANOMALY,SUPPORTED_ANOMALY,LOW_STATURE_CORROBORATED,True,True,True,True,False,False,False,True,3,3,WATER_BIOCHEMICAL_STRUCTURE,COMPLETE_3_OF_3,HIGH_MULTI_DOMAIN_PRIORITY,"These are orchard-relative screening patterns and internal cross-domain corroboration. They do not establish causal diagnosis, disease identity, physiological drought, nutrient deficiency, or treatment need without independent field validation."
152,0.5755657581108446,0.3422845175082211,1.0942039392217453,0.0891660327537138,1.0103960086116366,-0.0905705980711422,0.1584170330011444,1.2715320992191066,5.734448764442209,0.069834049447422,728.5853680718735,4,PIXELWISE_INDEX_THEN_CROWN_STATISTIC_THEN_MULTISTRIP_AGGREGATION,True,0.0244848580760899,0.0124797777346597,0.0380799696438085,0.0082200836452029,0.0042951651319687,0.0003954147785528,0.0149249056145646,0.0564743106885798,0.1052465130539532,0.0066220843708416,0.5461774275309494,-0.3953428226057899,0.4566674688183821,MULTI_STRIP,HIGH,2,"10,11",ALL_386_COMPLETE_TREE_LEVEL_INVENTORY,True,False,True,False,False,NO_ANOMALY,NO_CONCORDANT_WATER_ANOMALY,HIGH,True,False,False,False,False,False,False,False,False,True,True,NO_CONCORDANT_BIOCHEMICAL_DECLINE,True,2.2662393569946286,0.2948283851146698,2.237688446044922,0.0285509109497068,24,1.0,PASS,,False,False,False,NO_LOW_STATURE_EVIDENCE,NONE,NO_CONCORDANT_ANOMALY,NO_CONCORDANT_ANOMALY,NO_LOW_STATURE_EVIDENCE,False,False,False,False,False,False,False,True,3,0,NO_SUPPORTED_MAJOR_DOMAIN_ANOMALY,COMPLETE_3_OF_3,NO_SUPPORTED_ANOMALY,"These are orchard-relative screening patterns and internal cross-domain corroboration. They do not establish causal diagnosis, disease identity, physiological drought, nutrient deficiency, or treatment need without independent field validation."
153,0.6819628731839165,0.4200698732109184,1.5956669551363896,0.1233314816501574,1.0264343612434084,-0.0718128028832897,0.0679675203393623,1.138055148454178,3.7239893836364577,0.0939191085744313,728.3452252539801,3,PIXELWISE_INDEX_THEN_CROWN_STATISTIC_THEN_MULTISTRIP_AGGREGATION,True,0.0078441722405769,0.0012054302475388,0.0122864755887437,0.0138663267075064,0.0455495908553066,6.900163847544345e-05,0.001377899799959,0.0034532444792964,0.2857083850631757,0.0101378810350037,0.006016934442156,-0.5321665200834869,0.5428996121429813,MULTI_STRIP,HIGH,2,"9,10",ALL_386_COMPLETE_TREE_LEVEL_INVENTORY,True,False,False,False,False,NO_ANOMALY,NO_CONCORDANT_WATER_ANOMALY,HIGH,True,False,False,False,False,False,False,False,False,False,True,NO_CONCORDANT_BIOCHEMICAL_DECLINE,True,2.179658710956573,0.3034518659114837,2.1263900756835934,0.05326863527298,110,1.0,PASS,,False,False,False,NO_LOW_STATURE_EVIDENCE,NONE,NO_CONCORDANT_ANOMALY,NO_CONCORDANT_ANOMALY,NO_LOW_STATURE_EVIDENCE,False,False,False,False,False,False,False,True,3,0,NO_SUPPORTED_MAJOR_DOMAIN_ANOMALY,COMPLETE_3_OF_3,NO_SUPPORTED_ANOMALY,"These are orchard-relative screening patterns and internal cross-domain corroboration. They do not establish causal diagnosis, disease identity, physiological drought, nutrient deficiency, or treatment need without independent field validation."
154,0.5877259630481616,0.3350178201919531,1.0764139090867944,0.1020414869175769,0.996201994953674,-0.0829186974095252,0.1391055113042778,1.26441762374898,5.98414596640532,0.0747213389094175,728.2039472246165,3,PIXELWISE_INDEX_THEN_CROWN_STATISTIC_THEN_MULTISTRIP_AGGREGATION,True,0.0087694160546663,0.0047816620460902,0.0219606022014052,0.0007098502057178,0.0528870462269462,0.0026800470795604,0.0038639809694548,0.0118337777578528,0.2873821213508098,0.000911999891485,0.1227034460306981,-0.4331584453922263,0.4776768320267213,MULTI_STRIP,HIGH,2,"10,11",ALL_386_COMPLETE_TREE_LEVEL_INVENTORY,True,False,False,False,False,NO_ANOMALY,NO_CONCORDANT_WATER_ANOMALY,HIGH,True,False,False,False,False,False,False,False,False,True,True,NO_CONCORDANT_BIOCHEMICAL_DECLINE,True,1.846731400489807,0.6294176578521729,2.0763900756835936,-0.2296586751937865,49,1.0,PASS,,False,False,False,NO_LOW_STATURE_EVIDENCE,NONE,NO_CONCORDANT_ANOMALY,NO_CONCORDANT_ANOMALY,NO_LOW_STATURE_EVIDENCE,False,False,False,False,False,False,False,True,3,0,NO_SUPPORTED_MAJOR_DOMAIN_ANOMALY,COMPLETE_3_OF_3,NO_SUPPORTED_ANOMALY,"These are orchard-relative screening patterns and internal cross-domain corroboration. They do not establish causal diagnosis, disease identity, physiological drought, nutrient deficiency, or treatment need without independent field validation."
155,0.4180113189972307,0.2153621332371201,0.6148122022708227,0.1021220036066902,1.037877270732367,-0.0986220562973618,0.2254050663343017,1.6420569742059408,3.923697481256714,0.0664307165294502,724.1990229311882,4,PIXELWISE_INDEX_THEN_CROWN_STATISTIC_THEN_MULTISTRIP_AGGREGATION,True,0.0254958561778973,0.0196911090810331,0.080345110220603,0.0046534624196034,0.0918636765318451,0.0023279157992445,0.0173780626766597,0.0483012343890278,0.1333411511798596,0.004967795059343,0.2624484568869434,-0.2606785524605375,0.3048739844943398,SINGLE_STRIP,MODERATE,1,11,ALL_386_COMPLETE_TREE_LEVEL_INVENTORY,True,False,True,False,False,NO_ANOMALY,NO_CONCORDANT_WATER_ANOMALY,MODERATE,True,False,False,True,False,False,False,False,False,False,True,NO_CONCORDANT_BIOCHEMICAL_DECLINE,True,2.1704338788986206,0.5663048624992371,1.1169891357421875,1.053444743156433,27,1.0,PASS,,False,True,False,NO_LOW_STATURE_EVIDENCE,NONE,NO_CONCORDANT_ANOMALY,NO_CONCORDANT_ANOMALY,NO_LOW_STATURE_EVIDENCE,False,False,False,False,False,False,False,True,3,0,NO_SUPPORTED_MAJOR_DOMAIN_ANOMALY,COMPLETE_3_OF_3,NO_SUPPORTED_ANOMALY,"These are orchard-relative screening patterns and internal cross-domain corroboration. They do not establish causal diagnosis, disease identity, physiological drought, nutrient deficiency, or treatment need without independent field validation."
156,0.5404383090176876,0.2670863726413003,0.7558697084612683,0.1760489937566858,0.9630508577925948,-0.0835070071478809,0.1317448135070471,1.2630027579444678,3.92843486316004,0.117360327230378,725.9689756281807,3,PIXELWISE_INDEX_THEN_CROWN_STATISTIC_THEN_MULTISTRIP_AGGREGATION,True,0.0280504915597178,0.0004925635794673,0.0047890248010922,0.0420851407128324,0.0308759872655559,0.0005498930310226,0.0058607541271674,0.0319847444787321,0.7804616212546687,0.0296745617857219,1.254658815029586,-0.4294861996827641,0.4601771245632411,SINGLE_STRIP,MODERATE,1,10,ALL_386_COMPLETE_TREE_LEVEL_INVENTORY,True,True,False,False,False,NO_ANOMALY,ISOLATED_DIRECT_WATER_ANOMALY,MODERATE,True,False,False,False,False,False,False,False,False,False,True,NO_CONCORDANT_BIOCHEMICAL_DECLINE,True,2.4356194496154786,1.1592522859573364,2.2351089477539063,0.2005105018615722,37,1.0,PASS,,False,False,False,NO_LOW_STATURE_EVIDENCE,NONE,SCREENING_ANOMALY,NO_CONCORDANT_ANOMALY,NO_LOW_STATURE_EVIDENCE,False,False,False,False,True,False,True,True,3,0,NO_SUPPORTED_MAJOR_DOMAIN_ANOMALY,COMPLETE_3_OF_3,SCREENING_PRIORITY,"These are orchard-relative screening patterns and internal cross-domain corroboration. They do not establish causal diagnosis, disease identity, physiological drought, nutrient deficiency, or treatment need without independent field validation."
157,0.2823383833194984,0.1400748676211084,0.335044029286406,0.0593703159207717,0.9547513990943765,-0.0956664185242149,0.3008944775110407,1.9346894200398856,4.404834152973876,0.0287184378403176,724.6066852081665,4,PIXELWISE_INDEX_THEN_CROWN_STATISTIC_THEN_MULTISTRIP_AGGREGATION,True,0.0190084951688289,0.009214535737388,0.0263888149184561,0.0135653008257152,0.0108510304372379,0.004258025500975,0.0146599265046445,0.0879358826022796,0.4495542841399473,0.0092244714640042,0.281130172277642,-0.0880802330987994,0.1729372411516183,MULTI_STRIP,HIGH,2,"11,12",ALL_386_COMPLETE_TREE_LEVEL_INVENTORY,True,True,True,True,True,ANOMALOUS_CONCORDANT,STRONG_INTERNAL_WATER_EVIDENCE,HIGH,True,True,True,True,True,True,True,True,True,False,True,CONCORDANT_BIOCHEMICAL_DECLINE,True,1.4252882301807406,0.055251307785511,0.2509918212890625,1.174296408891678,20,1.0,PASS,,True,True,False,CORROBORATED_LOW_STRUCTURAL_STATURE,CORROBORATED,SUPPORTED_ANOMALY,SUPPORTED_ANOMALY,LOW_STATURE_CORROBORATED,True,True,True,True,False,False,False,True,3,3,WATER_BIOCHEMICAL_STRUCTURE,COMPLETE_3_OF_3,HIGH_MULTI_DOMAIN_PRIORITY,"These are orchard-relative screening patterns and internal cross-domain corroboration. They do not establish causal diagnosis, disease identity, physiological drought, nutrient deficiency, or treatment need without independent field validation."
158,0.5326775527783185,0.2765507212655989,0.833415387018621,0.146078333451705,1.0359596747280737,-0.0929212754559841,0.1680886601493401,1.420304961878721,3.5435736219153533,0.0999792946553575,724.9842007436666,4,PIXELWISE_INDEX_THEN_CROWN_STATISTIC_THEN_MULTISTRIP_AGGREGATION,True,0.0129959855062237,0.0058518364336277,0.0186604440854469,0.0082694185607349,0.0675726002493884,0.0039100117363391,0.010358765006624,0.0446125091708621,0.049645185466224,0.0058168996910044,1.040874822873434,-0.4254370147891473,0.4777820247457688,MULTI_STRIP,HIGH,2,"10,11",ALL_386_COMPLETE_TREE_LEVEL_INVENTORY,True,False,True,False,False,NO_ANOMALY,NO_CONCORDANT_WATER_ANOMALY,HIGH,True,False,False,True,False,False,False,False,False,False,True,NO_CONCORDANT_BIOCHEMICAL_DECLINE,True,2.285468196868896,1.4093051254749298,2.260395050048828,0.025073146820068,47,1.0,PASS,,False,False,True,NO_LOW_STATURE_EVIDENCE,NONE,NO_CONCORDANT_ANOMALY,NO_CONCORDANT_ANOMALY,NO_LOW_STATURE_EVIDENCE,False,False,False,False,False,False,False,True,3,0,NO_SUPPORTED_MAJOR_DOMAIN_ANOMALY,COMPLETE_3_OF_3,NO_SUPPORTED_ANOMALY,"These are orchard-relative screening patterns and internal cross-domain corroboration. They do not establish causal diagnosis, disease identity, physiological drought, nutrient deficiency, or treatment need without independent field validation."
159,0.5997660366340268,0.3329105326415218,1.0794928017340175,0.1588013441499851,1.0222199000688303,-0.076381251806731,0.1101723117584558,1.2344030212164878,3.660093670613067,0.109399693614768,726.2523747650652,3,PIXELWISE_INDEX_THEN_CROWN_STATISTIC_THEN_MULTISTRIP_AGGREGATION,True,0.0757480515109514,0.0386616898378864,0.1816524377274078,0.0666160041473996,0.0222618258530112,0.0040774236544083,0.0322715680210541,0.0768422119624774,0.9569461578629146,0.0453722187176571,1.1274621702564165,-0.4992176811570318,0.5164678833307484,SINGLE_STRIP,MODERATE,1,10,ALL_386_COMPLETE_TREE_LEVEL_INVENTORY,True,False,False,False,False,NO_ANOMALY,NO_CONCORDANT_WATER_ANOMALY,MODERATE,True,False,False,False,False,False,False,False,False,False,True,NO_CONCORDANT_BIOCHEMICAL_DECLINE,True,2.6761448979377747,0.9240449666976928,2.623152160644531,0.0529927372932435,66,1.0,PASS,,False,False,False,NO_LOW_STATURE_EVIDENCE,NONE,NO_CONCORDANT_ANOMALY,NO_CONCORDANT_ANOMALY,NO_LOW_STATURE_EVIDENCE,False,False,False,False,False,False,False,True,3,0,NO_SUPPORTED_MAJOR_DOMAIN_ANOMALY,COMPLETE_3_OF_3,NO_SUPPORTED_ANOMALY,"These are orchard-relative screening patterns and internal cross-domain corroboration. They do not establish causal diagnosis, disease identity, physiological drought, nutrient deficiency, or treatment need without independent field validation."
160,0.6550475736442563,0.3582183366137422,1.1921622367228184,0.1729463645892235,1.054718184536371,-0.0817995142070458,0.0781832751684536,1.149772707108908,3.329137915925706,0.1203140273609944,726.8197001572039,3,PIXELWISE_INDEX_THEN_CROWN_STATISTIC_THEN_MULTISTRIP_AGGREGATION,True,0.017791925723184,0.0005136003791072,0.0088812418206382,0.03454152238539,0.0298407773879533,0.0046705800374559,0.0033569733051906,0.0080101200102752,0.4894755292688926,0.0219059657752196,0.4775288405340347,-0.5130657416795898,0.5265147097307636,MULTI_STRIP,HIGH,2,"9,10",ALL_386_COMPLETE_TREE_LEVEL_INVENTORY,True,False,False,False,False,NO_ANOMALY,NO_CONCORDANT_WATER_ANOMALY,HIGH,True,False,False,False,False,False,False,False,False,False,True,NO_CONCORDANT_BIOCHEMICAL_DECLINE,True,2.608953547477722,0.6615314483642578,2.69936752319336,-0.0904139757156374,74,1.0,PASS,,False,False,False,NO_LOW_STATURE_EVIDENCE,NONE,NO_CONCORDANT_ANOMALY,NO_CONCORDANT_ANOMALY,NO_LOW_STATURE_EVIDENCE,False,False,False,False,False,False,False,True,3,0,NO_SUPPORTED_MAJOR_DOMAIN_ANOMALY,COMPLETE_3_OF_3,NO_SUPPORTED_ANOMALY,"These are orchard-relative screening patterns and internal cross-domain corroboration. They do not establish causal diagnosis, disease identity, physiological drought, nutrient deficiency, or treatment need without independent field validation."
161,0.6581214640439502,0.3706616682977126,1.2544617503175564,0.1328356068967433,0.9947079918749808,-0.0782984548393993,0.1060881538671015,1.1603979977395644,6.07433259368396,0.0915990338441421,728.0459336269628,3,PIXELWISE_INDEX_THEN_CROWN_STATISTIC_THEN_MULTISTRIP_AGGREGATION,True,0.0212364398140887,0.0290660555790432,0.1465964175696745,0.0251340577085292,0.082178280436702,0.0017826407816751,0.0193241681560471,0.0300283001192775,0.2111850185347712,0.0135799254720211,0.2153602282528889,-0.5102008486049717,0.5492945191090823,MULTI_STRIP,HIGH,2,"10,11",ALL_386_COMPLETE_TREE_LEVEL_INVENTORY,True,False,False,False,False,NO_ANOMALY,NO_CONCORDANT_WATER_ANOMALY,HIGH,True,False,False,False,False,False,False,False,False,True,True,NO_CONCORDANT_BIOCHEMICAL_DECLINE,True,2.243801736831665,0.7012871503829956,2.1798973083496094,0.0639044284820555,75,1.0,PASS,,False,False,False,NO_LOW_STATURE_EVIDENCE,NONE,NO_CONCORDANT_ANOMALY,NO_CONCORDANT_ANOMALY,NO_LOW_STATURE_EVIDENCE,False,False,False,False,False,False,False,True,3,0,NO_SUPPORTED_MAJOR_DOMAIN_ANOMALY,COMPLETE_3_OF_3,NO_SUPPORTED_ANOMALY,"These are orchard-relative screening patterns and internal cross-domain corroboration. They do not establish causal diagnosis, disease identity, physiological drought, nutrient deficiency, or treatment need without independent field validation."
162,0.3544205010220714,0.1781237445050278,0.4459831042259807,0.094439884952943,0.972254791153815,-0.0876375419657461,0.2428861853082901,1.6201338640914291,3.6253177319114047,0.0554679848305021,724.991811298315,4,PIXELWISE_INDEX_THEN_CROWN_STATISTIC_THEN_MULTISTRIP_AGGREGATION,True,0.0285093628215253,0.0089988364251996,0.0270600398411666,0.0154748190610485,0.0917293681497827,0.0032370963065765,0.0147667252982154,0.0925494316329359,0.3279452639765872,0.013938917908321,0.7610583566258335,-0.2074385649031018,0.2995736577260898,MULTI_STRIP,HIGH,2,"10,11",ALL_386_COMPLETE_TREE_LEVEL_INVENTORY,True,True,False,False,False,NO_ANOMALY,ISOLATED_DIRECT_WATER_ANOMALY,HIGH,True,True,True,True,True,True,True,False,False,False,True,CHLOROPHYLL_RED_EDGE_ONLY,True,1.7579968452453614,1.2990148961544037,,,13,1.0,WARN,surface cells < 20,False,False,False,NO_LOW_STATURE_EVIDENCE,NONE,SCREENING_ANOMALY,SCREENING_ANOMALY,NO_LOW_STATURE_EVIDENCE,False,False,False,False,True,True,True,True,3,0,NO_SUPPORTED_MAJOR_DOMAIN_ANOMALY,COMPLETE_3_OF_3,SCREENING_PRIORITY,"These are orchard-relative screening patterns and internal cross-domain corroboration. They do not establish causal diagnosis, disease identity, physiological drought, nutrient deficiency, or treatment need without independent field validation."
163,0.3160140084251628,0.1587751018024776,0.3925377727268164,0.0660856578479106,0.9717297763256806,-0.084146869324687,0.269064053809351,1.775578134799427,4.221107429620854,0.0346123761170089,724.53398591158,4,PIXELWISE_INDEX_THEN_CROWN_STATISTIC_THEN_MULTISTRIP_AGGREGATION,True,0.0024998346123243,0.0004728073187539,0.0002226249798965,0.0041968175039041,0.0354799032575078,0.0007256709794815,0.0013105485676292,0.0096027333438157,0.4605871713991807,0.0039714966204027,0.5643867808284995,-0.14579941894776,0.2333867343445385,MULTI_STRIP,HIGH,2,"11,12",ALL_386_COMPLETE_TREE_LEVEL_INVENTORY,True,True,False,True,True,ANOMALOUS_CONCORDANT,SUPPORTED_WATER_STATUS_ANOMALY,HIGH,True,True,True,True,True,True,True,True,True,False,True,CONCORDANT_BIOCHEMICAL_DECLINE,True,1.7897292375564573,0.143699824810028,2.0918922424316406,-0.3021630048751833,23,1.0,WARN,Upper-tail structural variability,False,False,False,NO_LOW_STATURE_EVIDENCE,NONE,SUPPORTED_ANOMALY,SUPPORTED_ANOMALY,NO_LOW_STATURE_EVIDENCE,True,True,False,False,False,False,False,True,3,2,WATER_BIOCHEMICAL_ONLY,COMPLETE_3_OF_3,MULTI_DOMAIN_PRIORITY,"These are orchard-relative screening patterns and internal cross-domain corroboration. They do not establish causal diagnosis, disease identity, physiological drought, nutrient deficiency, or treatment need without independent field validation."
164,0.6236999485523013,0.3584655591327644,1.2288105985394455,0.1395661772474338,1.031120354009536,-0.0775721991148677,0.0904800223899663,1.2150257359680985,3.770436162686696,0.101222960387639,727.1983475488419,3,PIXELWISE_INDEX_THEN_CROWN_STATISTIC_THEN_MULTISTRIP_AGGREGATION,True,0.0435776352781791,0.0179393619874569,0.0615118469648201,0.0315208293693861,0.0154928331819625,0.0032556512653265,0.0144143996689102,0.0266884419651189,0.6238427771517558,0.0244183385473456,0.3489185417965927,-0.482048363608653,0.5001225457153282,MULTI_STRIP,HIGH,2,"9,10",ALL_386_COMPLETE_TREE_LEVEL_INVENTORY,True,False,False,False,False,NO_ANOMALY,NO_CONCORDANT_WATER_ANOMALY,HIGH,True,False,False,False,False,False,False,False,False,False,True,NO_CONCORDANT_BIOCHEMICAL_DECLINE,True,2.36224102973938,0.3530106544494629,2.350791931152344,0.0114490985870361,69,1.0,PASS,,False,False,False,NO_LOW_STATURE_EVIDENCE,NONE,NO_CONCORDANT_ANOMALY,NO_CONCORDANT_ANOMALY,NO_LOW_STATURE_EVIDENCE,False,False,False,False,False,False,False,True,3,0,NO_SUPPORTED_MAJOR_DOMAIN_ANOMALY,COMPLETE_3_OF_3,NO_SUPPORTED_ANOMALY,"These are orchard-relative screening patterns and internal cross-domain corroboration. They do not establish causal diagnosis, disease identity, physiological drought, nutrient deficiency, or treatment need without independent field validation."
165,0.6766690155730463,0.3999698790147225,1.371764117966125,0.1170137501810186,0.9732053927581232,-0.0707358614547846,0.0777247002557335,1.1123955988381553,4.565371502050573,0.0871133860525916,728.3767434935468,3,PIXELWISE_INDEX_THEN_CROWN_STATISTIC_THEN_MULTISTRIP_AGGREGATION,True,0.0069399439193807,0.001987861523857,0.011541355236588,0.0020923180105447,0.0168926543592295,0.0068389906681206,0.0034461515670465,0.0073056555197089,0.2887239041304421,0.0047461809006245,0.1241731851073223,-0.4551461598577949,0.487021201760478,MULTI_STRIP,HIGH,2,"9,10",ALL_386_COMPLETE_TREE_LEVEL_INVENTORY,True,True,False,False,False,NO_ANOMALY,ISOLATED_DIRECT_WATER_ANOMALY,HIGH,True,False,False,False,False,False,False,False,False,True,True,NO_CONCORDANT_BIOCHEMICAL_DECLINE,True,2.6778361797332764,0.2094287872314453,2.536993408203125,0.1408427715301514,73,1.0,PASS,,False,False,False,NO_LOW_STATURE_EVIDENCE,NONE,SCREENING_ANOMALY,NO_CONCORDANT_ANOMALY,NO_LOW_STATURE_EVIDENCE,False,False,False,False,True,False,True,True,3,0,NO_SUPPORTED_MAJOR_DOMAIN_ANOMALY,COMPLETE_3_OF_3,SCREENING_PRIORITY,"These are orchard-relative screening patterns and internal cross-domain corroboration. They do not establish causal diagnosis, disease identity, physiological drought, nutrient deficiency, or treatment need without independent field validation."
166,0.6029648777794686,0.3408354240465219,1.1431331349823517,0.1286394907128044,1.0348652244463643,-0.0835974937326138,0.1186630795153796,1.2636443573401062,3.62398607535986,0.0909701827191373,727.0776925829502,4,PIXELWISE_INDEX_THEN_CROWN_STATISTIC_THEN_MULTISTRIP_AGGREGATION,True,0.0231679124993509,0.0161307940906734,0.0815117218845776,0.0065232324197542,0.0378195906354595,0.0015685265843214,0.0170547243466635,0.040921104301689,0.3441528089771228,0.0063128390534966,0.0190200535262761,-0.4432965469073802,0.4810223379166315,MULTI_STRIP,HIGH,2,"10,11",ALL_386_COMPLETE_TREE_LEVEL_INVENTORY,True,False,False,False,False,NO_ANOMALY,NO_CONCORDANT_WATER_ANOMALY,HIGH,True,False,False,False,False,False,False,False,False,False,True,NO_CONCORDANT_BIOCHEMICAL_DECLINE,True,2.9356949448585508,0.7086015939712524,2.5448036193847656,0.3908913254737851,60,1.0,PASS,,False,False,False,NO_LOW_STATURE_EVIDENCE,NONE,NO_CONCORDANT_ANOMALY,NO_CONCORDANT_ANOMALY,NO_LOW_STATURE_EVIDENCE,False,False,False,False,False,False,False,True,3,0,NO_SUPPORTED_MAJOR_DOMAIN_ANOMALY,COMPLETE_3_OF_3,NO_SUPPORTED_ANOMALY,"These are orchard-relative screening patterns and internal cross-domain corroboration. They do not establish causal diagnosis, disease identity, physiological drought, nutrient deficiency, or treatment need without independent field validation."
168,0.5392804286742297,0.2982101496571073,0.9488634658366448,0.1223880809039044,1.0222972207802468,-0.0903164136607454,0.1555857946975352,1.3825200477251922,3.465621445357993,0.0892617118780643,726.3164488307838,4,PIXELWISE_INDEX_THEN_CROWN_STATISTIC_THEN_MULTISTRIP_AGGREGATION,True,0.0105812868856898,0.0063286403550804,0.0273335216548705,0.0038692464656408,0.0279497810810708,0.0027107750878503,0.0048796739510832,0.0263893035495872,0.1080884608793248,0.0025695878085691,0.9656726650000564,-0.3895960131894062,0.4256740845830278,MULTI_STRIP,HIGH,2,"10,11",ALL_386_COMPLETE_TREE_LEVEL_INVENTORY,True,False,True,False,False,NO_ANOMALY,NO_CONCORDANT_WATER_ANOMALY,HIGH,True,False,False,False,False,False,False,False,False,False,True,NO_CONCORDANT_BIOCHEMICAL_DECLINE,True,2.6647199630737304,1.9546582102775567,2.371246337890625,0.2934736251831054,79,1.0,PASS,,False,False,True,NO_LOW_STATURE_EVIDENCE,NONE,NO_CONCORDANT_ANOMALY,NO_CONCORDANT_ANOMALY,NO_LOW_STATURE_EVIDENCE,False,False,False,False,False,False,False,True,3,0,NO_SUPPORTED_MAJOR_DOMAIN_ANOMALY,COMPLETE_3_OF_3,NO_SUPPORTED_ANOMALY,"These are orchard-relative screening patterns and internal cross-domain corroboration. They do not establish causal diagnosis, disease identity, physiological drought, nutrient deficiency, or treatment need without independent field validation."
169,0.3820216887022935,0.1837361878311707,0.4609545057551818,0.0936100342435743,0.9839211805960256,-0.0963155549163426,0.2356604384662946,1.4988638996305848,6.569968867515771,0.0493072408949324,725.4062380406241,4,PIXELWISE_INDEX_THEN_CROWN_STATISTIC_THEN_MULTISTRIP_AGGREGATION,True,0.0121864716786516,0.0078799548103972,0.0214213909827487,0.00780893742834,0.0094987976257972,0.0013239150643752,0.0045840466218326,0.0179462246934378,0.8583193853839206,0.0078504876678463,0.7120937170499246,-0.21112971372987,0.2780341134136797,MULTI_STRIP,HIGH,2,"11,12",ALL_386_COMPLETE_TREE_LEVEL_INVENTORY,True,False,True,False,False,NO_ANOMALY,NO_CONCORDANT_WATER_ANOMALY,HIGH,True,True,True,False,True,False,False,False,False,True,True,NO_CONCORDANT_BIOCHEMICAL_DECLINE,True,0.5513318419456481,0.1464488506317138,,,9,1.0,WARN,surface cells < 20,True,False,False,LOW_STATURE_LAS_ONLY,SINGLE_MEASUREMENT,NO_CONCORDANT_ANOMALY,NO_CONCORDANT_ANOMALY,LOW_STATURE_LAS_ONLY,False,False,True,False,False,False,False,True,3,0,NO_SUPPORTED_MAJOR_DOMAIN_ANOMALY,COMPLETE_3_OF_3,NO_SUPPORTED_ANOMALY,"These are orchard-relative screening patterns and internal cross-domain corroboration. They do not establish causal diagnosis, disease identity, physiological drought, nutrient deficiency, or treatment need without independent field validation."
170,0.5648072516142352,0.3099073754700368,0.9671362809561822,0.1136732396891737,1.0071333165243366,-0.0741764396293591,0.1349534367446593,1.2580589029822402,5.4268704947439055,0.0771725767187199,726.6068926545131,3,PIXELWISE_INDEX_THEN_CROWN_STATISTIC_THEN_MULTISTRIP_AGGREGATION,True,0.033074394642039,0.0191323400318365,0.0778366818006722,0.0183022571684323,0.0783789158998611,0.0047919322736101,0.018044974734964,0.0474326874345164,0.6299872397463017,0.0130408915088775,0.3694403661813034,-0.344397712913564,0.3949280427453377,SINGLE_STRIP,MODERATE,1,10,ALL_386_COMPLETE_TREE_LEVEL_INVENTORY,True,False,False,False,False,NO_ANOMALY,NO_CONCORDANT_WATER_ANOMALY,MODERATE,True,False,False,False,False,False,False,False,False,True,True,NO_CONCORDANT_BIOCHEMICAL_DECLINE,True,2.093402218818664,1.4430637508630753,1.8169906616210936,0.27641155719757,55,1.0,PASS,,False,False,True,NO_LOW_STATURE_EVIDENCE,NONE,NO_CONCORDANT_ANOMALY,NO_CONCORDANT_ANOMALY,NO_LOW_STATURE_EVIDENCE,False,False,False,False,False,False,False,True,3,0,NO_SUPPORTED_MAJOR_DOMAIN_ANOMALY,COMPLETE_3_OF_3,NO_SUPPORTED_ANOMALY,"These are orchard-relative screening patterns and internal cross-domain corroboration. They do not establish causal diagnosis, disease identity, physiological drought, nutrient deficiency, or treatment need without independent field validation."
171,0.6605434443260514,0.3687149740655229,1.2785310878120713,0.1670058165115555,1.1328303892030362,-0.0849158330762636,0.0811125718567999,1.1882594903826549,3.177516437404526,0.1132969011327572,726.8488301416572,4,PIXELWISE_INDEX_THEN_CROWN_STATISTIC_THEN_MULTISTRIP_AGGREGATION,True,0.0262447340523712,0.008463486892369,0.0132325568547088,0.0261905934718258,0.0990939536452902,0.0006802948240633,0.0086440539478916,0.0389936624911426,0.5177497835527924,0.0203667418280682,0.1176212011611837,-0.5179212872527746,0.5263318877589418,MULTI_STRIP,HIGH,2,"9,10",ALL_386_COMPLETE_TREE_LEVEL_INVENTORY,True,False,False,False,False,NO_ANOMALY,NO_CONCORDANT_WATER_ANOMALY,HIGH,True,False,False,False,False,False,False,False,False,False,True,NO_CONCORDANT_BIOCHEMICAL_DECLINE,True,2.8704400658607483,0.5139344930648804,2.7435882568359373,0.1268518090248109,88,1.0,PASS,,False,False,False,NO_LOW_STATURE_EVIDENCE,NONE,NO_CONCORDANT_ANOMALY,NO_CONCORDANT_ANOMALY,NO_LOW_STATURE_EVIDENCE,False,False,False,False,False,False,False,True,3,0,NO_SUPPORTED_MAJOR_DOMAIN_ANOMALY,COMPLETE_3_OF_3,NO_SUPPORTED_ANOMALY,"These are orchard-relative screening patterns and internal cross-domain corroboration. They do not establish causal diagnosis, disease identity, physiological drought, nutrient deficiency, or treatment need without independent field validation."
173,0.4011134351801475,0.2172656895973385,0.5847537593159162,0.078367272140939,0.9844591624570872,-0.0794163650398969,0.2192771571693493,1.532395550542014,3.743904817526831,0.0505121351560761,725.6989580159059,5,PIXELWISE_INDEX_THEN_CROWN_STATISTIC_THEN_MULTISTRIP_AGGREGATION,True,0.0127415339261109,0.0111074775545732,0.0389084849015813,0.0055004738501592,0.0105685157062926,0.0031402909016566,0.0053697895548127,0.01930320523499,0.0266619422573497,0.0027713119760822,1.395132326084024,-0.200057988317314,0.2966278997947314,MULTI_STRIP,HIGH,2,"10,11",ALL_386_COMPLETE_TREE_LEVEL_INVENTORY,True,False,False,False,False,NO_ANOMALY,NO_CONCORDANT_WATER_ANOMALY,HIGH,True,False,False,False,False,False,False,False,False,False,True,NO_CONCORDANT_BIOCHEMICAL_DECLINE,True,1.1857008934020996,0.6098645329475403,0.4233879089355469,0.7623129844665527,21,1.0,PASS,,True,True,False,CORROBORATED_LOW_STRUCTURAL_STATURE,CORROBORATED,NO_CONCORDANT_ANOMALY,NO_CONCORDANT_ANOMALY,LOW_STATURE_CORROBORATED,False,False,True,True,False,False,False,True,3,1,STRUCTURE_ONLY,COMPLETE_3_OF_3,SINGLE_DOMAIN_PRIORITY,"These are orchard-relative screening patterns and internal cross-domain corroboration. They do not establish causal diagnosis, disease identity, physiological drought, nutrient deficiency, or treatment need without independent field validation."
174,0.6414062653506157,0.3728037065702234,1.303676132187233,0.1264759917513417,0.9887520726816048,-0.072258176964927,0.1078477632028738,1.218325142193861,5.283616612728049,0.088523955950318,727.8756338494153,4,PIXELWISE_INDEX_THEN_CROWN_STATISTIC_THEN_MULTISTRIP_AGGREGATION,True,0.0131477539401545,0.0111259564738384,0.0614485792601919,0.0217241910826942,0.0560530632051988,0.0043335846886594,0.0073153505818547,0.0175857483539348,0.2777326774569599,0.0131531603542918,0.3435126670308839,-0.2335177250437409,0.2701623895070374,MULTI_STRIP,HIGH,2,"9,10",ALL_386_COMPLETE_TREE_LEVEL_INVENTORY,True,False,False,False,False,NO_ANOMALY,NO_CONCORDANT_WATER_ANOMALY,HIGH,True,False,False,False,False,False,False,False,False,True,True,NO_CONCORDANT_BIOCHEMICAL_DECLINE,True,2.4292539596557616,0.7951088547706604,2.262737274169922,0.1665166854858397,103,1.0,PASS,,False,False,False,NO_LOW_STATURE_EVIDENCE,NONE,NO_CONCORDANT_ANOMALY,NO_CONCORDANT_ANOMALY,NO_LOW_STATURE_EVIDENCE,False,False,False,False,False,False,False,True,3,0,NO_SUPPORTED_MAJOR_DOMAIN_ANOMALY,COMPLETE_3_OF_3,NO_SUPPORTED_ANOMALY,"These are orchard-relative screening patterns and internal cross-domain corroboration. They do not establish causal diagnosis, disease identity, physiological drought, nutrient deficiency, or treatment need without independent field validation."
175,0.2571523806586122,0.1190321385221751,0.2907326188582928,0.0489666371648475,0.9636631949261246,-0.1004795412861794,0.3328533458138658,2.168228114251834,4.354555056360417,0.0256886653158747,724.0748594561534,5,PIXELWISE_INDEX_THEN_CROWN_STATISTIC_THEN_MULTISTRIP_AGGREGATION,True,0.0338194270532114,0.0183465529041923,0.0570356481892244,0.0180754678328261,0.0936597263597688,0.0006045403259858,0.0236216966727183,0.1747059096720393,0.5859541909082382,0.0116609594001779,0.1344243307077579,-0.0673085721785289,0.1221073260664426,MULTI_STRIP,HIGH,2,"11,12",ALL_386_COMPLETE_TREE_LEVEL_INVENTORY,True,True,True,True,True,ANOMALOUS_CONCORDANT,STRONG_INTERNAL_WATER_EVIDENCE,HIGH,True,True,True,True,True,True,True,True,True,False,True,CONCORDANT_BIOCHEMICAL_DECLINE,True,1.4877242267131805,1.0507191717624664,0.3220062255859375,1.165718001127243,18,1.0,WARN,surface cells < 20,True,True,False,CORROBORATED_LOW_STRUCTURAL_STATURE,CORROBORATED,SUPPORTED_ANOMALY,SUPPORTED_ANOMALY,LOW_STATURE_CORROBORATED,True,True,True,True,False,False,False,True,3,3,WATER_BIOCHEMICAL_STRUCTURE,COMPLETE_3_OF_3,HIGH_MULTI_DOMAIN_PRIORITY,"These are orchard-relative screening patterns and internal cross-domain corroboration. They do not establish causal diagnosis, disease identity, physiological drought, nutrient deficiency, or treatment need without independent field validation."
176,0.6835376381008855,0.3874421885746432,1.3244689583465967,0.1347348987651901,1.0594750061083305,-0.0669999320161797,0.0868486380238859,1.1268398367362216,7.647862723827032,0.0901617081024681,727.6984252953771,4,PIXELWISE_INDEX_THEN_CROWN_STATISTIC_THEN_MULTISTRIP_AGGREGATION,True,0.0010080006144998,0.0022833734332989,0.0154460751334346,0.0035551309281085,0.0251967798402015,0.0028939364796462,0.000570570026345,0.0022361024165581,0.7902691457471374,0.0048491047373779,0.3658760734896873,-0.5492047719447748,0.5538852979896055,MULTI_STRIP,HIGH,2,"9,10",ALL_386_COMPLETE_TREE_LEVEL_INVENTORY,True,False,False,False,False,NO_ANOMALY,NO_CONCORDANT_WATER_ANOMALY,HIGH,True,False,False,False,False,False,False,False,False,True,True,NO_CONCORDANT_BIOCHEMICAL_DECLINE,True,2.360413432121277,0.3995047211647033,2.276038360595703,0.084375071525574,76,1.0,PASS,,False,False,False,NO_LOW_STATURE_EVIDENCE,NONE,NO_CONCORDANT_ANOMALY,NO_CONCORDANT_ANOMALY,NO_LOW_STATURE_EVIDENCE,False,False,False,False,False,False,False,True,3,0,NO_SUPPORTED_MAJOR_DOMAIN_ANOMALY,COMPLETE_3_OF_3,NO_SUPPORTED_ANOMALY,"These are orchard-relative screening patterns and internal cross-domain corroboration. They do not establish causal diagnosis, disease identity, physiological drought, nutrient deficiency, or treatment need without independent field validation."
177,0.4955895997937894,0.2624885031704206,0.7409033850268224,0.1268723921063378,0.9785126671698784,-0.0759505561344258,0.1559812574871517,1.320082016563248,4.786135783017072,0.0827260094785027,726.2505537307625,4,PIXELWISE_INDEX_THEN_CROWN_STATISTIC_THEN_MULTISTRIP_AGGREGATION,True,0.0322618301206789,0.0112893294596288,0.046765805798353,0.0278114111936953,0.0035339355942633,0.0038501974292234,0.0110477456950528,0.0358336896218636,1.036018633132706,0.0229620270861788,0.5037261176377672,-0.328396368283753,0.3959015800023862,MULTI_STRIP,HIGH,2,"9,10",ALL_386_COMPLETE_TREE_LEVEL_INVENTORY,True,False,False,False,False,NO_ANOMALY,NO_CONCORDANT_WATER_ANOMALY,HIGH,True,False,False,False,False,False,False,False,False,True,True,NO_CONCORDANT_BIOCHEMICAL_DECLINE,True,1.835474878549576,1.3251755088567734,1.4766921997070312,0.3587826788425445,26,1.0,PASS,,False,False,False,NO_LOW_STATURE_EVIDENCE,NONE,NO_CONCORDANT_ANOMALY,NO_CONCORDANT_ANOMALY,NO_LOW_STATURE_EVIDENCE,False,False,False,False,False,False,False,True,3,0,NO_SUPPORTED_MAJOR_DOMAIN_ANOMALY,COMPLETE_3_OF_3,NO_SUPPORTED_ANOMALY,"These are orchard-relative screening patterns and internal cross-domain corroboration. They do not establish causal diagnosis, disease identity, physiological drought, nutrient deficiency, or treatment need without independent field validation."
178,0.3608826451225597,0.1963760012868946,0.5003504813485778,0.071627475870895,1.015837801505736,-0.0842502269104622,0.2410576821177436,1.552652252408239,3.8422551278513177,0.0418883355362926,727.5845745184515,5,PIXELWISE_INDEX_THEN_CROWN_STATISTIC_THEN_MULTISTRIP_AGGREGATION,True,0.0197291497005949,0.0156439832864356,0.0539538729632566,0.0033916609237595,0.0023930161959824,0.0011665159417126,0.0133523990042758,0.0559137680413078,0.0925101109694532,0.0003175836346891,1.1340295497550985,-0.1376589958766824,0.2266254692682301,MULTI_STRIP,HIGH,2,"10,11",ALL_386_COMPLETE_TREE_LEVEL_INVENTORY,True,False,False,True,True,ANOMALOUS_CONCORDANT,ISOLATED_DIRECT_WATER_ANOMALY,HIGH,True,True,True,False,True,False,True,False,False,False,True,NO_CONCORDANT_BIOCHEMICAL_DECLINE,True,0.689682641625404,0.0252768993377685,0.3149871826171875,0.3746954590082165,8,1.0,WARN,surface cells < 20,True,True,False,CORROBORATED_LOW_STRUCTURAL_STATURE,CORROBORATED,SCREENING_ANOMALY,NO_CONCORDANT_ANOMALY,LOW_STATURE_CORROBORATED,False,False,True,True,True,False,True,True,3,1,STRUCTURE_ONLY,COMPLETE_3_OF_3,SINGLE_DOMAIN_PRIORITY,"These are orchard-relative screening patterns and internal cross-domain corroboration. They do not establish causal diagnosis, disease identity, physiological drought, nutrient deficiency, or treatment need without independent field validation."
179,0.4239293728886455,0.2352092567921171,0.6593272427757058,0.0784149656275541,0.9964055446186616,-0.0884309096280254,0.2072380425268233,1.4705265780788848,3.921280648666462,0.0515931519307821,727.114658964809,5,PIXELWISE_INDEX_THEN_CROWN_STATISTIC_THEN_MULTISTRIP_AGGREGATION,True,0.0091557668393081,0.0062329848144468,0.0118817041396204,0.0014189788589399,0.086515932620253,0.0035338153352815,0.0060134297099005,0.0324205697238736,0.1676909335024989,0.0003557222374556,0.0041846063474508,-0.1951319457491629,0.2723558252344289,MULTI_STRIP,HIGH,2,"10,11",ALL_386_COMPLETE_TREE_LEVEL_INVENTORY,True,False,False,False,False,NO_ANOMALY,NO_CONCORDANT_WATER_ANOMALY,HIGH,True,False,False,False,False,False,False,False,False,False,True,NO_CONCORDANT_BIOCHEMICAL_DECLINE,True,1.425440502166748,0.7677517309784889,0.2769927978515625,1.1484477043151855,18,1.0,WARN,surface cells < 20,True,True,False,CORROBORATED_LOW_STRUCTURAL_STATURE,CORROBORATED,NO_CONCORDANT_ANOMALY,NO_CONCORDANT_ANOMALY,LOW_STATURE_CORROBORATED,False,False,True,True,False,False,False,True,3,1,STRUCTURE_ONLY,COMPLETE_3_OF_3,SINGLE_DOMAIN_PRIORITY,"These are orchard-relative screening patterns and internal cross-domain corroboration. They do not establish causal diagnosis, disease identity, physiological drought, nutrient deficiency, or treatment need without independent field validation."
180,0.658023107333433,0.3579720487322562,1.166268460317447,0.1708543879651347,1.0626777096688491,-0.080378570928931,0.0744431759212235,1.133871436616701,4.061940584729276,0.1160514148736878,726.9519588669283,4,PIXELWISE_INDEX_THEN_CROWN_STATISTIC_THEN_MULTISTRIP_AGGREGATION,True,0.0116414297168344,0.0040160167008357,0.0166217448496425,0.0173431105623731,0.0099463475932831,0.0053899624855728,0.0034295095034647,0.0053114895702841,0.7612478055404497,0.0153499403752209,0.2414037327596361,-0.5119296080218433,0.5352629185203069,MULTI_STRIP,HIGH,2,"9,10",ALL_386_COMPLETE_TREE_LEVEL_INVENTORY,True,False,False,False,False,NO_ANOMALY,NO_CONCORDANT_WATER_ANOMALY,HIGH,True,False,False,False,False,False,False,False,False,False,True,NO_CONCORDANT_BIOCHEMICAL_DECLINE,True,2.113346791267395,0.7831119298934937,1.9944381713867188,0.1189086198806763,47,1.0,PASS,,False,False,False,NO_LOW_STATURE_EVIDENCE,NONE,NO_CONCORDANT_ANOMALY,NO_CONCORDANT_ANOMALY,NO_LOW_STATURE_EVIDENCE,False,False,False,False,False,False,False,True,3,0,NO_SUPPORTED_MAJOR_DOMAIN_ANOMALY,COMPLETE_3_OF_3,NO_SUPPORTED_ANOMALY,"These are orchard-relative screening patterns and internal cross-domain corroboration. They do not establish causal diagnosis, disease identity, physiological drought, nutrient deficiency, or treatment need without independent field validation."
181,0.6098630337693982,0.3358282239723627,1.0561607983592105,0.1141280974330522,0.973315513942394,-0.0770743121192701,0.1173289417278814,1.1840082614972172,6.435881412415552,0.0793241486888485,727.9689199355745,4,PIXELWISE_INDEX_THEN_CROWN_STATISTIC_THEN_MULTISTRIP_AGGREGATION,True,0.0053959002616135,0.0050810732762436,0.0232606949948031,0.0141340381775404,0.0656760186274429,0.0031879313240379,0.0037029419667643,0.0045203554057788,0.3830850698814911,0.0098839416857474,0.2784394321047764,-0.5060826035180033,0.542548551535709,MULTI_STRIP,HIGH,2,"9,10",ALL_386_COMPLETE_TREE_LEVEL_INVENTORY,True,True,False,False,False,NO_ANOMALY,ISOLATED_DIRECT_WATER_ANOMALY,HIGH,True,False,False,False,False,False,False,False,False,True,True,NO_CONCORDANT_BIOCHEMICAL_DECLINE,True,2.0462175607681274,0.9488633573055268,1.7372039794921872,0.3090135812759402,51,1.0,PASS,,False,False,False,NO_LOW_STATURE_EVIDENCE,NONE,SCREENING_ANOMALY,NO_CONCORDANT_ANOMALY,NO_LOW_STATURE_EVIDENCE,False,False,False,False,True,False,True,True,3,0,NO_SUPPORTED_MAJOR_DOMAIN_ANOMALY,COMPLETE_3_OF_3,SCREENING_PRIORITY,"These are orchard-relative screening patterns and internal cross-domain corroboration. They do not establish causal diagnosis, disease identity, physiological drought, nutrient deficiency, or treatment need without independent field validation."
182,0.551580583681615,0.2964340617446466,0.9373373739714208,0.1434831611016647,1.008826386890397,-0.0768124908327544,0.1310413900182946,1.3146286373520688,3.654912689395384,0.093573620164735,726.3868009479709,4,PIXELWISE_INDEX_THEN_CROWN_STATISTIC_THEN_MULTISTRIP_AGGREGATION,True,0.0288931564859043,0.002607862170893,0.0073143200888571,0.0320439774117323,0.0319588170756565,0.0003149410782128,0.0089452736982636,0.0305235162981599,0.4611761034562851,0.0226079933219751,0.6286933784451207,-0.3987796074071718,0.4273388863238608,MULTI_STRIP,HIGH,2,"9,10",ALL_386_COMPLETE_TREE_LEVEL_INVENTORY,True,False,False,False,False,NO_ANOMALY,NO_CONCORDANT_WATER_ANOMALY,HIGH,True,False,False,False,False,False,False,False,False,False,True,NO_CONCORDANT_BIOCHEMICAL_DECLINE,True,2.041729760169983,1.631846308708191,1.9430404663085936,0.0986892938613894,44,1.0,PASS,,False,False,True,NO_LOW_STATURE_EVIDENCE,NONE,NO_CONCORDANT_ANOMALY,NO_CONCORDANT_ANOMALY,NO_LOW_STATURE_EVIDENCE,False,False,False,False,False,False,False,True,3,0,NO_SUPPORTED_MAJOR_DOMAIN_ANOMALY,COMPLETE_3_OF_3,NO_SUPPORTED_ANOMALY,"These are orchard-relative screening patterns and internal cross-domain corroboration. They do not establish causal diagnosis, disease identity, physiological drought, nutrient deficiency, or treatment need without independent field validation."
183,0.3700594133799071,0.1996566010163141,0.5208845200351162,0.0870251106798765,0.9843606716537188,-0.0873603401276079,0.2383473990236324,1.6110314258348657,3.467382195206992,0.054132672744968,725.0863420482522,5,PIXELWISE_INDEX_THEN_CROWN_STATISTIC_THEN_MULTISTRIP_AGGREGATION,True,0.0056232525418502,0.011639442507917,0.0382034335664042,0.0022075410111371,0.0232807043774839,0.0009743575993127,0.0120123854846854,0.0283583032334244,0.0251177132229565,0.0013246725935787,0.8019684843733899,-0.1892839878566414,0.2748407541241973,MULTI_STRIP,HIGH,2,"10,11",ALL_386_COMPLETE_TREE_LEVEL_INVENTORY,True,False,False,False,False,NO_ANOMALY,NO_CONCORDANT_WATER_ANOMALY,HIGH,True,False,True,True,False,False,False,False,False,False,True,NO_CONCORDANT_BIOCHEMICAL_DECLINE,True,1.6912959575653077,0.916441336274147,0.3019866943359375,1.3893092632293702,19,1.0,WARN,surface cells < 20,False,True,False,NO_LOW_STATURE_EVIDENCE,NONE,NO_CONCORDANT_ANOMALY,NO_CONCORDANT_ANOMALY,NO_LOW_STATURE_EVIDENCE,False,False,False,False,False,False,False,True,3,0,NO_SUPPORTED_MAJOR_DOMAIN_ANOMALY,COMPLETE_3_OF_3,NO_SUPPORTED_ANOMALY,"These are orchard-relative screening patterns and internal cross-domain corroboration. They do not establish causal diagnosis, disease identity, physiological drought, nutrient deficiency, or treatment need without independent field validation."
184,0.2961827004270917,0.1394498404774871,0.344355085683806,0.0679340860350083,0.952266489876181,-0.0985035564217835,0.3033318533989178,1.98801709791498,4.756348546651447,0.0347911814627653,723.854417618601,5,PIXELWISE_INDEX_THEN_CROWN_STATISTIC_THEN_MULTISTRIP_AGGREGATION,True,0.0274116755425169,0.0161766116717939,0.0505401965161072,0.0092781870731006,0.0716925159057117,0.0027295667960206,0.0191994578503967,0.1227276371802813,0.6922384064194094,0.0101303310833012,0.0739543814538592,-0.0990790023523159,0.1601477007909853,SINGLE_STRIP,MODERATE,1,11,ALL_386_COMPLETE_TREE_LEVEL_INVENTORY,True,True,True,True,True,ANOMALOUS_CONCORDANT,STRONG_INTERNAL_WATER_EVIDENCE,MODERATE,True,True,True,True,True,True,True,True,True,True,True,STRONG_CONCORDANT_BIOCHEMICAL_DECLINE,True,2.0117757320404053,1.2052250802516935,0.2584365844726562,1.7533391475677491,31,1.0,PASS,,False,True,False,NO_LOW_STATURE_EVIDENCE,NONE,SUPPORTED_ANOMALY,SUPPORTED_ANOMALY,NO_LOW_STATURE_EVIDENCE,True,True,False,False,False,False,False,True,3,2,WATER_BIOCHEMICAL_ONLY,COMPLETE_3_OF_3,MULTI_DOMAIN_PRIORITY,"These are orchard-relative screening patterns and internal cross-domain corroboration. They do not establish causal diagnosis, disease identity, physiological drought, nutrient deficiency, or treatment need without independent field validation."
185,0.6664980752442742,0.3706011239325647,1.2820911607858765,0.1593110239175675,1.057722562967814,-0.0872507899940767,0.0820605338834412,1.1789290561052224,3.591032263549043,0.1058716471271011,727.0319277831721,4,PIXELWISE_INDEX_THEN_CROWN_STATISTIC_THEN_MULTISTRIP_AGGREGATION,True,0.0224967487580064,0.0099334925279506,0.034450421894846,0.0217194994510924,0.0138827830906006,0.0075936879939996,0.0079913770799107,0.0255564309720099,0.5390634414686932,0.0177971225559442,0.0364281901406893,-0.505439328466583,0.5155868500081624,MULTI_STRIP,HIGH,2,"9,10",ALL_386_COMPLETE_TREE_LEVEL_INVENTORY,True,False,False,False,False,NO_ANOMALY,NO_CONCORDANT_WATER_ANOMALY,HIGH,True,False,False,False,False,False,False,False,False,False,True,NO_CONCORDANT_BIOCHEMICAL_DECLINE,True,2.101041436195373,0.5131562054157257,2.063294219970703,0.0377472162246705,78,1.0,PASS,,False,False,False,NO_LOW_STATURE_EVIDENCE,NONE,NO_CONCORDANT_ANOMALY,NO_CONCORDANT_ANOMALY,NO_LOW_STATURE_EVIDENCE,False,False,False,False,False,False,False,True,3,0,NO_SUPPORTED_MAJOR_DOMAIN_ANOMALY,COMPLETE_3_OF_3,NO_SUPPORTED_ANOMALY,"These are orchard-relative screening patterns and internal cross-domain corroboration. They do not establish causal diagnosis, disease identity, physiological drought, nutrient deficiency, or treatment need without independent field validation."
186,0.5032393343972958,0.2667294714812793,0.7736187809863877,0.1149441039967729,1.0135031075279088,-0.0942485398575175,0.178355917835656,1.3829732755357615,4.1759017357125074,0.079397954117725,726.3620667550318,5,PIXELWISE_INDEX_THEN_CROWN_STATISTIC_THEN_MULTISTRIP_AGGREGATION,True,0.0025392583342994,0.0014884295624979,0.0069052635091799,0.0027325243628773,0.0009987797773293,0.0005139431673167,0.0053628480563823,0.0114533400704568,0.1997241042036113,0.0021205663461779,0.6042232049321683,-0.353585085906907,0.4028421752375389,MULTI_STRIP,HIGH,2,"10,11",ALL_386_COMPLETE_TREE_LEVEL_INVENTORY,True,False,True,False,False,NO_ANOMALY,NO_CONCORDANT_WATER_ANOMALY,HIGH,True,False,False,False,False,False,False,False,False,False,True,NO_CONCORDANT_BIOCHEMICAL_DECLINE,True,1.6035812497138977,0.7256149128079414,1.379206085205078,0.2243751645088196,28,1.0,PASS,,True,True,False,CORROBORATED_LOW_STRUCTURAL_STATURE,CORROBORATED,NO_CONCORDANT_ANOMALY,NO_CONCORDANT_ANOMALY,LOW_STATURE_CORROBORATED,False,False,True,True,False,False,False,True,3,1,STRUCTURE_ONLY,COMPLETE_3_OF_3,SINGLE_DOMAIN_PRIORITY,"These are orchard-relative screening patterns and internal cross-domain corroboration. They do not establish causal diagnosis, disease identity, physiological drought, nutrient deficiency, or treatment need without independent field validation."
187,0.596302977496693,0.350049722494607,1.2480021596363933,0.1132006258155285,0.9814043940009286,-0.0757877346460875,0.1384390517112613,1.313508861810468,4.99442178108538,0.0789358068894614,727.7025317944416,4,PIXELWISE_INDEX_THEN_CROWN_STATISTIC_THEN_MULTISTRIP_AGGREGATION,True,0.0546417520446242,0.0276070158836757,0.1133483088404773,0.0294476163316842,0.0588324931939582,0.0040684600199767,0.027791123336387,0.0780939977474126,0.4941498625578792,0.0204394657712515,0.1711579775826701,-0.4147044643165283,0.4530980527156717,SINGLE_STRIP,MODERATE,1,10,ALL_386_COMPLETE_TREE_LEVEL_INVENTORY,True,False,False,False,False,NO_ANOMALY,NO_CONCORDANT_WATER_ANOMALY,MODERATE,True,False,False,False,False,False,False,False,False,True,True,NO_CONCORDANT_BIOCHEMICAL_DECLINE,True,2.1224008798599243,1.3751460313796997,2.049150085449219,0.0732507944107054,87,1.0,PASS,,False,False,False,NO_LOW_STATURE_EVIDENCE,NONE,NO_CONCORDANT_ANOMALY,NO_CONCORDANT_ANOMALY,NO_LOW_STATURE_EVIDENCE,False,False,False,False,False,False,False,True,3,0,NO_SUPPORTED_MAJOR_DOMAIN_ANOMALY,COMPLETE_3_OF_3,NO_SUPPORTED_ANOMALY,"These are orchard-relative screening patterns and internal cross-domain corroboration. They do not establish causal diagnosis, disease identity, physiological drought, nutrient deficiency, or treatment need without independent field validation."
188,0.713800992799769,0.4530096751044445,1.7691844447656475,0.1057385233231813,0.9814297106470644,-0.0628851322326096,0.0652576609180582,1.0980389922561853,6.192299878986117,0.0809194061124315,729.7792826642766,4,PIXELWISE_INDEX_THEN_CROWN_STATISTIC_THEN_MULTISTRIP_AGGREGATION,True,0.0103776045546341,0.0071347750981488,0.0504004449728023,0.0080150001897898,0.0499037596972038,0.0084558663027842,0.0030519626321723,0.0114828399001663,1.048121802385444,0.0106283354821394,0.124248642857254,-0.5385961513315748,0.5525797949408573,MULTI_STRIP,HIGH,2,"9,10",ALL_386_COMPLETE_TREE_LEVEL_INVENTORY,True,False,False,False,False,NO_ANOMALY,NO_CONCORDANT_WATER_ANOMALY,HIGH,True,False,False,False,False,False,False,False,False,True,True,NO_CONCORDANT_BIOCHEMICAL_DECLINE,True,2.453576374053955,0.2666065692901611,2.290093994140625,0.1634823799133298,57,1.0,PASS,,False,False,False,NO_LOW_STATURE_EVIDENCE,NONE,NO_CONCORDANT_ANOMALY,NO_CONCORDANT_ANOMALY,NO_LOW_STATURE_EVIDENCE,False,False,False,False,False,False,False,True,3,0,NO_SUPPORTED_MAJOR_DOMAIN_ANOMALY,COMPLETE_3_OF_3,NO_SUPPORTED_ANOMALY,"These are orchard-relative screening patterns and internal cross-domain corroboration. They do not establish causal diagnosis, disease identity, physiological drought, nutrient deficiency, or treatment need without independent field validation."
190,0.32041408798281,0.1662206222394124,0.4300727248521073,0.0693381709526784,0.9680761514011458,-0.0834452391893692,0.2736690191874714,1.877052345361836,3.8523203386362943,0.0373484821849381,725.058388958431,5,PIXELWISE_INDEX_THEN_CROWN_STATISTIC_THEN_MULTISTRIP_AGGREGATION,True,0.0422987729635433,0.0265096083492808,0.0915860773975154,0.0140591533149417,0.0409058123549228,0.0059137612263582,0.0263395814807498,0.1040105259800707,0.4076482510219433,0.011665667974656,0.2893065803718462,-0.1608649447750232,0.2500829501924839,MULTI_STRIP,HIGH,2,"10,11",ALL_386_COMPLETE_TREE_LEVEL_INVENTORY,True,True,False,True,True,ANOMALOUS_CONCORDANT,SUPPORTED_WATER_STATUS_ANOMALY,HIGH,True,True,True,True,True,True,True,True,True,False,True,CONCORDANT_BIOCHEMICAL_DECLINE,True,1.986721754074097,1.139053225517273,1.83599853515625,0.1507232189178466,21,1.0,PASS,,False,False,False,NO_LOW_STATURE_EVIDENCE,NONE,SUPPORTED_ANOMALY,SUPPORTED_ANOMALY,NO_LOW_STATURE_EVIDENCE,True,True,False,False,False,False,False,True,3,2,WATER_BIOCHEMICAL_ONLY,COMPLETE_3_OF_3,MULTI_DOMAIN_PRIORITY,"These are orchard-relative screening patterns and internal cross-domain corroboration. They do not establish causal diagnosis, disease identity, physiological drought, nutrient deficiency, or treatment need without independent field validation."
191,0.6054558246180667,0.3371286583490198,1.1327463707146728,0.1512023225256962,1.0369833460910516,-0.080466165035555,0.1063170588164788,1.2507816588565266,3.992207904981645,0.1026185561795917,726.9590996851554,4,PIXELWISE_INDEX_THEN_CROWN_STATISTIC_THEN_MULTISTRIP_AGGREGATION,True,0.021474906961323,0.0016361443486578,0.0004321209927634,0.0304189085611915,0.0563944270307078,0.0007918784586291,0.002952781736336,0.000743862411216,0.6595849620318891,0.0192683735165007,0.2020943406539891,-0.459963066210771,0.4832210960515175,MULTI_STRIP,HIGH,2,"9,10",ALL_386_COMPLETE_TREE_LEVEL_INVENTORY,True,False,False,False,False,NO_ANOMALY,NO_CONCORDANT_WATER_ANOMALY,HIGH,True,False,False,False,False,False,False,False,False,False,True,NO_CONCORDANT_BIOCHEMICAL_DECLINE,True,2.822573113441468,2.132932022213936,2.719601440429688,0.1029716730117802,87,1.0,PASS,,False,False,True,NO_LOW_STATURE_EVIDENCE,NONE,NO_CONCORDANT_ANOMALY,NO_CONCORDANT_ANOMALY,NO_LOW_STATURE_EVIDENCE,False,False,False,False,False,False,False,True,3,0,NO_SUPPORTED_MAJOR_DOMAIN_ANOMALY,COMPLETE_3_OF_3,NO_SUPPORTED_ANOMALY,"These are orchard-relative screening patterns and internal cross-domain corroboration. They do not establish causal diagnosis, disease identity, physiological drought, nutrient deficiency, or treatment need without independent field validation."
192,0.3126179385646381,0.1377693222777196,0.3292073154259738,0.0648627946190566,0.9140933813229108,-0.0905730434458557,0.3080025823758741,1.8413656895745325,6.813875302944231,0.0279144027860036,723.9461521466578,5,PIXELWISE_INDEX_THEN_CROWN_STATISTIC_THEN_MULTISTRIP_AGGREGATION,True,0.0215116493704097,0.0076481938379916,0.0201663293466016,0.005213708789162,0.0239569382118576,0.0021337305644031,0.0123882322019426,0.0772855422269361,1.0186354161885045,0.0024773220157529,0.351333098571672,-0.110064885858515,0.2087804848969039,SINGLE_STRIP,MODERATE,1,11,ALL_386_COMPLETE_TREE_LEVEL_INVENTORY,True,True,True,True,True,ANOMALOUS_CONCORDANT,STRONG_INTERNAL_WATER_EVIDENCE,MODERATE,True,True,True,True,True,True,True,True,True,True,True,STRONG_CONCORDANT_BIOCHEMICAL_DECLINE,True,0.350814513862133,0.0413173288106918,,,16,1.0,WARN,surface cells < 20,True,False,False,LOW_STATURE_LAS_ONLY,SINGLE_MEASUREMENT,SUPPORTED_ANOMALY,SUPPORTED_ANOMALY,LOW_STATURE_LAS_ONLY,True,True,True,False,False,False,False,True,3,2,WATER_BIOCHEMICAL_ONLY,COMPLETE_3_OF_3,MULTI_DOMAIN_PRIORITY,"These are orchard-relative screening patterns and internal cross-domain corroboration. They do not establish causal diagnosis, disease identity, physiological drought, nutrient deficiency, or treatment need without independent field validation."
193,0.7016613898805603,0.4022006096797915,1.4411375038229302,0.1690199778722729,1.045955652966973,-0.0763659977114556,0.0646705271730451,1.1207582249961232,4.112005472955179,0.1191058032958402,727.4877818374518,4,PIXELWISE_INDEX_THEN_CROWN_STATISTIC_THEN_MULTISTRIP_AGGREGATION,True,0.0378616381104123,0.0174155457647292,0.0531096468469799,0.0339225473762771,0.0533142214956339,0.0074711857364947,0.0156100457783061,0.0391526943260099,1.182432826138322,0.0282166379973194,0.5443874630347912,-0.5646013421558258,0.5761822861302229,MULTI_STRIP,HIGH,2,"9,10",ALL_386_COMPLETE_TREE_LEVEL_INVENTORY,True,False,False,False,False,NO_ANOMALY,NO_CONCORDANT_WATER_ANOMALY,HIGH,True,False,False,False,False,False,False,False,False,False,True,NO_CONCORDANT_BIOCHEMICAL_DECLINE,True,2.036448407173157,0.4979388415813446,1.8199905395507807,0.2164578676223754,52,1.0,PASS,,False,False,False,NO_LOW_STATURE_EVIDENCE,NONE,NO_CONCORDANT_ANOMALY,NO_CONCORDANT_ANOMALY,NO_LOW_STATURE_EVIDENCE,False,False,False,False,False,False,False,True,3,0,NO_SUPPORTED_MAJOR_DOMAIN_ANOMALY,COMPLETE_3_OF_3,NO_SUPPORTED_ANOMALY,"These are orchard-relative screening patterns and internal cross-domain corroboration. They do not establish causal diagnosis, disease identity, physiological drought, nutrient deficiency, or treatment need without independent field validation."
194,0.608470278522909,0.3289342515920481,1.0520806324402716,0.1547218279690718,1.0107769675305078,-0.0824062836113549,0.1029984606201511,1.2209303946080403,3.523376443133922,0.105781257746695,726.2957344559568,4,PIXELWISE_INDEX_THEN_CROWN_STATISTIC_THEN_MULTISTRIP_AGGREGATION,True,0.007828854197608,0.0028784003871707,0.0080560952857834,0.0168427821921056,0.0268584233826143,0.0045059460340769,0.0006670387187025,0.006080439322288,0.557938660378233,0.0157727581662946,0.2831487422163046,-0.4702676730470042,0.4827843007121191,MULTI_STRIP,HIGH,2,"9,10",ALL_386_COMPLETE_TREE_LEVEL_INVENTORY,True,False,False,False,False,NO_ANOMALY,NO_CONCORDANT_WATER_ANOMALY,HIGH,True,False,False,False,False,False,False,False,False,False,True,NO_CONCORDANT_BIOCHEMICAL_DECLINE,True,2.8228211879730223,0.9231985807418824,2.256900787353515,0.5659204006195071,65,1.0,PASS,,False,False,False,NO_LOW_STATURE_EVIDENCE,NONE,NO_CONCORDANT_ANOMALY,NO_CONCORDANT_ANOMALY,NO_LOW_STATURE_EVIDENCE,False,False,False,False,False,False,False,True,3,0,NO_SUPPORTED_MAJOR_DOMAIN_ANOMALY,COMPLETE_3_OF_3,NO_SUPPORTED_ANOMALY,"These are orchard-relative screening patterns and internal cross-domain corroboration. They do not establish causal diagnosis, disease identity, physiological drought, nutrient deficiency, or treatment need without independent field validation."
195,0.5228994624033773,0.262109354941837,0.7619091298194416,0.1503951766189645,1.015018193918446,-0.0954515211394625,0.1569156797111912,1.368222531785765,3.50288997391914,0.1004139925421479,724.9653545753746,5,PIXELWISE_INDEX_THEN_CROWN_STATISTIC_THEN_MULTISTRIP_AGGREGATION,True,0.0142618914287699,0.0064857443815099,0.019368685789996,0.0135204258023525,0.0140800020454996,0.0008033744012175,0.0117836148160603,0.0400031210182937,0.1425350445485773,0.0090668976944268,0.8275577447527667,-0.3995741278637672,0.4352742669958847,MULTI_STRIP,HIGH,2,"10,11",ALL_386_COMPLETE_TREE_LEVEL_INVENTORY,True,False,True,False,False,NO_ANOMALY,NO_CONCORDANT_WATER_ANOMALY,HIGH,True,False,False,True,False,False,False,False,False,False,True,NO_CONCORDANT_BIOCHEMICAL_DECLINE,True,2.510033965110779,1.3432250767946243,2.104107666015625,0.405926299095154,51,1.0,PASS,,False,False,False,NO_LOW_STATURE_EVIDENCE,NONE,NO_CONCORDANT_ANOMALY,NO_CONCORDANT_ANOMALY,NO_LOW_STATURE_EVIDENCE,False,False,False,False,False,False,False,True,3,0,NO_SUPPORTED_MAJOR_DOMAIN_ANOMALY,COMPLETE_3_OF_3,NO_SUPPORTED_ANOMALY,"These are orchard-relative screening patterns and internal cross-domain corroboration. They do not establish causal diagnosis, disease identity, physiological drought, nutrient deficiency, or treatment need without independent field validation."
196,0.5480233362800302,0.3175250779894549,1.0184790499729497,0.1137700814587073,1.008568278806494,-0.0784054809277023,0.1431773087417781,1.303092357730646,3.3337427181310137,0.0823489257808112,726.6323499353239,5,PIXELWISE_INDEX_THEN_CROWN_STATISTIC_THEN_MULTISTRIP_AGGREGATION,True,0.0101718347926805,0.0062856123755998,0.0409664380977274,0.0093161481139174,0.0419457002634393,0.0034346123051923,0.0044035779551824,0.002688973384228,0.1717408641766757,0.0065694195904736,0.7224629005120278,-0.3394125348749318,0.4063583391456102,MULTI_STRIP,HIGH,2,"10,11",ALL_386_COMPLETE_TREE_LEVEL_INVENTORY,True,False,False,False,False,NO_ANOMALY,NO_CONCORDANT_WATER_ANOMALY,HIGH,True,False,False,False,False,False,False,False,False,False,True,NO_CONCORDANT_BIOCHEMICAL_DECLINE,True,1.9504629611968995,1.360955387353897,1.811891174316406,0.1385717868804932,37,1.0,PASS,,False,False,False,NO_LOW_STATURE_EVIDENCE,NONE,NO_CONCORDANT_ANOMALY,NO_CONCORDANT_ANOMALY,NO_LOW_STATURE_EVIDENCE,False,False,False,False,False,False,False,True,3,0,NO_SUPPORTED_MAJOR_DOMAIN_ANOMALY,COMPLETE_3_OF_3,NO_SUPPORTED_ANOMALY,"These are orchard-relative screening patterns and internal cross-domain corroboration. They do not establish causal diagnosis, disease identity, physiological drought, nutrient deficiency, or treatment need without independent field validation."
197,0.415101377222571,0.1759623215575686,0.4438934040729562,0.1536080660079835,1.0111517826578609,-0.0970443065123548,0.2051890141926834,1.503229239985192,3.249900494149812,0.0909846311796031,724.2433509272275,5,PIXELWISE_INDEX_THEN_CROWN_STATISTIC_THEN_MULTISTRIP_AGGREGATION,True,0.0262615920814675,0.0176947181206518,0.0551042732482963,0.0046201451980145,0.0321416141252616,0.0010332470311812,0.0116672090670435,0.0632218954884882,0.0610466419206772,0.0061938446047345,0.9658169756298776,-0.3178782756242509,0.3789731243720635,MULTI_STRIP,HIGH,2,"10,11",ALL_386_COMPLETE_TREE_LEVEL_INVENTORY,True,False,True,False,False,NO_ANOMALY,NO_CONCORDANT_WATER_ANOMALY,HIGH,True,True,True,True,True,True,False,False,False,False,True,CHLOROPHYLL_RED_EDGE_ONLY,True,2.5783700942993164,0.8471713066101074,2.17999267578125,0.3983774185180664,17,1.0,WARN,surface cells < 20,False,False,False,NO_LOW_STATURE_EVIDENCE,NONE,NO_CONCORDANT_ANOMALY,SCREENING_ANOMALY,NO_LOW_STATURE_EVIDENCE,False,False,False,False,False,True,True,True,3,0,NO_SUPPORTED_MAJOR_DOMAIN_ANOMALY,COMPLETE_3_OF_3,SCREENING_PRIORITY,"These are orchard-relative screening patterns and internal cross-domain corroboration. They do not establish causal diagnosis, disease identity, physiological drought, nutrient deficiency, or treatment need without independent field validation."
198,0.5730494405658275,0.3096818299321019,0.959373989969135,0.1261043808608457,1.0158305011557611,-0.0806881141424873,0.1446439064797324,1.275376674160554,6.077534400892273,0.0858353252936891,726.6853466543598,4,PIXELWISE_INDEX_THEN_CROWN_STATISTIC_THEN_MULTISTRIP_AGGREGATION,True,0.011975741775559,0.0055334283361998,0.0375527331107584,0.0244916132250527,0.0402271623295244,0.0008670433418529,0.0013176190288627,0.0141860412574979,0.4009349209810947,0.0162876019325109,0.1583192617078508,-0.4414164087529467,0.4782267652566099,MULTI_STRIP,HIGH,2,"9,10",ALL_386_COMPLETE_TREE_LEVEL_INVENTORY,True,False,False,False,False,NO_ANOMALY,NO_CONCORDANT_WATER_ANOMALY,HIGH,True,False,False,False,False,False,False,False,False,True,True,NO_CONCORDANT_BIOCHEMICAL_DECLINE,True,3.061488735675812,0.9930546879768372,2.9169921875,0.1444965481758116,90,1.0,PASS,,False,False,False,NO_LOW_STATURE_EVIDENCE,NONE,NO_CONCORDANT_ANOMALY,NO_CONCORDANT_ANOMALY,NO_LOW_STATURE_EVIDENCE,False,False,False,False,False,False,False,True,3,0,NO_SUPPORTED_MAJOR_DOMAIN_ANOMALY,COMPLETE_3_OF_3,NO_SUPPORTED_ANOMALY,"These are orchard-relative screening patterns and internal cross-domain corroboration. They do not establish causal diagnosis, disease identity, physiological drought, nutrient deficiency, or treatment need without independent field validation."
199,0.3144370543860391,0.1567914667494219,0.3889434469750428,0.0697483043179243,0.9450323022077772,-0.0830776651007869,0.2799394856860919,1.831839898992077,3.7442648300481554,0.0378036903526275,725.0658296138396,5,PIXELWISE_INDEX_THEN_CROWN_STATISTIC_THEN_MULTISTRIP_AGGREGATION,True,0.0167773409468375,0.0113624858256582,0.0345410496652453,0.0113866417997015,0.073804357945164,0.0051623688052621,0.015608435541048,0.0758131035164222,0.4366591267473079,0.0094263921244267,0.3794188614479467,-0.1517121438416916,0.2510827889904578,MULTI_STRIP,HIGH,2,"10,11",ALL_386_COMPLETE_TREE_LEVEL_INVENTORY,True,True,False,True,False,PARTIAL_DISCORDANT,SWIR_DISCORDANT_INSUFFICIENT_EVIDENCE,HIGH,True,True,True,True,True,True,True,True,True,False,True,CONCORDANT_BIOCHEMICAL_DECLINE,True,1.9377164125442503,0.0892521739006042,,,17,1.0,WARN,surface cells < 20,False,False,False,NO_LOW_STATURE_EVIDENCE,NONE,INCONCLUSIVE,SUPPORTED_ANOMALY,NO_LOW_STATURE_EVIDENCE,False,True,False,False,False,False,False,True,3,1,BIOCHEMICAL_ONLY,COMPLETE_3_OF_3,SINGLE_DOMAIN_PRIORITY,"These are orchard-relative screening patterns and internal cross-domain corroboration. They do not establish causal diagnosis, disease identity, physiological drought, nutrient deficiency, or treatment need without independent field validation."
200,0.5534334591142556,0.3038975901713251,0.9181166334409948,0.1129374060674405,0.9814652068852804,-0.0743440838403726,0.1221531901022009,1.2418133685583648,4.430031394951078,0.0793347985385694,726.9115819661102,4,PIXELWISE_INDEX_THEN_CROWN_STATISTIC_THEN_MULTISTRIP_AGGREGATION,True,0.0014715666321701,0.0013151722994132,0.0091436622288981,0.0030628192270363,0.0216422711303957,0.0027246519304019,0.0001989399813538,0.0046916421174089,0.6609339542040438,0.0064222032929478,0.1926404043500724,-0.3803918965250601,0.4308609669042118,MULTI_STRIP,HIGH,2,"9,10",ALL_386_COMPLETE_TREE_LEVEL_INVENTORY,True,False,False,False,False,NO_ANOMALY,NO_CONCORDANT_WATER_ANOMALY,HIGH,True,False,False,False,False,False,False,False,False,False,True,NO_CONCORDANT_BIOCHEMICAL_DECLINE,True,1.4697011232376098,0.4797883629798889,1.3765487670898438,0.093152356147766,35,1.0,PASS,,True,True,False,CORROBORATED_LOW_STRUCTURAL_STATURE,CORROBORATED,NO_CONCORDANT_ANOMALY,NO_CONCORDANT_ANOMALY,LOW_STATURE_CORROBORATED,False,False,True,True,False,False,False,True,3,1,STRUCTURE_ONLY,COMPLETE_3_OF_3,SINGLE_DOMAIN_PRIORITY,"These are orchard-relative screening patterns and internal cross-domain corroboration. They do not establish causal diagnosis, disease identity, physiological drought, nutrient deficiency, or treatment need without independent field validation."
201,0.4935501134904827,0.2726508920412269,0.8687952458205594,0.1084265423635976,1.0608702556414369,-0.0807280703669123,0.1791880664368649,1.479365016158673,3.7488681852319994,0.0727805390930608,726.0495914744697,5,PIXELWISE_INDEX_THEN_CROWN_STATISTIC_THEN_MULTISTRIP_AGGREGATION,True,0.0110808461442396,0.0080313939167158,0.0279314526444094,0.0029626888547835,0.1275631424534908,0.0026357183291029,0.0073737782119163,0.0454941643254478,0.0719349465220557,0.0034150895410203,0.0361053327554259,-0.3465722398796819,0.4035997742341617,SINGLE_STRIP,MODERATE,1,10,ALL_386_COMPLETE_TREE_LEVEL_INVENTORY,True,False,False,False,False,NO_ANOMALY,NO_CONCORDANT_WATER_ANOMALY,MODERATE,True,False,False,False,False,False,False,False,False,False,True,NO_CONCORDANT_BIOCHEMICAL_DECLINE,True,1.9480625629425048,1.4677751958370209,1.8753585815429688,0.072703981399536,37,1.0,PASS,,False,False,True,NO_LOW_STATURE_EVIDENCE,NONE,NO_CONCORDANT_ANOMALY,NO_CONCORDANT_ANOMALY,NO_LOW_STATURE_EVIDENCE,False,False,False,False,False,False,False,True,3,0,NO_SUPPORTED_MAJOR_DOMAIN_ANOMALY,COMPLETE_3_OF_3,NO_SUPPORTED_ANOMALY,"These are orchard-relative screening patterns and internal cross-domain corroboration. They do not establish causal diagnosis, disease identity, physiological drought, nutrient deficiency, or treatment need without independent field validation."
203,0.6805185660257198,0.3884303964465895,1.3927623753384748,0.169019871221045,1.0677921605929837,-0.0778118539938613,0.0648457522123965,1.1353561765682554,3.913190858263556,0.1129802473505504,727.230675454746,4,PIXELWISE_INDEX_THEN_CROWN_STATISTIC_THEN_MULTISTRIP_AGGREGATION,True,0.0127467804320396,0.007007836201675,0.0284810273583267,0.0097962640366293,0.0093153603138852,0.0097243360276572,0.0021129109582119,0.0114597144134278,0.7432953484004423,0.0114640348679079,0.2954971317260387,-0.5676575120659282,0.5759785697496322,MULTI_STRIP,HIGH,2,"9,10",ALL_386_COMPLETE_TREE_LEVEL_INVENTORY,True,False,False,False,False,NO_ANOMALY,NO_CONCORDANT_WATER_ANOMALY,HIGH,True,False,False,False,False,False,False,False,False,False,True,NO_CONCORDANT_BIOCHEMICAL_DECLINE,True,2.3625473260879515,0.5835062265396118,2.239486694335937,0.1230606317520139,95,1.0,PASS,,False,False,False,NO_LOW_STATURE_EVIDENCE,NONE,NO_CONCORDANT_ANOMALY,NO_CONCORDANT_ANOMALY,NO_LOW_STATURE_EVIDENCE,False,False,False,False,False,False,False,True,3,0,NO_SUPPORTED_MAJOR_DOMAIN_ANOMALY,COMPLETE_3_OF_3,NO_SUPPORTED_ANOMALY,"These are orchard-relative screening patterns and internal cross-domain corroboration. They do not establish causal diagnosis, disease identity, physiological drought, nutrient deficiency, or treatment need without independent field validation."
204,0.2896941338583559,0.1468938898635791,0.3553130930469441,0.0570390836125727,0.9344219655161008,-0.0872651417476553,0.2950113755357592,1.8885401569351508,4.285494373787594,0.0276142659441527,724.298368120319,5,PIXELWISE_INDEX_THEN_CROWN_STATISTIC_THEN_MULTISTRIP_AGGREGATION,True,0.0070816971827076,0.0056967461274023,0.0154665308290065,0.0064760942127839,0.032969188101474,0.0031723051987573,0.0054549373017819,0.0484921557816846,0.4196639505888144,0.004893932011623,0.575429388881463,-0.0939842703038079,0.1892711811252976,MULTI_STRIP,HIGH,2,"10,11",ALL_386_COMPLETE_TREE_LEVEL_INVENTORY,True,True,False,True,True,ANOMALOUS_CONCORDANT,SUPPORTED_WATER_STATUS_ANOMALY,HIGH,True,True,True,True,True,True,True,True,True,False,True,CONCORDANT_BIOCHEMICAL_DECLINE,True,0.8311272263526905,0.0938812941312789,1.5909881591796875,-0.759860932826997,15,1.0,WARN,surface cells < 20,True,False,False,LOW_STATURE_LAS_ONLY,SINGLE_MEASUREMENT,SUPPORTED_ANOMALY,SUPPORTED_ANOMALY,LOW_STATURE_LAS_ONLY,True,True,True,False,False,False,False,True,3,2,WATER_BIOCHEMICAL_ONLY,COMPLETE_3_OF_3,MULTI_DOMAIN_PRIORITY,"These are orchard-relative screening patterns and internal cross-domain corroboration. They do not establish causal diagnosis, disease identity, physiological drought, nutrient deficiency, or treatment need without independent field validation."
205,0.6112656252774906,0.3269464526749394,1.0050559746628906,0.1525716041366976,0.998433810208191,-0.0743785470780258,0.0916098377535841,1.1623010784974963,3.716625027788933,0.1067179424583703,726.3948435103641,4,PIXELWISE_INDEX_THEN_CROWN_STATISTIC_THEN_MULTISTRIP_AGGREGATION,True,0.0065601895218967,0.0092189086389629,0.0405078163247173,0.0113166348773488,0.0208063813671802,0.0041397456268955,0.0063653170551186,0.0117404178542668,0.269631826481705,0.0096514038468335,0.3101178945173046,-0.4899347708295347,0.518413099442981,MULTI_STRIP,HIGH,2,"9,10",ALL_386_COMPLETE_TREE_LEVEL_INVENTORY,True,False,False,False,False,NO_ANOMALY,NO_CONCORDANT_WATER_ANOMALY,HIGH,True,False,False,False,False,False,False,False,False,False,True,NO_CONCORDANT_BIOCHEMICAL_DECLINE,True,1.6649845004081725,0.8178545236587524,1.5073974609374998,0.1575870394706726,40,1.0,PASS,,False,False,False,NO_LOW_STATURE_EVIDENCE,NONE,NO_CONCORDANT_ANOMALY,NO_CONCORDANT_ANOMALY,NO_LOW_STATURE_EVIDENCE,False,False,False,False,False,False,False,True,3,0,NO_SUPPORTED_MAJOR_DOMAIN_ANOMALY,COMPLETE_3_OF_3,NO_SUPPORTED_ANOMALY,"These are orchard-relative screening patterns and internal cross-domain corroboration. They do not establish causal diagnosis, disease identity, physiological drought, nutrient deficiency, or treatment need without independent field validation."
206,0.3612479838407844,0.2007686039317045,0.5315964000971954,0.0669383536405123,0.9847380339273868,-0.0824407077596499,0.2348412440783761,1.578684763442439,3.96312354060274,0.039471614452947,726.6382461253252,5,PIXELWISE_INDEX_THEN_CROWN_STATISTIC_THEN_MULTISTRIP_AGGREGATION,True,0.0273399694491864,0.0181514705381044,0.0756681217006573,0.0044456745362658,0.0077551936624886,0.0031900052499269,0.0128757672452585,0.0242767718404864,0.3419128904609898,0.0064130562700164,3.060936248811629,-0.1383329980682642,0.2224021453514555,MULTI_STRIP,HIGH,2,"10,11",ALL_386_COMPLETE_TREE_LEVEL_INVENTORY,True,False,False,True,True,ANOMALOUS_CONCORDANT,ISOLATED_DIRECT_WATER_ANOMALY,HIGH,True,False,True,False,False,False,False,False,False,False,True,NO_CONCORDANT_BIOCHEMICAL_DECLINE,True,0.8957472130656234,0.0734229981899261,1.2599945068359375,-0.364247293770314,10,1.0,WARN,surface cells < 20,True,True,False,CORROBORATED_LOW_STRUCTURAL_STATURE,CORROBORATED,SCREENING_ANOMALY,NO_CONCORDANT_ANOMALY,LOW_STATURE_CORROBORATED,False,False,True,True,True,False,True,True,3,1,STRUCTURE_ONLY,COMPLETE_3_OF_3,SINGLE_DOMAIN_PRIORITY,"These are orchard-relative screening patterns and internal cross-domain corroboration. They do not establish causal diagnosis, disease identity, physiological drought, nutrient deficiency, or treatment need without independent field validation."
209,0.6070593338100202,0.3277080347493332,1.065712144902511,0.1572760475542678,1.1191296645629176,-0.0822553954093946,0.1013448496645095,1.2172034194948895,3.9835494853851743,0.1028130924807757,726.3098765996035,4,PIXELWISE_INDEX_THEN_CROWN_STATISTIC_THEN_MULTISTRIP_AGGREGATION,True,0.0094122232373994,0.000367755939372,0.0063438362465486,0.0229439515794528,0.0777428439254434,0.0031412282266057,0.0009667588826429,0.0018759466940773,0.437684326030324,0.0161235463709508,0.0764398259722725,-0.4489625253498602,0.4749295566492045,MULTI_STRIP,HIGH,2,"9,10",ALL_386_COMPLETE_TREE_LEVEL_INVENTORY,True,False,False,False,False,NO_ANOMALY,NO_CONCORDANT_WATER_ANOMALY,HIGH,True,False,False,False,False,False,False,False,False,False,True,NO_CONCORDANT_BIOCHEMICAL_DECLINE,True,2.039141499996185,1.083897203207016,1.8581008911132808,0.1810406088829039,50,1.0,PASS,,False,False,False,NO_LOW_STATURE_EVIDENCE,NONE,NO_CONCORDANT_ANOMALY,NO_CONCORDANT_ANOMALY,NO_LOW_STATURE_EVIDENCE,False,False,False,False,False,False,False,True,3,0,NO_SUPPORTED_MAJOR_DOMAIN_ANOMALY,COMPLETE_3_OF_3,NO_SUPPORTED_ANOMALY,"These are orchard-relative screening patterns and internal cross-domain corroboration. They do not establish causal diagnosis, disease identity, physiological drought, nutrient deficiency, or treatment need without independent field validation."
210,0.575132228240674,0.3046566717285512,0.9443704072794228,0.1416090438283392,0.9553256433856752,-0.0771103925724468,0.1194312126495017,1.234192289368246,6.596043520457601,0.0905560651042425,726.8901966141229,4,PIXELWISE_INDEX_THEN_CROWN_STATISTIC_THEN_MULTISTRIP_AGGREGATION,True,0.1143609529774456,0.0649704342824427,0.2756188354004084,0.0581270100687414,0.1029360721185642,0.0166918793017593,0.0544752330698915,0.1183344210746574,4.202166648314079,0.0505016860265118,0.7037878383389157,-0.5439253275877528,0.5732686148878239,MULTI_STRIP,HIGH,2,"8,9",ALL_386_COMPLETE_TREE_LEVEL_INVENTORY,True,True,False,False,False,NO_ANOMALY,ISOLATED_DIRECT_WATER_ANOMALY,HIGH,True,False,False,False,False,False,False,False,False,True,True,NO_CONCORDANT_BIOCHEMICAL_DECLINE,True,2.20266695022583,0.3666929006576538,2.026287841796875,0.176379108428955,49,1.0,PASS,,False,False,False,NO_LOW_STATURE_EVIDENCE,NONE,SCREENING_ANOMALY,NO_CONCORDANT_ANOMALY,NO_LOW_STATURE_EVIDENCE,False,False,False,False,True,False,True,True,3,0,NO_SUPPORTED_MAJOR_DOMAIN_ANOMALY,COMPLETE_3_OF_3,SCREENING_PRIORITY,"These are orchard-relative screening patterns and internal cross-domain corroboration. They do not establish causal diagnosis, disease identity, physiological drought, nutrient deficiency, or treatment need without independent field validation."
211,0.4757961567855108,0.2640235835108024,0.801636072737051,0.0748354763725522,0.949662188725357,-0.0928855047235198,0.2362547186292265,1.5036080560186482,6.608360985835619,0.0520934883304187,726.8358450257911,4,PIXELWISE_INDEX_THEN_CROWN_STATISTIC_THEN_MULTISTRIP_AGGREGATION,True,0.0190337792312121,0.0104665348713877,0.0467232044673008,0.0134490339070082,0.0520484615065556,0.0016774753659439,0.0098012773907192,0.0237260194879537,0.4774554319943864,0.0109090483660726,0.4149326863026772,-0.3151695705723035,0.375879172683591,MULTI_STRIP,HIGH,2,"9,10",ALL_386_COMPLETE_TREE_LEVEL_INVENTORY,True,True,True,False,False,NO_ANOMALY,ISOLATED_DIRECT_WATER_ANOMALY,HIGH,True,False,False,False,False,False,False,False,False,True,True,NO_CONCORDANT_BIOCHEMICAL_DECLINE,True,1.8061497330665583,0.5616300702095032,1.6001968383789062,0.2059528946876523,35,1.0,PASS,,False,False,False,NO_LOW_STATURE_EVIDENCE,NONE,SCREENING_ANOMALY,NO_CONCORDANT_ANOMALY,NO_LOW_STATURE_EVIDENCE,False,False,False,False,True,False,True,True,3,0,NO_SUPPORTED_MAJOR_DOMAIN_ANOMALY,COMPLETE_3_OF_3,SCREENING_PRIORITY,"These are orchard-relative screening patterns and internal cross-domain corroboration. They do not establish causal diagnosis, disease identity, physiological drought, nutrient deficiency, or treatment need without independent field validation."
212,0.3917055372378693,0.2032851857583024,0.5479828062305095,0.0850172070100795,0.97887323941597,-0.0937909506022879,0.2366998947227371,1.6043013963001922,4.123397371533073,0.0538145217259041,725.1030817365302,5,PIXELWISE_INDEX_THEN_CROWN_STATISTIC_THEN_MULTISTRIP_AGGREGATION,True,0.0109906247605157,0.0107142990691931,0.040097788095762,0.0031305192327834,0.0329424875382156,0.0023062498021779,0.0090750118592577,0.0261136312640806,0.0544085868840449,0.0017431463122603,0.0969420510439817,-0.186461048973698,0.2613423280307899,SINGLE_STRIP,MODERATE,1,11,ALL_386_COMPLETE_TREE_LEVEL_INVENTORY,True,False,True,False,False,NO_ANOMALY,NO_CONCORDANT_WATER_ANOMALY,MODERATE,True,False,False,True,False,False,False,False,False,False,True,NO_CONCORDANT_BIOCHEMICAL_DECLINE,True,1.8902117192745207,1.1619935110211372,1.5322578430175782,0.3579538762569425,32,1.0,PASS,,False,False,False,NO_LOW_STATURE_EVIDENCE,NONE,NO_CONCORDANT_ANOMALY,NO_CONCORDANT_ANOMALY,NO_LOW_STATURE_EVIDENCE,False,False,False,False,False,False,False,True,3,0,NO_SUPPORTED_MAJOR_DOMAIN_ANOMALY,COMPLETE_3_OF_3,NO_SUPPORTED_ANOMALY,"These are orchard-relative screening patterns and internal cross-domain corroboration. They do not establish causal diagnosis, disease identity, physiological drought, nutrient deficiency, or treatment need without independent field validation."
213,0.7272812194577332,0.4151586748887751,1.4935510146025286,0.1940414199312939,1.075469640876446,-0.0798565188548315,0.0520063626615759,1.1003002694775157,2.3704450425203136,0.137815166858366,727.0491067256286,4,PIXELWISE_INDEX_THEN_CROWN_STATISTIC_THEN_MULTISTRIP_AGGREGATION,True,0.012415880847122,0.0078274038325658,0.0395249011797388,0.0028240596049525,0.023185233076379,0.0118064059162182,0.0066331339387665,0.0189951431518849,0.2331909465672002,0.0079676101621015,0.8937503507238578,-0.5901745818765005,0.599333505984453,MULTI_STRIP,HIGH,2,"9,10",ALL_386_COMPLETE_TREE_LEVEL_INVENTORY,True,False,False,False,False,NO_ANOMALY,NO_CONCORDANT_WATER_ANOMALY,HIGH,True,False,False,False,False,False,False,False,False,False,True,NO_CONCORDANT_BIOCHEMICAL_DECLINE,True,2.675241208076477,0.4730788469314575,2.590304565429688,0.0849366426467894,107,1.0,PASS,,False,False,False,NO_LOW_STATURE_EVIDENCE,NONE,NO_CONCORDANT_ANOMALY,NO_CONCORDANT_ANOMALY,NO_LOW_STATURE_EVIDENCE,False,False,False,False,False,False,False,True,3,0,NO_SUPPORTED_MAJOR_DOMAIN_ANOMALY,COMPLETE_3_OF_3,NO_SUPPORTED_ANOMALY,"These are orchard-relative screening patterns and internal cross-domain corroboration. They do not establish causal diagnosis, disease identity, physiological drought, nutrient deficiency, or treatment need without independent field validation."
214,0.4987167782668723,0.2856090020803997,0.9623704636989374,0.0961548825934661,1.149745877743372,-0.0803710598642798,0.1683625757430016,1.5111151323317484,5.035628336503746,0.0637324556642872,726.7366751375347,5,PIXELWISE_INDEX_THEN_CROWN_STATISTIC_THEN_MULTISTRIP_AGGREGATION,True,0.0787643054845576,0.0514676602135211,0.2441650360846487,0.0356799165043982,0.0651890840873098,0.0072777485902616,0.0336456298680219,0.0586246000391551,1.401959008322421,0.0310160388321562,0.1120655446359251,-0.4634521056876427,0.4812050932024905,SINGLE_STRIP,MODERATE,1,10,ALL_386_COMPLETE_TREE_LEVEL_INVENTORY,True,False,False,False,False,NO_ANOMALY,NO_CONCORDANT_WATER_ANOMALY,MODERATE,True,False,False,False,False,False,False,False,False,True,True,NO_CONCORDANT_BIOCHEMICAL_DECLINE,True,2.916558599472046,1.099554866552353,2.8751983642578125,0.0413602352142334,98,1.0,PASS,,False,False,False,NO_LOW_STATURE_EVIDENCE,NONE,NO_CONCORDANT_ANOMALY,NO_CONCORDANT_ANOMALY,NO_LOW_STATURE_EVIDENCE,False,False,False,False,False,False,False,True,3,0,NO_SUPPORTED_MAJOR_DOMAIN_ANOMALY,COMPLETE_3_OF_3,NO_SUPPORTED_ANOMALY,"These are orchard-relative screening patterns and internal cross-domain corroboration. They do not establish causal diagnosis, disease identity, physiological drought, nutrient deficiency, or treatment need without independent field validation."
215,0.4758739613715305,0.2672577237262238,0.7673576985020758,0.0924404053051198,1.0350647389908847,-0.0818800886568069,0.1653222866091865,1.3471977019988084,3.6771908067728662,0.0659407107216823,726.7920891803849,5,PIXELWISE_INDEX_THEN_CROWN_STATISTIC_THEN_MULTISTRIP_AGGREGATION,True,0.0016320692416246,0.0046253257121038,0.0090783165726935,0.0006424307304301,0.0274445459226552,0.0037926561097999,0.0100269865649711,0.0263318684444814,0.0119144643634758,0.0009808311686565,0.4002401975631642,-0.2668914571322384,0.3343119847123597,MULTI_STRIP,HIGH,2,"10,11",ALL_386_COMPLETE_TREE_LEVEL_INVENTORY,True,False,False,False,False,NO_ANOMALY,NO_CONCORDANT_WATER_ANOMALY,HIGH,True,False,False,False,False,False,False,False,False,False,True,NO_CONCORDANT_BIOCHEMICAL_DECLINE,True,1.778295540809631,0.6632443740963936,1.4250030517578125,0.3532924890518185,24,1.0,PASS,,False,False,False,NO_LOW_STATURE_EVIDENCE,NONE,NO_CONCORDANT_ANOMALY,NO_CONCORDANT_ANOMALY,NO_LOW_STATURE_EVIDENCE,False,False,False,False,False,False,False,True,3,0,NO_SUPPORTED_MAJOR_DOMAIN_ANOMALY,COMPLETE_3_OF_3,NO_SUPPORTED_ANOMALY,"These are orchard-relative screening patterns and internal cross-domain corroboration. They do not establish causal diagnosis, disease identity, physiological drought, nutrient deficiency, or treatment need without independent field validation."
216,0.6791409483754995,0.390737712599225,1.411868128366781,0.1623443209819948,1.0259177430555035,-0.0800441271994241,0.0779985420938104,1.166414909089439,3.703269303071679,0.1094989961249952,727.7245199106192,4,PIXELWISE_INDEX_THEN_CROWN_STATISTIC_THEN_MULTISTRIP_AGGREGATION,True,0.0085485643361468,0.0068474104903679,0.0325393345762944,0.0083612268725917,0.0794808540806758,0.0076170727612682,0.0002511675979605,0.0033000134912718,0.8099862281366687,0.0123719399041613,0.0686799851082957,-0.5388542053596416,0.5488112609873312,MULTI_STRIP,HIGH,2,"9,10",ALL_386_COMPLETE_TREE_LEVEL_INVENTORY,True,False,False,False,False,NO_ANOMALY,NO_CONCORDANT_WATER_ANOMALY,HIGH,True,False,False,False,False,False,False,False,False,False,True,NO_CONCORDANT_BIOCHEMICAL_DECLINE,True,2.350270795822144,0.6451011896133423,2.4504928588867188,-0.1002220630645753,87,1.0,PASS,,False,False,False,NO_LOW_STATURE_EVIDENCE,NONE,NO_CONCORDANT_ANOMALY,NO_CONCORDANT_ANOMALY,NO_LOW_STATURE_EVIDENCE,False,False,False,False,False,False,False,True,3,0,NO_SUPPORTED_MAJOR_DOMAIN_ANOMALY,COMPLETE_3_OF_3,NO_SUPPORTED_ANOMALY,"These are orchard-relative screening patterns and internal cross-domain corroboration. They do not establish causal diagnosis, disease identity, physiological drought, nutrient deficiency, or treatment need without independent field validation."
217,0.3511077512547783,0.1699834549128885,0.4241472731384039,0.0687828778922488,0.952770501387616,-0.0869262707136253,0.2720576029785388,1.6843534971429546,5.019499102921209,0.0380609022558284,724.6346428914528,5,PIXELWISE_INDEX_THEN_CROWN_STATISTIC_THEN_MULTISTRIP_AGGREGATION,True,0.0155176364954269,0.0077217225382393,0.0161213380332038,0.0135287058324067,0.0366777081993854,0.0044975948741096,0.0156491785617921,0.0977753703016784,0.0347843767454012,0.0077534197696819,0.6079304324554187,-0.1824899636664578,0.2780837765607036,SINGLE_STRIP,MODERATE,1,11,ALL_386_COMPLETE_TREE_LEVEL_INVENTORY,True,True,False,False,False,NO_ANOMALY,ISOLATED_DIRECT_WATER_ANOMALY,MODERATE,True,True,True,True,True,True,True,True,True,True,True,STRONG_CONCORDANT_BIOCHEMICAL_DECLINE,True,0.5091544598340988,0.0656185075640678,0.4099884033203125,0.0991660565137863,14,1.0,WARN,surface cells < 20,True,True,False,CORROBORATED_LOW_STRUCTURAL_STATURE,CORROBORATED,SCREENING_ANOMALY,SUPPORTED_ANOMALY,LOW_STATURE_CORROBORATED,False,True,True,True,True,False,True,True,3,2,BIOCHEMICAL_STRUCTURE_ONLY,COMPLETE_3_OF_3,MULTI_DOMAIN_PRIORITY,"These are orchard-relative screening patterns and internal cross-domain corroboration. They do not establish causal diagnosis, disease identity, physiological drought, nutrient deficiency, or treatment need without independent field validation."
218,0.6436202654575355,0.3592764290163862,1.1703405138688312,0.1339949617228796,1.0208661414542783,-0.0757675014233497,0.0837033853105867,1.1474401843651438,4.056118518188095,0.0956819220284308,727.8606063646295,4,PIXELWISE_INDEX_THEN_CROWN_STATISTIC_THEN_MULTISTRIP_AGGREGATION,True,0.0237433254012688,0.0212535461149449,0.1063547852743417,0.0037715831733701,0.0485024555491582,0.0090173825163016,0.0126112181119758,0.0205547526473958,0.5324916218851298,0.0079032788042512,0.5492204377212543,-0.5234552948199719,0.5490225233204321,MULTI_STRIP,HIGH,2,"8,9",ALL_386_COMPLETE_TREE_LEVEL_INVENTORY,True,False,False,False,False,NO_ANOMALY,NO_CONCORDANT_WATER_ANOMALY,HIGH,True,False,False,False,False,False,False,False,False,False,True,NO_CONCORDANT_BIOCHEMICAL_DECLINE,True,1.998430466651916,0.2544916868209839,1.800495147705078,0.197935318946838,73,1.0,PASS,,False,False,False,NO_LOW_STATURE_EVIDENCE,NONE,NO_CONCORDANT_ANOMALY,NO_CONCORDANT_ANOMALY,NO_LOW_STATURE_EVIDENCE,False,False,False,False,False,False,False,True,3,0,NO_SUPPORTED_MAJOR_DOMAIN_ANOMALY,COMPLETE_3_OF_3,NO_SUPPORTED_ANOMALY,"These are orchard-relative screening patterns and internal cross-domain corroboration. They do not establish causal diagnosis, disease identity, physiological drought, nutrient deficiency, or treatment need without independent field validation."
219,0.610232659854215,0.3537605592533477,1.2554893356589687,0.1323449430515994,1.012843172022759,-0.0747504133296391,0.1194432809790787,1.304447255850358,3.800492789520675,0.0912138328777481,727.1321428469913,5,PIXELWISE_INDEX_THEN_CROWN_STATISTIC_THEN_MULTISTRIP_AGGREGATION,True,0.0341964131825897,0.0097882946859754,0.0386247701756241,0.037009030420637,0.064187532751343,0.0041864582267156,0.0118546757417835,0.0278567694033966,0.7595053361534833,0.0248568563927195,0.2967733712257956,-0.3088324311595219,0.3485012348928568,MULTI_STRIP,HIGH,2,"10,11",ALL_386_COMPLETE_TREE_LEVEL_INVENTORY,True,False,False,False,False,NO_ANOMALY,NO_CONCORDANT_WATER_ANOMALY,HIGH,True,False,False,False,False,False,False,False,False,False,True,NO_CONCORDANT_BIOCHEMICAL_DECLINE,True,2.8049484014511106,2.2114305794239044,2.892396545410156,-0.0874481439590453,103,1.0,PASS,,False,False,True,NO_LOW_STATURE_EVIDENCE,NONE,NO_CONCORDANT_ANOMALY,NO_CONCORDANT_ANOMALY,NO_LOW_STATURE_EVIDENCE,False,False,False,False,False,False,False,True,3,0,NO_SUPPORTED_MAJOR_DOMAIN_ANOMALY,COMPLETE_3_OF_3,NO_SUPPORTED_ANOMALY,"These are orchard-relative screening patterns and internal cross-domain corroboration. They do not establish causal diagnosis, disease identity, physiological drought, nutrient deficiency, or treatment need without independent field validation."
220,0.5410184918849432,0.2974656736751003,0.9167341475330242,0.1015247669712363,1.007073822340668,-0.0689907506787262,0.12219410597607,1.2563618282615043,6.245213281339471,0.0638352846023053,727.8026548751893,4,PIXELWISE_INDEX_THEN_CROWN_STATISTIC_THEN_MULTISTRIP_AGGREGATION,True,0.0339152611510267,0.0170283037877781,0.0717773892313375,0.0188916358819231,0.0263613243445851,0.0080386063146702,0.014390542688054,0.0365430121822857,1.5917245138715033,0.0186093722432505,0.2728717797092486,-0.3335819203636475,0.3901249452556699,MULTI_STRIP,HIGH,2,"9,10",ALL_386_COMPLETE_TREE_LEVEL_INVENTORY,True,False,False,False,False,NO_ANOMALY,NO_CONCORDANT_WATER_ANOMALY,HIGH,True,False,False,False,False,False,False,False,False,True,True,NO_CONCORDANT_BIOCHEMICAL_DECLINE,True,1.4327649772167206,0.8489659503102303,1.1259918212890625,0.3067731559276581,26,1.0,PASS,,True,True,False,CORROBORATED_LOW_STRUCTURAL_STATURE,CORROBORATED,NO_CONCORDANT_ANOMALY,NO_CONCORDANT_ANOMALY,LOW_STATURE_CORROBORATED,False,False,True,True,False,False,False,True,3,1,STRUCTURE_ONLY,COMPLETE_3_OF_3,SINGLE_DOMAIN_PRIORITY,"These are orchard-relative screening patterns and internal cross-domain corroboration. They do not establish causal diagnosis, disease identity, physiological drought, nutrient deficiency, or treatment need without independent field validation."
221,0.4674777820823029,0.2413994952183515,0.7207155202417754,0.1247064635139693,1.0289403635546366,-0.0957804444542897,0.2041073302630265,1.5551111147715575,3.816234423045602,0.0824764682730195,724.8065904035456,5,PIXELWISE_INDEX_THEN_CROWN_STATISTIC_THEN_MULTISTRIP_AGGREGATION,True,0.0041028515765718,0.0004025367347266,0.0024400930956468,0.0012596002734099,0.0015600483064225,0.0010756285261111,0.0001953020845727,0.0023791829402366,0.018226166145759,0.0015696875268845,0.396227955553627,-0.2226419646430341,0.3002816457631946,MULTI_STRIP,HIGH,2,"10,11",ALL_386_COMPLETE_TREE_LEVEL_INVENTORY,True,False,True,False,False,NO_ANOMALY,NO_CONCORDANT_WATER_ANOMALY,HIGH,True,False,False,True,False,False,False,False,False,False,True,NO_CONCORDANT_BIOCHEMICAL_DECLINE,True,2.8694825768470764,1.9157214909791944,2.7391983032226563,0.13028427362442,44,1.0,PASS,,False,False,True,NO_LOW_STATURE_EVIDENCE,NONE,NO_CONCORDANT_ANOMALY,NO_CONCORDANT_ANOMALY,NO_LOW_STATURE_EVIDENCE,False,False,False,False,False,False,False,True,3,0,NO_SUPPORTED_MAJOR_DOMAIN_ANOMALY,COMPLETE_3_OF_3,NO_SUPPORTED_ANOMALY,"These are orchard-relative screening patterns and internal cross-domain corroboration. They do not establish causal diagnosis, disease identity, physiological drought, nutrient deficiency, or treatment need without independent field validation."
222,0.5180241126053391,0.2682771387025087,0.7691453078096302,0.1121793898648868,1.0076478074330784,-0.0849319580590967,0.1806571057747964,1.3373480305328176,6.240814407342787,0.073974740874672,726.5216504588832,4,PIXELWISE_INDEX_THEN_CROWN_STATISTIC_THEN_MULTISTRIP_AGGREGATION,True,0.0027531561499388,0.0039240844331216,0.0172391999560926,0.0133195870025058,0.0371239621853579,0.0031835350135477,0.0032859211358024,0.0015589655349711,0.4294971177303508,0.0106648900282219,0.8138340207977421,-0.3523521301804688,0.4119268171937833,MULTI_STRIP,HIGH,2,"9,10",ALL_386_COMPLETE_TREE_LEVEL_INVENTORY,True,False,False,False,False,NO_ANOMALY,NO_CONCORDANT_WATER_ANOMALY,HIGH,True,False,False,False,False,False,False,False,False,True,True,NO_CONCORDANT_BIOCHEMICAL_DECLINE,True,2.309758186340332,1.6976385116577148,2.11560287475586,0.1941553115844727,41,1.0,PASS,,False,False,True,NO_LOW_STATURE_EVIDENCE,NONE,NO_CONCORDANT_ANOMALY,NO_CONCORDANT_ANOMALY,NO_LOW_STATURE_EVIDENCE,False,False,False,False,False,False,False,True,3,0,NO_SUPPORTED_MAJOR_DOMAIN_ANOMALY,COMPLETE_3_OF_3,NO_SUPPORTED_ANOMALY,"These are orchard-relative screening patterns and internal cross-domain corroboration. They do not establish causal diagnosis, disease identity, physiological drought, nutrient deficiency, or treatment need without independent field validation."
223,0.4346895777759436,0.2198521397446923,0.6283544532491054,0.11039701037353,1.0285854110316994,-0.0963595474584364,0.2185044635638923,1.5853119547296308,3.742318336498824,0.0730020763391414,724.7542523134723,5,PIXELWISE_INDEX_THEN_CROWN_STATISTIC_THEN_MULTISTRIP_AGGREGATION,True,0.0098820522267827,0.0036672550240118,0.0046640717054587,0.0040051253009562,0.040855631272936,0.0014393084321968,0.0099370275418904,0.0498776891397751,0.0149286313512406,0.0032013818436296,0.4200820656183737,-0.2767794158763847,0.3293929683133714,MULTI_STRIP,HIGH,2,"10,11",ALL_386_COMPLETE_TREE_LEVEL_INVENTORY,True,False,True,False,False,NO_ANOMALY,NO_CONCORDANT_WATER_ANOMALY,HIGH,True,False,False,True,False,False,False,False,False,False,True,NO_CONCORDANT_BIOCHEMICAL_DECLINE,True,2.3497092366218566,1.7708022445440292,2.342194366455078,0.0075148701667786,40,1.0,PASS,,False,False,True,NO_LOW_STATURE_EVIDENCE,NONE,NO_CONCORDANT_ANOMALY,NO_CONCORDANT_ANOMALY,NO_LOW_STATURE_EVIDENCE,False,False,False,False,False,False,False,True,3,0,NO_SUPPORTED_MAJOR_DOMAIN_ANOMALY,COMPLETE_3_OF_3,NO_SUPPORTED_ANOMALY,"These are orchard-relative screening patterns and internal cross-domain corroboration. They do not establish causal diagnosis, disease identity, physiological drought, nutrient deficiency, or treatment need without independent field validation."
226,0.6296635289425062,0.3683270211600608,1.2146701832152482,0.1039506727169968,0.992538366219942,-0.0752896769286465,0.1101645384249425,1.1660835004030885,5.64047030787756,0.0769945355148342,728.332479325456,4,PIXELWISE_INDEX_THEN_CROWN_STATISTIC_THEN_MULTISTRIP_AGGREGATION,True,0.0177128423282528,0.0154348167000627,0.091294015386806,0.0067987160788266,0.0550732454778023,0.0083781536407857,0.0074192909444057,0.0122912194152732,0.750869257039144,0.0093855373483781,0.3468891510713853,-0.4733561300080315,0.5126164003169356,MULTI_STRIP,HIGH,2,"8,9",ALL_386_COMPLETE_TREE_LEVEL_INVENTORY,True,False,False,False,False,NO_ANOMALY,NO_CONCORDANT_WATER_ANOMALY,HIGH,True,False,False,False,False,False,False,False,False,True,True,NO_CONCORDANT_BIOCHEMICAL_DECLINE,True,2.490711510181427,0.2124719023704528,2.410095977783203,0.080615532398224,64,1.0,PASS,,False,False,False,NO_LOW_STATURE_EVIDENCE,NONE,NO_CONCORDANT_ANOMALY,NO_CONCORDANT_ANOMALY,NO_LOW_STATURE_EVIDENCE,False,False,False,False,False,False,False,True,3,0,NO_SUPPORTED_MAJOR_DOMAIN_ANOMALY,COMPLETE_3_OF_3,NO_SUPPORTED_ANOMALY,"These are orchard-relative screening patterns and internal cross-domain corroboration. They do not establish causal diagnosis, disease identity, physiological drought, nutrient deficiency, or treatment need without independent field validation."
227,0.4130300378495651,0.2162221595670156,0.5883479145891652,0.1007574089741202,0.9799541707216204,-0.0865306597695607,0.2103275077981401,1.5072766016148431,3.668149026336045,0.0640621054766269,725.3611601950818,5,PIXELWISE_INDEX_THEN_CROWN_STATISTIC_THEN_MULTISTRIP_AGGREGATION,True,0.0038239228774734,0.0031406112691984,0.0107986933559802,0.0032376464881604,0.0121902726042985,0.0002053755649493,0.0037833217931038,0.0125815985670156,0.1305331701842349,0.0033371164505907,0.28882545864343,-0.2404339818934302,0.3133098816262551,MULTI_STRIP,HIGH,2,"10,11",ALL_386_COMPLETE_TREE_LEVEL_INVENTORY,True,False,False,False,False,NO_ANOMALY,NO_CONCORDANT_WATER_ANOMALY,HIGH,True,False,False,False,False,False,False,False,False,False,True,NO_CONCORDANT_BIOCHEMICAL_DECLINE,True,2.5453676939010617,1.2017450481653214,2.288395690917969,0.2569720029830931,35,1.0,PASS,,False,False,False,NO_LOW_STATURE_EVIDENCE,NONE,NO_CONCORDANT_ANOMALY,NO_CONCORDANT_ANOMALY,NO_LOW_STATURE_EVIDENCE,False,False,False,False,False,False,False,True,3,0,NO_SUPPORTED_MAJOR_DOMAIN_ANOMALY,COMPLETE_3_OF_3,NO_SUPPORTED_ANOMALY,"These are orchard-relative screening patterns and internal cross-domain corroboration. They do not establish causal diagnosis, disease identity, physiological drought, nutrient deficiency, or treatment need without independent field validation."
228,0.5583623296389374,0.3179565553470329,1.010133518060318,0.1068384467317542,1.105254698488774,-0.0697707838156856,0.1248585771782022,1.2561139417711675,5.0096022104673885,0.0731166052739393,727.6150594664047,4,PIXELWISE_INDEX_THEN_CROWN_STATISTIC_THEN_MULTISTRIP_AGGREGATION,True,0.0199839245889999,0.0082245310059165,0.0371015596020778,0.0127464596575291,0.0534433850331768,0.008107710268974,0.0044325838909496,0.0104938669078503,0.8161761508271647,0.0133442159546523,0.2975158945608236,-0.3881601675187857,0.4353790357682379,MULTI_STRIP,HIGH,2,"9,10",ALL_386_COMPLETE_TREE_LEVEL_INVENTORY,True,False,False,False,False,NO_ANOMALY,NO_CONCORDANT_WATER_ANOMALY,HIGH,True,False,False,False,False,False,False,False,False,True,True,NO_CONCORDANT_BIOCHEMICAL_DECLINE,True,1.5554219484329224,0.611232578754425,1.530499267578125,0.0249226808547973,38,1.0,PASS,,True,False,False,LOW_STATURE_LAS_ONLY,SINGLE_MEASUREMENT,NO_CONCORDANT_ANOMALY,NO_CONCORDANT_ANOMALY,LOW_STATURE_LAS_ONLY,False,False,True,False,False,False,False,True,3,0,NO_SUPPORTED_MAJOR_DOMAIN_ANOMALY,COMPLETE_3_OF_3,NO_SUPPORTED_ANOMALY,"These are orchard-relative screening patterns and internal cross-domain corroboration. They do not establish causal diagnosis, disease identity, physiological drought, nutrient deficiency, or treatment need without independent field validation."
229,0.6153567899572633,0.3585581505520602,1.2593081680544551,0.1063161349545307,0.988233045485846,-0.073103709867628,0.1112761941171502,1.2316428647929822,5.733357123449139,0.0706833981090449,728.3225889744075,4,PIXELWISE_INDEX_THEN_CROWN_STATISTIC_THEN_MULTISTRIP_AGGREGATION,True,0.0367122667457987,0.0307508825646529,0.1664719705168212,0.0066819427204248,0.1193534473069772,0.0087355126433863,0.0180552126997153,0.0364778277730053,1.056258603788819,0.010239555219427,0.8175081306738365,-0.4653796696999132,0.4821404878712088,SINGLE_STRIP,MODERATE,1,9,ALL_386_COMPLETE_TREE_LEVEL_INVENTORY,True,False,False,False,False,NO_ANOMALY,NO_CONCORDANT_WATER_ANOMALY,MODERATE,True,False,False,False,False,False,False,False,False,True,True,NO_CONCORDANT_BIOCHEMICAL_DECLINE,True,1.7226309776306152,0.3300326466560364,1.68800048828125,0.0346304893493651,51,1.0,PASS,,False,False,False,NO_LOW_STATURE_EVIDENCE,NONE,NO_CONCORDANT_ANOMALY,NO_CONCORDANT_ANOMALY,NO_LOW_STATURE_EVIDENCE,False,False,False,False,False,False,False,True,3,0,NO_SUPPORTED_MAJOR_DOMAIN_ANOMALY,COMPLETE_3_OF_3,NO_SUPPORTED_ANOMALY,"These are orchard-relative screening patterns and internal cross-domain corroboration. They do not establish causal diagnosis, disease identity, physiological drought, nutrient deficiency, or treatment need without independent field validation."
230,0.5971064705971487,0.3335472600967693,1.04652148377147,0.1047465240832278,0.978058174502839,-0.0887840392140749,0.1396401005858435,1.2113026230605064,6.690473299549282,0.0741072421318914,727.2621409233221,4,PIXELWISE_INDEX_THEN_CROWN_STATISTIC_THEN_MULTISTRIP_AGGREGATION,True,0.0054623760961516,0.0041491132802687,0.034084262387295,0.0084593733814065,0.0124093239598311,0.0006180374419178,0.00189236887841,0.0024939275599495,0.6689721656836416,0.007502558511751,0.4307656528462757,-0.3762448622932563,0.4393001535753195,MULTI_STRIP,HIGH,2,"9,10",ALL_386_COMPLETE_TREE_LEVEL_INVENTORY,True,False,False,False,False,NO_ANOMALY,NO_CONCORDANT_WATER_ANOMALY,HIGH,True,False,False,False,False,False,False,False,False,True,True,NO_CONCORDANT_BIOCHEMICAL_DECLINE,True,1.8730706810951232,0.3697407841682434,1.61298828125,0.2600823998451231,30,1.0,PASS,,False,False,False,NO_LOW_STATURE_EVIDENCE,NONE,NO_CONCORDANT_ANOMALY,NO_CONCORDANT_ANOMALY,NO_LOW_STATURE_EVIDENCE,False,False,False,False,False,False,False,True,3,0,NO_SUPPORTED_MAJOR_DOMAIN_ANOMALY,COMPLETE_3_OF_3,NO_SUPPORTED_ANOMALY,"These are orchard-relative screening patterns and internal cross-domain corroboration. They do not establish causal diagnosis, disease identity, physiological drought, nutrient deficiency, or treatment need without independent field validation."
231,0.4289003267344036,0.2153466388119389,0.6096698598011578,0.1104943158420298,0.9767656428188743,-0.0916220189471283,0.2255380959753369,1.6236231515824824,4.701481859570747,0.0675192622563193,725.203118146455,5,PIXELWISE_INDEX_THEN_CROWN_STATISTIC_THEN_MULTISTRIP_AGGREGATION,True,0.0398046262353616,0.0156843134767256,0.0533768425850128,0.0300395630827331,0.0645583909230388,0.0026187882508799,0.01889264900211,0.0907261722969467,0.5845615944837848,0.0201436529781314,0.120191615682188,-0.2122847906981912,0.2657310179524023,SINGLE_STRIP,MODERATE,1,10,ALL_386_COMPLETE_TREE_LEVEL_INVENTORY,True,False,True,False,False,NO_ANOMALY,NO_CONCORDANT_WATER_ANOMALY,MODERATE,True,False,False,True,False,False,False,False,False,True,True,NO_CONCORDANT_BIOCHEMICAL_DECLINE,True,1.7237261533737185,1.1909879297018051,1.6693420410156248,0.0543841123580934,46,1.0,PASS,,False,False,False,NO_LOW_STATURE_EVIDENCE,NONE,NO_CONCORDANT_ANOMALY,NO_CONCORDANT_ANOMALY,NO_LOW_STATURE_EVIDENCE,False,False,False,False,False,False,False,True,3,0,NO_SUPPORTED_MAJOR_DOMAIN_ANOMALY,COMPLETE_3_OF_3,NO_SUPPORTED_ANOMALY,"These are orchard-relative screening patterns and internal cross-domain corroboration. They do not establish causal diagnosis, disease identity, physiological drought, nutrient deficiency, or treatment need without independent field validation."
233,0.4840242218626208,0.2631600304562022,0.8599501388440138,0.1103159263540652,0.9920802539315688,-0.088110633390966,0.1983975145837292,1.6270295057274862,4.100511033730662,0.0738922571836124,725.5416499278975,4,PIXELWISE_INDEX_THEN_CROWN_STATISTIC_THEN_MULTISTRIP_AGGREGATION,True,0.0102499259677168,0.0009997469843128,0.0017947114301461,0.0142148123160364,0.0404270882641902,0.00020883155436,0.0006922001360848,0.0111428471101941,0.4703734589315562,0.0095997367788063,0.1280950362860267,-0.2971495245231904,0.3310161956490287,MULTI_STRIP,HIGH,2,"9,10",ALL_386_COMPLETE_TREE_LEVEL_INVENTORY,True,False,False,False,False,NO_ANOMALY,NO_CONCORDANT_WATER_ANOMALY,HIGH,True,False,False,False,False,False,False,False,False,False,True,NO_CONCORDANT_BIOCHEMICAL_DECLINE,True,2.180864286422729,1.735429674386978,2.086004638671875,0.0948596477508543,57,1.0,PASS,,False,False,True,NO_LOW_STATURE_EVIDENCE,NONE,NO_CONCORDANT_ANOMALY,NO_CONCORDANT_ANOMALY,NO_LOW_STATURE_EVIDENCE,False,False,False,False,False,False,False,True,3,0,NO_SUPPORTED_MAJOR_DOMAIN_ANOMALY,COMPLETE_3_OF_3,NO_SUPPORTED_ANOMALY,"These are orchard-relative screening patterns and internal cross-domain corroboration. They do not establish causal diagnosis, disease identity, physiological drought, nutrient deficiency, or treatment need without independent field validation."
234,0.323073965374594,0.1590315747814429,0.4004787129561899,0.0650759259150051,1.0244972129243064,-0.085638886715404,0.2750955665926511,1.791365978461807,4.18015702455182,0.0344732175397868,724.8386944159491,5,PIXELWISE_INDEX_THEN_CROWN_STATISTIC_THEN_MULTISTRIP_AGGREGATION,True,0.0118953007687857,0.0090188208566582,0.0277289965361791,0.0042374941299133,0.0554232642611459,7.456732196988586e-05,0.009524006213788,0.0286039872279454,0.2087942504575211,0.002627183828098,0.3742349560882303,-0.1318682545634751,0.2354574192601467,MULTI_STRIP,HIGH,2,"10,11",ALL_386_COMPLETE_TREE_LEVEL_INVENTORY,True,False,False,True,True,ANOMALOUS_CONCORDANT,ISOLATED_DIRECT_WATER_ANOMALY,HIGH,True,True,True,True,True,True,True,True,True,False,True,CONCORDANT_BIOCHEMICAL_DECLINE,True,1.9718733429908752,0.4019951224327087,1.7297012329101562,0.242172110080719,27,1.0,WARN,Upper-tail structural variability,False,False,False,NO_LOW_STATURE_EVIDENCE,NONE,SCREENING_ANOMALY,SUPPORTED_ANOMALY,NO_LOW_STATURE_EVIDENCE,False,True,False,False,True,False,True,True,3,1,BIOCHEMICAL_ONLY,COMPLETE_3_OF_3,SINGLE_DOMAIN_PRIORITY,"These are orchard-relative screening patterns and internal cross-domain corroboration. They do not establish causal diagnosis, disease identity, physiological drought, nutrient deficiency, or treatment need without independent field validation."
235,0.298543853852708,0.1438106036824831,0.3534247331979464,0.0626262390332986,0.9793847099203372,-0.0955888363531226,0.3094420339715409,1.9124259890484288,4.173909052225054,0.0323057981878218,723.7957892624486,5,PIXELWISE_INDEX_THEN_CROWN_STATISTIC_THEN_MULTISTRIP_AGGREGATION,True,0.0055382531118746,0.0012666160257738,0.0025759176855086,0.0071543585966031,0.0029029655876236,0.0016664682108944,0.0041592529052479,0.0220943407125624,0.1896866368246244,0.0048438932500634,0.6978631752739375,-0.1418187240956346,0.2255437890529049,MULTI_STRIP,HIGH,2,"10,11",ALL_386_COMPLETE_TREE_LEVEL_INVENTORY,True,False,True,True,True,ANOMALOUS_CONCORDANT,ISOLATED_DIRECT_WATER_ANOMALY,HIGH,True,True,True,True,True,True,True,True,True,False,True,CONCORDANT_BIOCHEMICAL_DECLINE,True,1.2818124890327454,0.0732625499367713,1.9628402709960937,-0.6810277819633483,16,1.0,WARN,surface cells < 20,True,False,False,LOW_STATURE_LAS_ONLY,SINGLE_MEASUREMENT,SCREENING_ANOMALY,SUPPORTED_ANOMALY,LOW_STATURE_LAS_ONLY,False,True,True,False,True,False,True,True,3,1,BIOCHEMICAL_ONLY,COMPLETE_3_OF_3,SINGLE_DOMAIN_PRIORITY,"These are orchard-relative screening patterns and internal cross-domain corroboration. They do not establish causal diagnosis, disease identity, physiological drought, nutrient deficiency, or treatment need without independent field validation."
236,0.3765873555878032,0.1852077408522474,0.5469534485833273,0.1160516602642168,0.9850721759655928,-0.1020525971602537,0.2775001137785184,1.927334852764431,4.506018393286902,0.063732069401082,729.1712279700274,5,PIXELWISE_INDEX_THEN_CROWN_STATISTIC_THEN_MULTISTRIP_AGGREGATION,True,0.1153108016994334,0.0661483574587534,0.2416632530318285,0.0301013327638766,0.0659674584429217,0.0138721990123939,0.0864755292346995,0.2451621867270637,0.9883285110697444,0.0290750658731005,4.826107495371233,-0.2566971380451671,0.2821534032520895,SINGLE_STRIP,MODERATE,1,10,ALL_386_COMPLETE_TREE_LEVEL_INVENTORY,True,False,True,False,False,NO_ANOMALY,NO_CONCORDANT_WATER_ANOMALY,MODERATE,True,True,False,False,False,False,True,True,True,False,True,SENESCENCE_PIGMENT_ONLY,True,2.470577979087828,1.7256677076220512,2.036096954345703,0.4344810247421251,64,1.0,PASS,,False,False,True,NO_LOW_STATURE_EVIDENCE,NONE,NO_CONCORDANT_ANOMALY,SCREENING_ANOMALY,NO_LOW_STATURE_EVIDENCE,False,False,False,False,False,True,True,True,3,0,NO_SUPPORTED_MAJOR_DOMAIN_ANOMALY,COMPLETE_3_OF_3,SCREENING_PRIORITY,"These are orchard-relative screening patterns and internal cross-domain corroboration. They do not establish causal diagnosis, disease identity, physiological drought, nutrient deficiency, or treatment need without independent field validation."
237,0.5781659558461606,0.3252549371091007,1.0416931056403809,0.1164453552791408,1.035492056526307,-0.0694410527555025,0.1123171157764452,1.2304501475188874,4.975527160425599,0.0816005143192113,727.1283505910468,4,PIXELWISE_INDEX_THEN_CROWN_STATISTIC_THEN_MULTISTRIP_AGGREGATION,True,0.1166086158450602,0.0722942827742697,0.3078802102295521,0.0471348530810093,0.0537256981878368,0.0113268178824839,0.0560040087551439,0.1437891230233333,2.4376542246699957,0.043639058572587,0.8350948463024978,-0.475556836454591,0.4978574057072957,SINGLE_STRIP,MODERATE,1,9,ALL_386_COMPLETE_TREE_LEVEL_INVENTORY,True,False,False,False,False,NO_ANOMALY,NO_CONCORDANT_WATER_ANOMALY,MODERATE,True,False,False,False,False,False,False,False,False,True,True,NO_CONCORDANT_BIOCHEMICAL_DECLINE,True,2.1773197174072263,0.6007046699523926,2.083546447753906,0.0937732696533202,64,1.0,PASS,,False,False,False,NO_LOW_STATURE_EVIDENCE,NONE,NO_CONCORDANT_ANOMALY,NO_CONCORDANT_ANOMALY,NO_LOW_STATURE_EVIDENCE,False,False,False,False,False,False,False,True,3,0,NO_SUPPORTED_MAJOR_DOMAIN_ANOMALY,COMPLETE_3_OF_3,NO_SUPPORTED_ANOMALY,"These are orchard-relative screening patterns and internal cross-domain corroboration. They do not establish causal diagnosis, disease identity, physiological drought, nutrient deficiency, or treatment need without independent field validation."
238,0.3583505985864286,0.1750338571520126,0.460945146231243,0.0844191391530795,0.9976083080130862,-0.0983355416689968,0.2680700578958859,1.7642924535900453,4.326714636303915,0.0500797599061932,724.6150965505973,6,PIXELWISE_INDEX_THEN_CROWN_STATISTIC_THEN_MULTISTRIP_AGGREGATION,True,0.0058659743030181,0.0001136954640991,0.0035747978107243,0.0053075638209132,0.0165475907297716,0.0032384825918003,0.003860200117511,0.0069773305202129,0.2345891620347626,0.0049390016689541,0.7335668959601662,-0.2059639806004227,0.267180839601609,MULTI_STRIP,HIGH,2,"10,11",ALL_386_COMPLETE_TREE_LEVEL_INVENTORY,True,False,True,False,False,NO_ANOMALY,NO_CONCORDANT_WATER_ANOMALY,HIGH,True,True,True,True,True,True,True,True,True,False,True,CONCORDANT_BIOCHEMICAL_DECLINE,True,2.253813505172729,1.631868839263916,1.7459869384765625,0.507826566696167,26,1.0,PASS,,False,False,True,NO_LOW_STATURE_EVIDENCE,NONE,NO_CONCORDANT_ANOMALY,SUPPORTED_ANOMALY,NO_LOW_STATURE_EVIDENCE,False,True,False,False,False,False,False,True,3,1,BIOCHEMICAL_ONLY,COMPLETE_3_OF_3,SINGLE_DOMAIN_PRIORITY,"These are orchard-relative screening patterns and internal cross-domain corroboration. They do not establish causal diagnosis, disease identity, physiological drought, nutrient deficiency, or treatment need without independent field validation."
239,0.5809547547929714,0.3327313808518359,1.074586398087269,0.1115822525638385,1.0281382019490437,-0.0744394515920647,0.114356211083609,1.2248673487380408,3.935039098014398,0.0800508580173924,727.6712514035789,5,PIXELWISE_INDEX_THEN_CROWN_STATISTIC_THEN_MULTISTRIP_AGGREGATION,True,0.0192623179436778,0.0092451049596351,0.0334008500351493,0.0112928442973982,0.0354693954077979,0.0042656677866244,0.0086656516094291,0.0254374648082181,0.4180587858458719,0.010906782375246,0.289690345423935,-0.3951077587490361,0.4342560611462295,MULTI_STRIP,HIGH,2,"9,10",ALL_386_COMPLETE_TREE_LEVEL_INVENTORY,True,False,False,False,False,NO_ANOMALY,NO_CONCORDANT_WATER_ANOMALY,HIGH,True,False,False,False,False,False,False,False,False,False,True,NO_CONCORDANT_BIOCHEMICAL_DECLINE,True,1.5394510626792908,0.8354881629347801,1.5205978393554689,0.0188532233238221,52,1.0,PASS,,True,False,False,LOW_STATURE_LAS_ONLY,SINGLE_MEASUREMENT,NO_CONCORDANT_ANOMALY,NO_CONCORDANT_ANOMALY,LOW_STATURE_LAS_ONLY,False,False,True,False,False,False,False,True,3,0,NO_SUPPORTED_MAJOR_DOMAIN_ANOMALY,COMPLETE_3_OF_3,NO_SUPPORTED_ANOMALY,"These are orchard-relative screening patterns and internal cross-domain corroboration. They do not establish causal diagnosis, disease identity, physiological drought, nutrient deficiency, or treatment need without independent field validation."
240,0.5429998258466172,0.3132425383414441,1.1148813972512004,0.1112632448661984,1.030113230162832,-0.082319787115592,0.1651877712217439,1.486955589868768,4.057340043889375,0.0754796196328016,727.1193762097587,5,PIXELWISE_INDEX_THEN_CROWN_STATISTIC_THEN_MULTISTRIP_AGGREGATION,True,0.0263863774424051,0.0069940614512536,0.0068223617429505,0.0237244749535384,0.07582565635258,0.0002735961132622,0.0096902604916957,0.0362309074527308,0.6406271848248304,0.0167966058966037,0.1530863128067887,-0.3852844425187555,0.3957300889787455,MULTI_STRIP,HIGH,2,"9,10",ALL_386_COMPLETE_TREE_LEVEL_INVENTORY,True,False,False,False,False,NO_ANOMALY,NO_CONCORDANT_WATER_ANOMALY,HIGH,True,False,False,False,False,False,False,False,False,False,True,NO_CONCORDANT_BIOCHEMICAL_DECLINE,True,2.930509746074676,2.016921482980252,2.2967529296875,0.6337568163871761,94,1.0,PASS,,False,False,True,NO_LOW_STATURE_EVIDENCE,NONE,NO_CONCORDANT_ANOMALY,NO_CONCORDANT_ANOMALY,NO_LOW_STATURE_EVIDENCE,False,False,False,False,False,False,False,True,3,0,NO_SUPPORTED_MAJOR_DOMAIN_ANOMALY,COMPLETE_3_OF_3,NO_SUPPORTED_ANOMALY,"These are orchard-relative screening patterns and internal cross-domain corroboration. They do not establish causal diagnosis, disease identity, physiological drought, nutrient deficiency, or treatment need without independent field validation."
241,0.6197416799694362,0.3676274770258568,1.200246521554626,0.1167953733555419,1.0750125767937773,-0.0761877744634038,0.089988264539849,1.1570480577151998,3.795089350181435,0.0909816416652368,728.5372143866002,5,PIXELWISE_INDEX_THEN_CROWN_STATISTIC_THEN_MULTISTRIP_AGGREGATION,True,0.0306336939292025,0.0227713325924301,0.1098222305041601,0.0054163533488177,0.0071847183734737,0.0002815773186134,0.0142409018980414,0.0261963739108619,0.1939895734389884,0.0069939183644228,0.009355192251121,-0.5386433434506782,0.5715733208618758,MULTI_STRIP,HIGH,2,"8,9",ALL_386_COMPLETE_TREE_LEVEL_INVENTORY,True,False,False,False,False,NO_ANOMALY,NO_CONCORDANT_WATER_ANOMALY,HIGH,True,False,False,False,False,False,False,False,False,False,True,NO_CONCORDANT_BIOCHEMICAL_DECLINE,True,2.2907050132751463,0.5594784915447235,2.330045318603516,-0.0393403053283694,38,1.0,PASS,,False,False,False,NO_LOW_STATURE_EVIDENCE,NONE,NO_CONCORDANT_ANOMALY,NO_CONCORDANT_ANOMALY,NO_LOW_STATURE_EVIDENCE,False,False,False,False,False,False,False,True,3,0,NO_SUPPORTED_MAJOR_DOMAIN_ANOMALY,COMPLETE_3_OF_3,NO_SUPPORTED_ANOMALY,"These are orchard-relative screening patterns and internal cross-domain corroboration. They do not establish causal diagnosis, disease identity, physiological drought, nutrient deficiency, or treatment need without independent field validation."
242,0.4658059895378045,0.2553418182651172,0.7693619455847558,0.1052639335611271,1.0015915067275034,-0.0893156806146495,0.1903496316780385,1.4774217440519948,3.4874709265980046,0.0721082014573261,725.3860433624711,6,PIXELWISE_INDEX_THEN_CROWN_STATISTIC_THEN_MULTISTRIP_AGGREGATION,True,0.0047318229032617,0.0001074024946097,0.0110338199331198,0.0086244997328009,0.0039801223669962,0.001557396158115,0.003731122884534,0.0102070431540312,0.0650049392913465,0.006607265546843,0.366401274717191,-0.2993058647498041,0.3535774719746549,MULTI_STRIP,HIGH,2,"10,11",ALL_386_COMPLETE_TREE_LEVEL_INVENTORY,True,False,True,False,False,NO_ANOMALY,NO_CONCORDANT_WATER_ANOMALY,HIGH,True,False,False,False,False,False,False,False,False,False,True,NO_CONCORDANT_BIOCHEMICAL_DECLINE,True,2.0721357107162475,1.3995040655136108,1.6506423950195312,0.4214933156967162,68,1.0,PASS,,False,False,True,NO_LOW_STATURE_EVIDENCE,NONE,NO_CONCORDANT_ANOMALY,NO_CONCORDANT_ANOMALY,NO_LOW_STATURE_EVIDENCE,False,False,False,False,False,False,False,True,3,0,NO_SUPPORTED_MAJOR_DOMAIN_ANOMALY,COMPLETE_3_OF_3,NO_SUPPORTED_ANOMALY,"These are orchard-relative screening patterns and internal cross-domain corroboration. They do not establish causal diagnosis, disease identity, physiological drought, nutrient deficiency, or treatment need without independent field validation."
243,0.4646417176994214,0.2616846763646784,0.8113029683589357,0.0784096703514263,0.9933871163215484,-0.0764501789621032,0.1794882024803108,1.458038281106834,6.448788328930218,0.0528087659611641,727.0089343604723,5,PIXELWISE_INDEX_THEN_CROWN_STATISTIC_THEN_MULTISTRIP_AGGREGATION,True,0.0836142585891985,0.061915056209559,0.2350639821851644,0.0208594556822111,0.058187742290324,0.0012928921359203,0.0543119388825759,0.1590813591380928,1.87785195183287,0.0220972628243011,0.8425422186525853,-0.3681651483633575,0.4034992639898931,SINGLE_STRIP,MODERATE,1,9,ALL_386_COMPLETE_TREE_LEVEL_INVENTORY,True,False,False,False,False,NO_ANOMALY,NO_CONCORDANT_WATER_ANOMALY,MODERATE,True,False,False,False,False,False,False,False,False,True,True,NO_CONCORDANT_BIOCHEMICAL_DECLINE,True,1.5731374382972716,0.5457810163497925,1.3209930419921876,0.252144396305084,34,1.0,PASS,,True,True,False,CORROBORATED_LOW_STRUCTURAL_STATURE,CORROBORATED,NO_CONCORDANT_ANOMALY,NO_CONCORDANT_ANOMALY,LOW_STATURE_CORROBORATED,False,False,True,True,False,False,False,True,3,1,STRUCTURE_ONLY,COMPLETE_3_OF_3,SINGLE_DOMAIN_PRIORITY,"These are orchard-relative screening patterns and internal cross-domain corroboration. They do not establish causal diagnosis, disease identity, physiological drought, nutrient deficiency, or treatment need without independent field validation."
244,0.4362401345767187,0.2066208492031766,0.5771442159898709,0.1243378572814341,0.9650530993595025,-0.0897473509838343,0.2164923907452667,1.6158700593697697,4.125191550239458,0.0770117684158263,723.959764447578,6,PIXELWISE_INDEX_THEN_CROWN_STATISTIC_THEN_MULTISTRIP_AGGREGATION,True,0.0330665752282821,0.0106575110814519,0.0301714067319017,0.0296674288573368,0.0549277918016405,0.0021498517311717,0.0177510569608913,0.0827313293089766,0.4786959188380215,0.0203333644655882,0.3859917631870075,-0.3768513182032616,0.4036297188409452,MULTI_STRIP,HIGH,2,"9,10",ALL_386_COMPLETE_TREE_LEVEL_INVENTORY,True,True,True,False,False,NO_ANOMALY,ISOLATED_DIRECT_WATER_ANOMALY,HIGH,True,False,False,True,False,False,False,False,False,False,True,NO_CONCORDANT_BIOCHEMICAL_DECLINE,True,2.217064952850341,1.6829710602760315,2.265345764160156,-0.0482808113098145,73,1.0,PASS,,False,False,True,NO_LOW_STATURE_EVIDENCE,NONE,SCREENING_ANOMALY,NO_CONCORDANT_ANOMALY,NO_LOW_STATURE_EVIDENCE,False,False,False,False,True,False,True,True,3,0,NO_SUPPORTED_MAJOR_DOMAIN_ANOMALY,COMPLETE_3_OF_3,SCREENING_PRIORITY,"These are orchard-relative screening patterns and internal cross-domain corroboration. They do not establish causal diagnosis, disease identity, physiological drought, nutrient deficiency, or treatment need without independent field validation."
245,0.4199165939428969,0.2113042427517241,0.6347863637407953,0.1012485705594368,1.004308179987366,-0.1026445835451045,0.2451632480472985,1.7934046925451084,4.150938288820095,0.0639804523144815,725.0898181954351,6,PIXELWISE_INDEX_THEN_CROWN_STATISTIC_THEN_MULTISTRIP_AGGREGATION,True,0.0324945405502096,0.0150636298965403,0.0509436613796237,0.0193816300093075,0.0430302544231269,0.0012714721710575,0.015644182642608,0.0449275436883672,0.5918164237419283,0.0141320418709109,0.003502557910482,-0.2091278075295103,0.229692470121265,MULTI_STRIP,HIGH,2,"9,10",ALL_386_COMPLETE_TREE_LEVEL_INVENTORY,True,False,True,False,True,PARTIAL_DISCORDANT,SWIR_DISCORDANT_INSUFFICIENT_EVIDENCE,HIGH,True,False,False,True,False,False,True,True,True,False,True,SENESCENCE_PIGMENT_ONLY,True,2.296722388267517,1.590331807732582,1.9853073120117184,0.3114150762557985,58,1.0,PASS,,False,False,True,NO_LOW_STATURE_EVIDENCE,NONE,INCONCLUSIVE,SCREENING_ANOMALY,NO_LOW_STATURE_EVIDENCE,False,False,False,False,False,True,True,True,3,0,NO_SUPPORTED_MAJOR_DOMAIN_ANOMALY,COMPLETE_3_OF_3,SCREENING_PRIORITY,"These are orchard-relative screening patterns and internal cross-domain corroboration. They do not establish causal diagnosis, disease identity, physiological drought, nutrient deficiency, or treatment need without independent field validation."
246,0.6640140951641924,0.4018120844188636,1.4536215788506035,0.1260866885552485,1.0273943782215855,-0.0752058523231529,0.0738956252786388,1.137621482896701,3.605400216075072,0.0940668848613791,728.3665910612303,5,PIXELWISE_INDEX_THEN_CROWN_STATISTIC_THEN_MULTISTRIP_AGGREGATION,True,0.0314165663783715,0.0230756635531993,0.1311205848257906,0.0067292534719548,0.0248389328270685,0.0001207375260754,0.0133001468287843,0.0349784799462972,0.2509255549187503,0.0061278000936572,0.0597702739034957,-0.5449631115291853,0.5674107764489371,MULTI_STRIP,HIGH,2,"8,9",ALL_386_COMPLETE_TREE_LEVEL_INVENTORY,True,False,False,False,False,NO_ANOMALY,NO_CONCORDANT_WATER_ANOMALY,HIGH,True,False,False,False,False,False,False,False,False,False,True,NO_CONCORDANT_BIOCHEMICAL_DECLINE,True,2.2934061884880066,0.7720776796340942,2.24500732421875,0.0483988642692567,66,1.0,PASS,,False,False,False,NO_LOW_STATURE_EVIDENCE,NONE,NO_CONCORDANT_ANOMALY,NO_CONCORDANT_ANOMALY,NO_LOW_STATURE_EVIDENCE,False,False,False,False,False,False,False,True,3,0,NO_SUPPORTED_MAJOR_DOMAIN_ANOMALY,COMPLETE_3_OF_3,NO_SUPPORTED_ANOMALY,"These are orchard-relative screening patterns and internal cross-domain corroboration. They do not establish causal diagnosis, disease identity, physiological drought, nutrient deficiency, or treatment need without independent field validation."
247,0.2310166551913939,0.1010112305153046,0.2328459144315386,0.0469872630761552,0.935793977378832,-0.0997014099751679,0.3591695561708953,2.305779258748524,4.242762480725724,0.0187269205141386,723.6917921872227,6,PIXELWISE_INDEX_THEN_CROWN_STATISTIC_THEN_MULTISTRIP_AGGREGATION,True,0.0121231585329765,0.0025224498592686,0.0076529523365302,0.0004701463174507,0.0418227453567299,0.0026745391980913,0.0054974590805083,0.1021435739833556,0.0277795635000632,0.0010240517646551,0.0677485036733855,-0.0525460705087448,0.1400822862151148,MULTI_STRIP,HIGH,2,"10,11",ALL_386_COMPLETE_TREE_LEVEL_INVENTORY,True,True,True,True,True,ANOMALOUS_CONCORDANT,STRONG_INTERNAL_WATER_EVIDENCE,HIGH,True,True,True,True,True,True,True,True,True,False,True,CONCORDANT_BIOCHEMICAL_DECLINE,True,1.2149663269519806,0.0786446705460548,0.3470001220703125,0.8679662048816681,16,1.0,WARN,surface cells < 20,True,True,False,CORROBORATED_LOW_STRUCTURAL_STATURE,CORROBORATED,SUPPORTED_ANOMALY,SUPPORTED_ANOMALY,LOW_STATURE_CORROBORATED,True,True,True,True,False,False,False,True,3,3,WATER_BIOCHEMICAL_STRUCTURE,COMPLETE_3_OF_3,HIGH_MULTI_DOMAIN_PRIORITY,"These are orchard-relative screening patterns and internal cross-domain corroboration. They do not establish causal diagnosis, disease identity, physiological drought, nutrient deficiency, or treatment need without independent field validation."
248,0.4617376038263525,0.2495381852015538,0.7118801101263028,0.0737458431990238,0.9508426367292852,-0.0741124958746076,0.1781398198443508,1.3774780599767182,6.682238778605607,0.0436909904596388,726.805807077123,5,PIXELWISE_INDEX_THEN_CROWN_STATISTIC_THEN_MULTISTRIP_AGGREGATION,True,0.0260001347028566,0.0214929029071651,0.0912703537205345,0.0074676929873578,0.000766684441361,0.0057857836071842,0.0114735669657236,0.0249454713548291,0.93796688340111,0.0092672423304398,0.509757528063119,-0.2280281148743526,0.3091510608912531,SINGLE_STRIP,MODERATE,1,9,ALL_386_COMPLETE_TREE_LEVEL_INVENTORY,True,True,False,False,False,NO_ANOMALY,ISOLATED_DIRECT_WATER_ANOMALY,MODERATE,True,False,False,False,False,False,False,False,False,True,True,NO_CONCORDANT_BIOCHEMICAL_DECLINE,True,1.4937956869602196,0.7916651219129562,1.0039825439453125,0.4898131430149071,18,1.0,WARN,surface cells < 20,True,True,False,CORROBORATED_LOW_STRUCTURAL_STATURE,CORROBORATED,SCREENING_ANOMALY,NO_CONCORDANT_ANOMALY,LOW_STATURE_CORROBORATED,False,False,True,True,True,False,True,True,3,1,STRUCTURE_ONLY,COMPLETE_3_OF_3,SINGLE_DOMAIN_PRIORITY,"These are orchard-relative screening patterns and internal cross-domain corroboration. They do not establish causal diagnosis, disease identity, physiological drought, nutrient deficiency, or treatment need without independent field validation."
249,0.6444241131076779,0.3945088469500772,1.4365854808018224,0.1132271333071103,1.072119255519931,-0.0737809092646956,0.0915688841368811,1.1875730777565972,3.472663350904593,0.0877058030319066,727.966902721128,5,PIXELWISE_INDEX_THEN_CROWN_STATISTIC_THEN_MULTISTRIP_AGGREGATION,True,0.0328582538096926,0.0254076575904904,0.1470451761283729,0.0047566828727903,0.0726534051246843,0.0012988007069385,0.0137361084896064,0.0345097754095617,0.2781667424031209,0.0042231042368175,0.3628909443652333,-0.4859116363402577,0.5232793850425788,MULTI_STRIP,HIGH,2,"8,9",ALL_386_COMPLETE_TREE_LEVEL_INVENTORY,True,False,False,False,False,NO_ANOMALY,NO_CONCORDANT_WATER_ANOMALY,HIGH,True,False,False,False,False,False,False,False,False,False,True,NO_CONCORDANT_BIOCHEMICAL_DECLINE,True,2.6092032551765447,0.820409506559372,2.9071952819824216,-0.2979920268058769,72,1.0,PASS,,False,False,False,NO_LOW_STATURE_EVIDENCE,NONE,NO_CONCORDANT_ANOMALY,NO_CONCORDANT_ANOMALY,NO_LOW_STATURE_EVIDENCE,False,False,False,False,False,False,False,True,3,0,NO_SUPPORTED_MAJOR_DOMAIN_ANOMALY,COMPLETE_3_OF_3,NO_SUPPORTED_ANOMALY,"These are orchard-relative screening patterns and internal cross-domain corroboration. They do not establish causal diagnosis, disease identity, physiological drought, nutrient deficiency, or treatment need without independent field validation."
250,0.6369329860042338,0.3555517778027213,1.1877861710494573,0.1311937419252125,1.0262693155980798,-0.0760789881261406,0.0792956296859055,1.1466668405183265,4.374377462321268,0.0882877522374638,727.3815827607524,5,PIXELWISE_INDEX_THEN_CROWN_STATISTIC_THEN_MULTISTRIP_AGGREGATION,True,0.0104073481345822,0.0124965583609257,0.0614604188094963,0.0023424497906902,0.0016890933069024,0.0030591574421422,0.0032813912506795,0.0064096135800815,0.4355788431092178,0.0058037003707025,0.2649979183341884,-0.4898272857206904,0.5138052012225381,MULTI_STRIP,HIGH,2,"9,10",ALL_386_COMPLETE_TREE_LEVEL_INVENTORY,True,False,False,False,False,NO_ANOMALY,NO_CONCORDANT_WATER_ANOMALY,HIGH,True,False,False,False,False,False,False,False,False,False,True,NO_CONCORDANT_BIOCHEMICAL_DECLINE,True,2.0111448764801025,1.0930791795253754,1.6741973876953125,0.3369474887847901,83,1.0,PASS,,False,False,False,NO_LOW_STATURE_EVIDENCE,NONE,NO_CONCORDANT_ANOMALY,NO_CONCORDANT_ANOMALY,NO_LOW_STATURE_EVIDENCE,False,False,False,False,False,False,False,True,3,0,NO_SUPPORTED_MAJOR_DOMAIN_ANOMALY,COMPLETE_3_OF_3,NO_SUPPORTED_ANOMALY,"These are orchard-relative screening patterns and internal cross-domain corroboration. They do not establish causal diagnosis, disease identity, physiological drought, nutrient deficiency, or treatment need without independent field validation."
251,0.3193353733318042,0.1438178818675141,0.3472450820752132,0.0962126224324756,0.971184038216777,-0.0870867143817447,0.2666617699306642,1.7412727339768117,3.713144581259033,0.050848522255762,724.2380905810699,6,PIXELWISE_INDEX_THEN_CROWN_STATISTIC_THEN_MULTISTRIP_AGGREGATION,True,0.0304312157714854,0.0119548807994884,0.0355947040665297,0.0262007400622235,0.0568817506762749,0.0063099560462657,0.0240220869966081,0.0539668200376592,0.5073041146920052,0.0187508241970876,0.159871438108837,-0.2311351589885147,0.3023309468654881,SINGLE_STRIP,MODERATE,1,10,ALL_386_COMPLETE_TREE_LEVEL_INVENTORY,True,True,False,False,False,NO_ANOMALY,ISOLATED_DIRECT_WATER_ANOMALY,MODERATE,True,True,True,True,True,True,True,True,True,False,True,CONCORDANT_BIOCHEMICAL_DECLINE,True,2.049546241760254,1.0985089093446732,1.75,0.2995462417602539,15,1.0,WARN,surface cells < 20,False,False,False,NO_LOW_STATURE_EVIDENCE,NONE,SCREENING_ANOMALY,SUPPORTED_ANOMALY,NO_LOW_STATURE_EVIDENCE,False,True,False,False,True,False,True,True,3,1,BIOCHEMICAL_ONLY,COMPLETE_3_OF_3,SINGLE_DOMAIN_PRIORITY,"These are orchard-relative screening patterns and internal cross-domain corroboration. They do not establish causal diagnosis, disease identity, physiological drought, nutrient deficiency, or treatment need without independent field validation."
252,0.4297509560470018,0.2328848791558847,0.7082560800858753,0.0986086057329136,1.0129130782098503,-0.0818102392178596,0.2050329797116196,1.6513545548888893,3.637515882318376,0.0636619108735385,725.6814284933099,6,PIXELWISE_INDEX_THEN_CROWN_STATISTIC_THEN_MULTISTRIP_AGGREGATION,True,0.0383427602098833,0.0200205881941427,0.0829674784953777,0.0227202758793529,0.0469807216296655,0.0001052612101881,0.0174288472721246,0.0705244222512611,0.5243372877528762,0.0175369593441777,0.1332917640651203,-0.2505575904706678,0.3031350804449332,MULTI_STRIP,HIGH,2,"9,10",ALL_386_COMPLETE_TREE_LEVEL_INVENTORY,True,False,False,False,False,NO_ANOMALY,NO_CONCORDANT_WATER_ANOMALY,HIGH,True,False,False,False,False,False,False,True,False,False,True,NO_CONCORDANT_BIOCHEMICAL_DECLINE,True,2.2886690139770507,1.2650350332260132,2.092537689208984,0.1961313247680665,57,1.0,PASS,,False,False,False,NO_LOW_STATURE_EVIDENCE,NONE,NO_CONCORDANT_ANOMALY,NO_CONCORDANT_ANOMALY,NO_LOW_STATURE_EVIDENCE,False,False,False,False,False,False,False,True,3,0,NO_SUPPORTED_MAJOR_DOMAIN_ANOMALY,COMPLETE_3_OF_3,NO_SUPPORTED_ANOMALY,"These are orchard-relative screening patterns and internal cross-domain corroboration. They do not establish causal diagnosis, disease identity, physiological drought, nutrient deficiency, or treatment need without independent field validation."
253,0.4284938268545366,0.2268989015804332,0.6546396867048053,0.0944161520052481,1.0114891394080934,-0.0931691767027668,0.2175799733476115,1.5715580741974473,4.509749259552608,0.0605303738989293,725.6307031054918,6,PIXELWISE_INDEX_THEN_CROWN_STATISTIC_THEN_MULTISTRIP_AGGREGATION,True,0.0120928051006779,0.0062974902925881,0.0199028487203324,0.0025101052797307,0.0080175839130123,0.0025779811054732,0.0021340121712701,0.0405209484951134,0.0345513470733562,0.00097882338712,0.3103685938599483,-0.2653949907962488,0.314362208161817,MULTI_STRIP,HIGH,2,"10,11",ALL_386_COMPLETE_TREE_LEVEL_INVENTORY,True,False,True,False,False,NO_ANOMALY,NO_CONCORDANT_WATER_ANOMALY,HIGH,True,False,False,False,False,False,False,False,False,False,True,NO_CONCORDANT_BIOCHEMICAL_DECLINE,True,2.035980224609375,1.4650257602334025,1.9438438415527344,0.0921363830566408,48,1.0,PASS,,False,False,True,NO_LOW_STATURE_EVIDENCE,NONE,NO_CONCORDANT_ANOMALY,NO_CONCORDANT_ANOMALY,NO_LOW_STATURE_EVIDENCE,False,False,False,False,False,False,False,True,3,0,NO_SUPPORTED_MAJOR_DOMAIN_ANOMALY,COMPLETE_3_OF_3,NO_SUPPORTED_ANOMALY,"These are orchard-relative screening patterns and internal cross-domain corroboration. They do not establish causal diagnosis, disease identity, physiological drought, nutrient deficiency, or treatment need without independent field validation."
254,0.5600449359415154,0.2996961579596833,0.967116128150631,0.1402574818433727,1.0003993481727922,-0.0820433753148843,0.1434620260629907,1.368535626913146,4.231221190178049,0.0887145734021682,726.121605323857,5,PIXELWISE_INDEX_THEN_CROWN_STATISTIC_THEN_MULTISTRIP_AGGREGATION,True,0.0313269537805021,0.0120216797165046,0.0444025019026511,0.0265119898013704,0.0103483736133855,0.0072357760247104,0.0130272645351011,0.0377468903253911,0.6909503726932698,0.0197023903285231,0.6777398592039511,-0.3912122959964735,0.4263172063029617,MULTI_STRIP,HIGH,2,"9,10",ALL_386_COMPLETE_TREE_LEVEL_INVENTORY,True,False,False,False,False,NO_ANOMALY,NO_CONCORDANT_WATER_ANOMALY,HIGH,True,False,False,False,False,False,False,False,False,False,True,NO_CONCORDANT_BIOCHEMICAL_DECLINE,True,2.393101239204406,1.7508375123143196,2.2643463134765627,0.1287549257278439,78,1.0,PASS,,False,False,True,NO_LOW_STATURE_EVIDENCE,NONE,NO_CONCORDANT_ANOMALY,NO_CONCORDANT_ANOMALY,NO_LOW_STATURE_EVIDENCE,False,False,False,False,False,False,False,True,3,0,NO_SUPPORTED_MAJOR_DOMAIN_ANOMALY,COMPLETE_3_OF_3,NO_SUPPORTED_ANOMALY,"These are orchard-relative screening patterns and internal cross-domain corroboration. They do not establish causal diagnosis, disease identity, physiological drought, nutrient deficiency, or treatment need without independent field validation."
255,0.5935984243240893,0.3427044839175587,1.119641799120816,0.1189202799981162,1.0802033688419403,-0.0685929499835639,0.1030640340337508,1.2219561536894925,5.043117177884322,0.080570804423473,727.0490351405376,5,PIXELWISE_INDEX_THEN_CROWN_STATISTIC_THEN_MULTISTRIP_AGGREGATION,True,0.0176743758806465,0.0105700002658011,0.0460924841799147,0.0132767822083995,0.0332021312824081,0.0098463110315278,0.0071488801246775,0.0226327672581518,0.7964294356256494,0.0136450216009684,0.724096069565134,-0.4392210336894075,0.476331367725218,MULTI_STRIP,HIGH,2,"9,10",ALL_386_COMPLETE_TREE_LEVEL_INVENTORY,True,False,False,False,False,NO_ANOMALY,NO_CONCORDANT_WATER_ANOMALY,HIGH,True,False,False,False,False,False,False,False,False,True,True,NO_CONCORDANT_BIOCHEMICAL_DECLINE,True,2.3067516803741457,1.35227170586586,2.2179946899414062,0.0887569904327394,45,1.0,PASS,,False,False,False,NO_LOW_STATURE_EVIDENCE,NONE,NO_CONCORDANT_ANOMALY,NO_CONCORDANT_ANOMALY,NO_LOW_STATURE_EVIDENCE,False,False,False,False,False,False,False,True,3,0,NO_SUPPORTED_MAJOR_DOMAIN_ANOMALY,COMPLETE_3_OF_3,NO_SUPPORTED_ANOMALY,"These are orchard-relative screening patterns and internal cross-domain corroboration. They do not establish causal diagnosis, disease identity, physiological drought, nutrient deficiency, or treatment need without independent field validation."
256,0.4834776765560167,0.2321628521570028,0.6493494621429889,0.1420253290174258,1.067116021397349,-0.0921980039483343,0.173112162645535,1.4371040055199853,3.7267924351436585,0.0900955690811804,724.475663369044,6,PIXELWISE_INDEX_THEN_CROWN_STATISTIC_THEN_MULTISTRIP_AGGREGATION,True,0.0099190898544757,0.0069158558822273,0.0159258911776115,0.0039060806108436,0.1107647987201019,0.0040893205389646,0.0066267190167069,0.0308541323683186,0.0116900319435633,0.0026183979261138,0.3826788473401734,-0.3158093819989641,0.3652635468754078,SINGLE_STRIP,MODERATE,1,10,ALL_386_COMPLETE_TREE_LEVEL_INVENTORY,True,False,True,False,False,NO_ANOMALY,NO_CONCORDANT_WATER_ANOMALY,MODERATE,True,False,False,True,False,False,False,False,False,False,True,NO_CONCORDANT_BIOCHEMICAL_DECLINE,True,2.0654978156089783,0.8358648717403412,1.7638992309570312,0.3015985846519471,42,1.0,PASS,,False,False,False,NO_LOW_STATURE_EVIDENCE,NONE,NO_CONCORDANT_ANOMALY,NO_CONCORDANT_ANOMALY,NO_LOW_STATURE_EVIDENCE,False,False,False,False,False,False,False,True,3,0,NO_SUPPORTED_MAJOR_DOMAIN_ANOMALY,COMPLETE_3_OF_3,NO_SUPPORTED_ANOMALY,"These are orchard-relative screening patterns and internal cross-domain corroboration. They do not establish causal diagnosis, disease identity, physiological drought, nutrient deficiency, or treatment need without independent field validation."
258,0.6632053133068028,0.4179815997445341,1.561346651446608,0.1079006481123554,1.1138698163087066,-0.0692323016150385,0.0713551344369121,1.1293965464125852,3.759364399727677,0.0857109173091675,729.2464936762477,5,PIXELWISE_INDEX_THEN_CROWN_STATISTIC_THEN_MULTISTRIP_AGGREGATION,True,0.0351199598141717,0.0311474187033856,0.1915557205896366,0.0040642576154917,0.0158282732023269,0.0019614129151263,0.0160332565195869,0.0338880255254549,0.3632780877256005,0.0045009017615603,0.4704465172362729,-0.5635856066936797,0.5856086729118768,MULTI_STRIP,HIGH,2,"8,9",ALL_386_COMPLETE_TREE_LEVEL_INVENTORY,True,False,False,False,False,NO_ANOMALY,NO_CONCORDANT_WATER_ANOMALY,HIGH,True,False,False,False,False,False,False,False,False,False,True,NO_CONCORDANT_BIOCHEMICAL_DECLINE,True,2.2155054569244386,0.8674918413162231,2.101490020751953,0.1140154361724854,85,1.0,PASS,,False,False,False,NO_LOW_STATURE_EVIDENCE,NONE,NO_CONCORDANT_ANOMALY,NO_CONCORDANT_ANOMALY,NO_LOW_STATURE_EVIDENCE,False,False,False,False,False,False,False,True,3,0,NO_SUPPORTED_MAJOR_DOMAIN_ANOMALY,COMPLETE_3_OF_3,NO_SUPPORTED_ANOMALY,"These are orchard-relative screening patterns and internal cross-domain corroboration. They do not establish causal diagnosis, disease identity, physiological drought, nutrient deficiency, or treatment need without independent field validation."
259,0.5675126238887802,0.3227634900701785,1.066314264519752,0.1113767264788132,1.0327072790681349,-0.0776712016311413,0.1272530099255224,1.2656150304815734,4.457612682520408,0.0734073489407719,727.1529597477606,5,PIXELWISE_INDEX_THEN_CROWN_STATISTIC_THEN_MULTISTRIP_AGGREGATION,True,0.0144786556646033,0.0081742396405477,0.0450148230401502,0.0117096188900482,0.0386875987183523,0.0089887842276788,0.0016086940049609,0.0029723359135385,0.7565500406711889,0.0120507589576372,0.3727751454979966,-0.413325546213472,0.4513966328847977,MULTI_STRIP,HIGH,2,"9,10",ALL_386_COMPLETE_TREE_LEVEL_INVENTORY,True,False,False,False,False,NO_ANOMALY,NO_CONCORDANT_WATER_ANOMALY,HIGH,True,False,False,False,False,False,False,False,False,False,True,NO_CONCORDANT_BIOCHEMICAL_DECLINE,True,2.2681797027587884,1.4481784403324127,2.257251739501953,0.0109279632568353,45,1.0,PASS,,False,False,True,NO_LOW_STATURE_EVIDENCE,NONE,NO_CONCORDANT_ANOMALY,NO_CONCORDANT_ANOMALY,NO_LOW_STATURE_EVIDENCE,False,False,False,False,False,False,False,True,3,0,NO_SUPPORTED_MAJOR_DOMAIN_ANOMALY,COMPLETE_3_OF_3,NO_SUPPORTED_ANOMALY,"These are orchard-relative screening patterns and internal cross-domain corroboration. They do not establish causal diagnosis, disease identity, physiological drought, nutrient deficiency, or treatment need without independent field validation."
261,0.3325751025583847,0.1742471854923167,0.4603339761318956,0.0642205252748433,1.0069884768655049,-0.0998183420411722,0.279782752135884,1.8695313061202403,4.445578503704413,0.0380937911674071,724.9838772421463,6,PIXELWISE_INDEX_THEN_CROWN_STATISTIC_THEN_MULTISTRIP_AGGREGATION,True,0.0021870852662361,0.0007648717641206,0.0033351290583236,0.0013774998155005,0.0459115486152486,0.0010793008176055,0.0006387656692035,0.0085205755956406,0.1298660171055377,0.0010845624821774,0.0499586139735583,-0.1387020552960243,0.195287743103076,MULTI_STRIP,HIGH,2,"10,11",ALL_386_COMPLETE_TREE_LEVEL_INVENTORY,True,False,True,True,True,ANOMALOUS_CONCORDANT,ISOLATED_DIRECT_WATER_ANOMALY,HIGH,True,True,True,True,True,True,True,True,True,False,True,CONCORDANT_BIOCHEMICAL_DECLINE,True,1.863822001218796,0.8187645003199577,1.5579833984375,0.3058386027812954,30,1.0,PASS,,False,False,False,NO_LOW_STATURE_EVIDENCE,NONE,SCREENING_ANOMALY,SUPPORTED_ANOMALY,NO_LOW_STATURE_EVIDENCE,False,True,False,False,True,False,True,True,3,1,BIOCHEMICAL_ONLY,COMPLETE_3_OF_3,SINGLE_DOMAIN_PRIORITY,"These are orchard-relative screening patterns and internal cross-domain corroboration. They do not establish causal diagnosis, disease identity, physiological drought, nutrient deficiency, or treatment need without independent field validation."
262,0.4279753292340757,0.2237512671188877,0.6373786912562661,0.0966140261590428,1.0130785667076816,-0.0806451857815251,0.2082952925505735,1.5573053561308552,4.851146878696686,0.059295659509719,726.7375966845119,5,PIXELWISE_INDEX_THEN_CROWN_STATISTIC_THEN_MULTISTRIP_AGGREGATION,True,0.0491686971162008,0.0269500924634787,0.1007738376970258,0.0246536806548305,0.0585536476483371,0.0028453152621075,0.0267866542237031,0.0992287331811202,0.9050831741258554,0.0212429031231848,0.2654309634720085,-0.2496487829578169,0.3090708557153482,MULTI_STRIP,HIGH,2,"9,10",ALL_386_COMPLETE_TREE_LEVEL_INVENTORY,True,False,False,False,False,NO_ANOMALY,NO_CONCORDANT_WATER_ANOMALY,HIGH,True,False,False,False,False,False,False,False,False,True,True,NO_CONCORDANT_BIOCHEMICAL_DECLINE,True,2.152238893508911,1.5768103003501892,2.0759490966796874,0.0762897968292235,37,1.0,PASS,,False,False,True,NO_LOW_STATURE_EVIDENCE,NONE,NO_CONCORDANT_ANOMALY,NO_CONCORDANT_ANOMALY,NO_LOW_STATURE_EVIDENCE,False,False,False,False,False,False,False,True,3,0,NO_SUPPORTED_MAJOR_DOMAIN_ANOMALY,COMPLETE_3_OF_3,NO_SUPPORTED_ANOMALY,"These are orchard-relative screening patterns and internal cross-domain corroboration. They do not establish causal diagnosis, disease identity, physiological drought, nutrient deficiency, or treatment need without independent field validation."
263,0.3039185684056205,0.1561238746508637,0.3871771531472883,0.061878487911496,0.9710817177958476,-0.0906642349042617,0.2893221646142909,1.8358643283759608,4.167624672625171,0.0324168282712128,724.9161997566417,6,PIXELWISE_INDEX_THEN_CROWN_STATISTIC_THEN_MULTISTRIP_AGGREGATION,True,0.0122811850247546,0.0052848409928861,0.0113875097662285,0.0094932967523946,0.0430236727212972,0.0039624751937881,0.0107372538574334,0.083602791713695,0.4268962321196035,0.0077166087737851,0.8239585411800369,-0.1371008005273591,0.2183849103568325,MULTI_STRIP,HIGH,2,"10,11",ALL_386_COMPLETE_TREE_LEVEL_INVENTORY,True,True,True,True,True,ANOMALOUS_CONCORDANT,STRONG_INTERNAL_WATER_EVIDENCE,HIGH,True,True,True,True,True,True,True,True,True,False,True,CONCORDANT_BIOCHEMICAL_DECLINE,True,0.42908475548029,0.0796835869550705,0.2259979248046875,0.2030868306756025,20,1.0,PASS,,True,True,False,CORROBORATED_LOW_STRUCTURAL_STATURE,CORROBORATED,SUPPORTED_ANOMALY,SUPPORTED_ANOMALY,LOW_STATURE_CORROBORATED,True,True,True,True,False,False,False,True,3,3,WATER_BIOCHEMICAL_STRUCTURE,COMPLETE_3_OF_3,HIGH_MULTI_DOMAIN_PRIORITY,"These are orchard-relative screening patterns and internal cross-domain corroboration. They do not establish causal diagnosis, disease identity, physiological drought, nutrient deficiency, or treatment need without independent field validation."
264,0.6343451084409488,0.3698298247550819,1.2503053773294843,0.127255875420855,1.0563341402267403,-0.0771809947911474,0.08890750685004,1.1636458942594912,4.165479977624499,0.0952965838244651,727.9905866534484,5,PIXELWISE_INDEX_THEN_CROWN_STATISTIC_THEN_MULTISTRIP_AGGREGATION,True,0.0316625230351671,0.0240056285870643,0.122886189263576,0.0074471798756623,0.1459833248931314,0.0021613592798631,0.0161029151675416,0.029626662250518,0.5039636758131565,0.0071406063610733,0.4283734893161295,-0.5485128008420019,0.5740803711151726,MULTI_STRIP,HIGH,2,"8,9",ALL_386_COMPLETE_TREE_LEVEL_INVENTORY,True,False,False,False,False,NO_ANOMALY,NO_CONCORDANT_WATER_ANOMALY,HIGH,True,False,False,False,False,False,False,False,False,False,True,NO_CONCORDANT_BIOCHEMICAL_DECLINE,True,2.15254967212677,0.3731612265110016,2.077999877929688,0.0745497941970825,78,1.0,PASS,,False,False,False,NO_LOW_STATURE_EVIDENCE,NONE,NO_CONCORDANT_ANOMALY,NO_CONCORDANT_ANOMALY,NO_LOW_STATURE_EVIDENCE,False,False,False,False,False,False,False,True,3,0,NO_SUPPORTED_MAJOR_DOMAIN_ANOMALY,COMPLETE_3_OF_3,NO_SUPPORTED_ANOMALY,"These are orchard-relative screening patterns and internal cross-domain corroboration. They do not establish causal diagnosis, disease identity, physiological drought, nutrient deficiency, or treatment need without independent field validation."
265,0.4336380695311319,0.2250912154414412,0.6303170164300915,0.1012883451658101,0.9860669761777392,-0.0898986696864151,0.200364922463625,1.5396854237045998,4.27951719546292,0.0649924849170465,725.0613490941153,6,PIXELWISE_INDEX_THEN_CROWN_STATISTIC_THEN_MULTISTRIP_AGGREGATION,True,0.0290598273925795,0.0053614632765801,0.0110528389431849,0.0261670169883622,0.0139135162728872,0.0012446502146172,0.0106611902591612,0.0495261647273876,0.5801694959781996,0.0182429345269299,0.3275015816788027,-0.2588308214158522,0.2929567484814098,MULTI_STRIP,HIGH,2,"9,10",ALL_386_COMPLETE_TREE_LEVEL_INVENTORY,True,False,True,False,False,NO_ANOMALY,NO_CONCORDANT_WATER_ANOMALY,HIGH,True,False,False,True,False,False,False,False,False,False,True,NO_CONCORDANT_BIOCHEMICAL_DECLINE,True,1.9458025395870209,1.4974052011966703,1.7394500732421874,0.2063524663448335,56,1.0,PASS,,False,False,True,NO_LOW_STATURE_EVIDENCE,NONE,NO_CONCORDANT_ANOMALY,NO_CONCORDANT_ANOMALY,NO_LOW_STATURE_EVIDENCE,False,False,False,False,False,False,False,True,3,0,NO_SUPPORTED_MAJOR_DOMAIN_ANOMALY,COMPLETE_3_OF_3,NO_SUPPORTED_ANOMALY,"These are orchard-relative screening patterns and internal cross-domain corroboration. They do not establish causal diagnosis, disease identity, physiological drought, nutrient deficiency, or treatment need without independent field validation."
266,0.7338896539611902,0.4269158957435191,1.5686987022739036,0.1436982918943085,0.9873123818832154,-0.0774504963648778,0.0520030817787154,1.0800062399310428,4.933928917639483,0.0998328428627699,728.8157660517646,5,PIXELWISE_INDEX_THEN_CROWN_STATISTIC_THEN_MULTISTRIP_AGGREGATION,True,0.0520064635633534,0.0413079094560416,0.2291524787714022,0.0179640791509991,0.0738596722207127,0.0067367682581643,0.0139359198595394,0.0240540559530694,1.385042782890053,0.0182717187539734,1.870231721106572,-0.5641554240656403,0.5845646118337431,MULTI_STRIP,HIGH,2,"9,10",ALL_386_COMPLETE_TREE_LEVEL_INVENTORY,True,False,False,False,False,NO_ANOMALY,NO_CONCORDANT_WATER_ANOMALY,HIGH,True,False,False,False,False,False,False,False,False,True,True,NO_CONCORDANT_BIOCHEMICAL_DECLINE,True,1.7345597088336944,0.814447894692421,1.6361015319824217,0.0984581768512726,48,1.0,PASS,,False,False,False,NO_LOW_STATURE_EVIDENCE,NONE,NO_CONCORDANT_ANOMALY,NO_CONCORDANT_ANOMALY,NO_LOW_STATURE_EVIDENCE,False,False,False,False,False,False,False,True,3,0,NO_SUPPORTED_MAJOR_DOMAIN_ANOMALY,COMPLETE_3_OF_3,NO_SUPPORTED_ANOMALY,"These are orchard-relative screening patterns and internal cross-domain corroboration. They do not establish causal diagnosis, disease identity, physiological drought, nutrient deficiency, or treatment need without independent field validation."
267,0.4689597609477907,0.2577371201415112,0.7947494740235937,0.0979148811555946,1.0349601492804643,-0.086589391298042,0.1871431190731168,1.5405571710388768,4.582209241401035,0.0650389632633887,726.3589665055607,6,PIXELWISE_INDEX_THEN_CROWN_STATISTIC_THEN_MULTISTRIP_AGGREGATION,True,0.0292597928529341,0.0138192457163636,0.0495325044841327,0.0146670174193359,0.0323985765573063,0.0062703465201057,0.0066959920985706,0.0396838665328707,0.7267717997860064,0.0130938681009717,0.7762339337936345,-0.2933125651488756,0.3248374271640731,MULTI_STRIP,HIGH,2,"9,10",ALL_386_COMPLETE_TREE_LEVEL_INVENTORY,True,False,False,False,False,NO_ANOMALY,NO_CONCORDANT_WATER_ANOMALY,HIGH,True,False,False,False,False,False,False,False,False,True,True,NO_CONCORDANT_BIOCHEMICAL_DECLINE,True,2.08633633852005,1.581146314740181,2.0205924987792967,0.0657438397407532,60,1.0,PASS,,False,False,True,NO_LOW_STATURE_EVIDENCE,NONE,NO_CONCORDANT_ANOMALY,NO_CONCORDANT_ANOMALY,NO_LOW_STATURE_EVIDENCE,False,False,False,False,False,False,False,True,3,0,NO_SUPPORTED_MAJOR_DOMAIN_ANOMALY,COMPLETE_3_OF_3,NO_SUPPORTED_ANOMALY,"These are orchard-relative screening patterns and internal cross-domain corroboration. They do not establish causal diagnosis, disease identity, physiological drought, nutrient deficiency, or treatment need without independent field validation."
268,0.4518075756212868,0.2531873114742249,0.7729326461363224,0.0914112895335005,0.9651559743761118,-0.082215319205099,0.1955047327443364,1.5172229091918727,3.741596165180447,0.0590038881418472,726.2657688212189,6,PIXELWISE_INDEX_THEN_CROWN_STATISTIC_THEN_MULTISTRIP_AGGREGATION,True,0.0231223681780682,0.0106207241921061,0.0409933387736228,0.0147360032172976,0.0061562639127064,0.0010676358920768,0.0094734992385946,0.0226604841675885,0.4165740569713683,0.0122562041765443,0.428141196368017,-0.2313094529378035,0.2922368760039169,MULTI_STRIP,HIGH,2,"9,10",ALL_386_COMPLETE_TREE_LEVEL_INVENTORY,True,True,False,False,False,NO_ANOMALY,ISOLATED_DIRECT_WATER_ANOMALY,HIGH,True,False,False,False,False,False,False,False,False,False,True,NO_CONCORDANT_BIOCHEMICAL_DECLINE,True,2.011874639987945,1.5465038865804672,1.8719924926757807,0.1398821473121643,48,1.0,PASS,,False,False,True,NO_LOW_STATURE_EVIDENCE,NONE,SCREENING_ANOMALY,NO_CONCORDANT_ANOMALY,NO_LOW_STATURE_EVIDENCE,False,False,False,False,True,False,True,True,3,0,NO_SUPPORTED_MAJOR_DOMAIN_ANOMALY,COMPLETE_3_OF_3,SCREENING_PRIORITY,"These are orchard-relative screening patterns and internal cross-domain corroboration. They do not establish causal diagnosis, disease identity, physiological drought, nutrient deficiency, or treatment need without independent field validation."
269,0.3299648659616689,0.1510765982445244,0.3882646563071776,0.0767868848634632,0.9798869798908,-0.0970253595607964,0.2863785707377186,1.8451367079023648,4.980319313190453,0.0415981090723642,724.1440845176435,6,PIXELWISE_INDEX_THEN_CROWN_STATISTIC_THEN_MULTISTRIP_AGGREGATION,True,0.0084457487147069,0.0030615758922093,0.0086108038794022,0.0035735121137063,0.0397052217967999,0.0026682967499437,0.0116240523946218,0.0530425373806706,0.1041694972748206,0.0011470065586256,0.2851750275405607,-0.1038398455728247,0.2025046492233032,MULTI_STRIP,HIGH,2,"10,11",ALL_386_COMPLETE_TREE_LEVEL_INVENTORY,True,False,True,True,True,ANOMALOUS_CONCORDANT,ISOLATED_DIRECT_WATER_ANOMALY,HIGH,True,True,True,True,True,True,True,True,True,True,True,STRONG_CONCORDANT_BIOCHEMICAL_DECLINE,True,1.785784864425659,1.3380315899848938,1.7050575256347655,0.0807273387908935,29,1.0,PASS,,False,False,False,NO_LOW_STATURE_EVIDENCE,NONE,SCREENING_ANOMALY,SUPPORTED_ANOMALY,NO_LOW_STATURE_EVIDENCE,False,True,False,False,True,False,True,True,3,1,BIOCHEMICAL_ONLY,COMPLETE_3_OF_3,SINGLE_DOMAIN_PRIORITY,"These are orchard-relative screening patterns and internal cross-domain corroboration. They do not establish causal diagnosis, disease identity, physiological drought, nutrient deficiency, or treatment need without independent field validation."
271,0.4509061535358744,0.2491655856581947,0.7834484640074659,0.0775467070872248,0.9555531981468888,-0.0777537294400889,0.2075863487596234,1.5862687613667932,4.8542125266832645,0.0492689139497293,726.1985137879832,5,PIXELWISE_INDEX_THEN_CROWN_STATISTIC_THEN_MULTISTRIP_AGGREGATION,True,0.0283463160092977,0.0222654509531986,0.1033030717349226,0.0089475851484874,0.0253811300806044,0.0042309054478382,0.0182880744191186,0.0518958277496218,0.6233310418028362,0.0100151942694278,0.5086699766279708,-0.2988014334397521,0.3518805006390086,MULTI_STRIP,HIGH,2,"9,10",ALL_386_COMPLETE_TREE_LEVEL_INVENTORY,True,True,False,False,False,NO_ANOMALY,ISOLATED_DIRECT_WATER_ANOMALY,HIGH,True,False,False,False,False,False,False,False,False,True,True,NO_CONCORDANT_BIOCHEMICAL_DECLINE,True,2.4410121917724608,1.8520449995994568,2.167393493652344,0.2736186981201172,57,1.0,PASS,,False,False,True,NO_LOW_STATURE_EVIDENCE,NONE,SCREENING_ANOMALY,NO_CONCORDANT_ANOMALY,NO_LOW_STATURE_EVIDENCE,False,False,False,False,True,False,True,True,3,0,NO_SUPPORTED_MAJOR_DOMAIN_ANOMALY,COMPLETE_3_OF_3,SCREENING_PRIORITY,"These are orchard-relative screening patterns and internal cross-domain corroboration. They do not establish causal diagnosis, disease identity, physiological drought, nutrient deficiency, or treatment need without independent field validation."
273,0.5760127951293048,0.3368447732161337,1.12544503478493,0.1010569301087319,1.049088712751295,-0.0639899131464285,0.1169112328047656,1.2275936699251966,5.212945953552827,0.0705362371270894,727.5949011451276,5,PIXELWISE_INDEX_THEN_CROWN_STATISTIC_THEN_MULTISTRIP_AGGREGATION,True,0.08095362484443,0.0611880230136642,0.3049356272748931,0.0285954609962635,0.0626116198330631,0.0134321809842008,0.0371220392161822,0.0728223003965394,2.357569540631405,0.0295599961387799,0.8555183542547511,-0.4614102386794776,0.494753037709387,SINGLE_STRIP,MODERATE,1,9,ALL_386_COMPLETE_TREE_LEVEL_INVENTORY,True,False,False,False,False,NO_ANOMALY,NO_CONCORDANT_WATER_ANOMALY,MODERATE,True,False,False,False,False,False,False,False,False,True,True,NO_CONCORDANT_BIOCHEMICAL_DECLINE,True,2.208139181137085,0.5891252756118774,1.995792388916016,0.2123467922210693,76,1.0,PASS,,False,False,False,NO_LOW_STATURE_EVIDENCE,NONE,NO_CONCORDANT_ANOMALY,NO_CONCORDANT_ANOMALY,NO_LOW_STATURE_EVIDENCE,False,False,False,False,False,False,False,True,3,0,NO_SUPPORTED_MAJOR_DOMAIN_ANOMALY,COMPLETE_3_OF_3,NO_SUPPORTED_ANOMALY,"These are orchard-relative screening patterns and internal cross-domain corroboration. They do not establish causal diagnosis, disease identity, physiological drought, nutrient deficiency, or treatment need without independent field validation."
274,0.468759596462004,0.2871968779650624,0.8630668830026773,0.0721732653779926,0.9441228385974544,-0.0665800680697458,0.1655221989402576,1.3576555033503512,3.273122660295948,0.054325186030208,728.2508647215225,6,PIXELWISE_INDEX_THEN_CROWN_STATISTIC_THEN_MULTISTRIP_AGGREGATION,True,0.0047039721848175,0.0038689598833736,0.0030956283790951,0.003227053692756,0.0170998637755244,0.0030964227893406,0.0037563520377928,0.0224711389649499,0.2447339600299531,0.0042160843449091,0.2226283950010383,-0.2033717215588172,0.2909447919584136,MULTI_STRIP,HIGH,2,"9,10",ALL_386_COMPLETE_TREE_LEVEL_INVENTORY,True,True,False,False,False,NO_ANOMALY,ISOLATED_DIRECT_WATER_ANOMALY,HIGH,True,False,False,False,False,False,False,False,False,False,True,NO_CONCORDANT_BIOCHEMICAL_DECLINE,True,0.4628345221281051,0.0691101923584938,,,16,1.0,WARN,surface cells < 20,True,False,False,LOW_STATURE_LAS_ONLY,SINGLE_MEASUREMENT,SCREENING_ANOMALY,NO_CONCORDANT_ANOMALY,LOW_STATURE_LAS_ONLY,False,False,True,False,True,False,True,True,3,0,NO_SUPPORTED_MAJOR_DOMAIN_ANOMALY,COMPLETE_3_OF_3,SCREENING_PRIORITY,"These are orchard-relative screening patterns and internal cross-domain corroboration. They do not establish causal diagnosis, disease identity, physiological drought, nutrient deficiency, or treatment need without independent field validation."
275,0.2914548569011924,0.1188387370197071,0.2921758372758637,0.098510031452514,0.9550652379342396,-0.0966604380893841,0.3131375319185409,2.127730643594148,4.122871599745574,0.0517921950353104,722.6703872461819,6,PIXELWISE_INDEX_THEN_CROWN_STATISTIC_THEN_MULTISTRIP_AGGREGATION,True,0.0283599128406299,0.008303301716947,0.0268585134342375,0.0344243505176657,0.0448113351409417,0.0033972501420712,0.0165401512931972,0.0864879133071947,0.5553936485194653,0.0205441235303503,0.1240416075816028,-0.1050111396600968,0.1805683128754781,SINGLE_STRIP,MODERATE,1,10,ALL_386_COMPLETE_TREE_LEVEL_INVENTORY,True,True,True,True,True,ANOMALOUS_CONCORDANT,STRONG_INTERNAL_WATER_EVIDENCE,MODERATE,True,True,True,True,True,True,True,True,True,False,True,CONCORDANT_BIOCHEMICAL_DECLINE,True,2.192845153808594,1.5725219696760178,2.015006256103516,0.1778388977050786,39,1.0,PASS,,False,False,True,NO_LOW_STATURE_EVIDENCE,NONE,SUPPORTED_ANOMALY,SUPPORTED_ANOMALY,NO_LOW_STATURE_EVIDENCE,True,True,False,False,False,False,False,True,3,2,WATER_BIOCHEMICAL_ONLY,COMPLETE_3_OF_3,MULTI_DOMAIN_PRIORITY,"These are orchard-relative screening patterns and internal cross-domain corroboration. They do not establish causal diagnosis, disease identity, physiological drought, nutrient deficiency, or treatment need without independent field validation."
276,0.4836278431257498,0.2844851042349906,0.9687533993125024,0.0875631566744117,1.031870481671779,-0.0765897797528964,0.1758201270989812,1.5486049674565605,4.941750975956702,0.0588444761473561,726.6678949673911,5,PIXELWISE_INDEX_THEN_CROWN_STATISTIC_THEN_MULTISTRIP_AGGREGATION,True,0.03715374931075,0.0224472179973607,0.0880500999057863,0.0115998595726761,0.0325314069945652,0.0068485230617645,0.0163466315569932,0.049439654497593,1.0245798057171125,0.0143076521775032,0.2029620639663457,-0.3543604557007357,0.3792828355172338,MULTI_STRIP,HIGH,2,"9,10",ALL_386_COMPLETE_TREE_LEVEL_INVENTORY,True,False,False,False,False,NO_ANOMALY,NO_CONCORDANT_WATER_ANOMALY,HIGH,True,False,False,False,False,False,False,False,False,True,True,NO_CONCORDANT_BIOCHEMICAL_DECLINE,True,2.30607500076294,1.7893102169036863,2.0519439697265627,0.2541310310363767,58,1.0,PASS,,False,False,True,NO_LOW_STATURE_EVIDENCE,NONE,NO_CONCORDANT_ANOMALY,NO_CONCORDANT_ANOMALY,NO_LOW_STATURE_EVIDENCE,False,False,False,False,False,False,False,True,3,0,NO_SUPPORTED_MAJOR_DOMAIN_ANOMALY,COMPLETE_3_OF_3,NO_SUPPORTED_ANOMALY,"These are orchard-relative screening patterns and internal cross-domain corroboration. They do not establish causal diagnosis, disease identity, physiological drought, nutrient deficiency, or treatment need without independent field validation."
277,0.4190401780819394,0.2343906517369529,0.6772372408693366,0.0800056870823464,0.9874815647186156,-0.0782253584907125,0.2022574635304896,1.5060286917306065,3.863104720273943,0.0532414548820114,726.7936718650699,6,PIXELWISE_INDEX_THEN_CROWN_STATISTIC_THEN_MULTISTRIP_AGGREGATION,True,0.0252147135223739,0.0149515530428076,0.063035203967897,0.0122649201144925,0.0070327987211139,0.0005970755571498,0.0096874785701238,0.0425968017916059,0.4449426474915767,0.011664086680103,0.5713472493546305,-0.1940775139400003,0.2674040384756048,MULTI_STRIP,HIGH,2,"9,10",ALL_386_COMPLETE_TREE_LEVEL_INVENTORY,True,False,False,False,False,NO_ANOMALY,NO_CONCORDANT_WATER_ANOMALY,HIGH,True,False,False,False,False,False,False,False,False,False,True,NO_CONCORDANT_BIOCHEMICAL_DECLINE,True,2.057045793533325,0.9676912426948548,1.3822540283203124,0.6747917652130124,43,1.0,PASS,,False,True,False,NO_LOW_STATURE_EVIDENCE,NONE,NO_CONCORDANT_ANOMALY,NO_CONCORDANT_ANOMALY,NO_LOW_STATURE_EVIDENCE,False,False,False,False,False,False,False,True,3,0,NO_SUPPORTED_MAJOR_DOMAIN_ANOMALY,COMPLETE_3_OF_3,NO_SUPPORTED_ANOMALY,"These are orchard-relative screening patterns and internal cross-domain corroboration. They do not establish causal diagnosis, disease identity, physiological drought, nutrient deficiency, or treatment need without independent field validation."
278,0.3324675431454953,0.1659492818416881,0.4593642230270235,0.0726433573569635,0.9946056073658972,-0.0985486367344251,0.2810596110816427,1.6122687623441458,4.09004055381059,0.04541541364619,724.5514449606128,6,PIXELWISE_INDEX_THEN_CROWN_STATISTIC_THEN_MULTISTRIP_AGGREGATION,True,0.0319981828657674,0.0152198118027878,0.0522375433475787,0.0193607256050185,0.045791653072424,0.0017005744841778,0.0160940887353143,0.2932870067731629,0.5419981721738474,0.0154354205975808,0.3793058353710421,-0.1545662835303642,0.1975377897686734,MULTI_STRIP,HIGH,2,"9,10",ALL_386_COMPLETE_TREE_LEVEL_INVENTORY,True,False,True,True,True,ANOMALOUS_CONCORDANT,ISOLATED_DIRECT_WATER_ANOMALY,HIGH,True,True,True,True,True,True,True,False,False,False,True,CHLOROPHYLL_RED_EDGE_ONLY,True,2.71391783952713,1.6351187005639076,2.693953704833984,0.0199641346931458,58,1.0,PASS,,False,False,True,NO_LOW_STATURE_EVIDENCE,NONE,SCREENING_ANOMALY,SCREENING_ANOMALY,NO_LOW_STATURE_EVIDENCE,False,False,False,False,True,True,True,True,3,0,NO_SUPPORTED_MAJOR_DOMAIN_ANOMALY,COMPLETE_3_OF_3,SCREENING_PRIORITY,"These are orchard-relative screening patterns and internal cross-domain corroboration. They do not establish causal diagnosis, disease identity, physiological drought, nutrient deficiency, or treatment need without independent field validation."
279,0.4622761592114658,0.2495160882556934,0.7604055303027096,0.0994226633077796,1.0817614101261073,-0.084198732187176,0.1934709755532606,1.5307566561589414,4.714983254171713,0.0626740442717158,726.0436665481238,5,PIXELWISE_INDEX_THEN_CROWN_STATISTIC_THEN_MULTISTRIP_AGGREGATION,True,0.0246027934384071,0.0155044945382498,0.0648960311902709,0.0120618389067677,0.0003004118884743,0.0068064482148989,0.0080628336275358,0.0255477451634391,0.7015773832004588,0.0129734263048969,0.8873047487296195,-0.2789249461272201,0.3191457846633275,MULTI_STRIP,HIGH,2,"9,10",ALL_386_COMPLETE_TREE_LEVEL_INVENTORY,True,False,False,False,False,NO_ANOMALY,NO_CONCORDANT_WATER_ANOMALY,HIGH,True,False,False,False,False,False,False,False,False,True,True,NO_CONCORDANT_BIOCHEMICAL_DECLINE,True,2.6924958705902093,1.911345548927784,2.303392028808594,0.3891038417816155,54,1.0,PASS,,False,False,True,NO_LOW_STATURE_EVIDENCE,NONE,NO_CONCORDANT_ANOMALY,NO_CONCORDANT_ANOMALY,NO_LOW_STATURE_EVIDENCE,False,False,False,False,False,False,False,True,3,0,NO_SUPPORTED_MAJOR_DOMAIN_ANOMALY,COMPLETE_3_OF_3,NO_SUPPORTED_ANOMALY,"These are orchard-relative screening patterns and internal cross-domain corroboration. They do not establish causal diagnosis, disease identity, physiological drought, nutrient deficiency, or treatment need without independent field validation."
280,0.4890229387616354,0.2470880935016216,0.7177401032877556,0.1443143077915631,0.9885600015697978,-0.0881684612588229,0.1658654830071793,1.4515434520051602,3.897876195207272,0.0884658019378255,725.0649396679895,6,PIXELWISE_INDEX_THEN_CROWN_STATISTIC_THEN_MULTISTRIP_AGGREGATION,True,0.0286926215862486,0.0115730323718401,0.0389266202796606,0.0192350104076316,0.0188041911469276,0.0054878826126838,0.0122480570406372,0.0401758914743504,0.6819644307190088,0.0179994907388571,0.1712542389072389,-0.3075690019844652,0.3485279103769232,MULTI_STRIP,HIGH,2,"9,10",ALL_386_COMPLETE_TREE_LEVEL_INVENTORY,True,False,False,False,False,NO_ANOMALY,NO_CONCORDANT_WATER_ANOMALY,HIGH,True,False,False,True,False,False,False,False,False,False,True,NO_CONCORDANT_BIOCHEMICAL_DECLINE,True,2.4864473581314086,2.010644733905792,2.3148475646972657,0.1715997934341429,50,1.0,PASS,,False,False,True,NO_LOW_STATURE_EVIDENCE,NONE,NO_CONCORDANT_ANOMALY,NO_CONCORDANT_ANOMALY,NO_LOW_STATURE_EVIDENCE,False,False,False,False,False,False,False,True,3,0,NO_SUPPORTED_MAJOR_DOMAIN_ANOMALY,COMPLETE_3_OF_3,NO_SUPPORTED_ANOMALY,"These are orchard-relative screening patterns and internal cross-domain corroboration. They do not establish causal diagnosis, disease identity, physiological drought, nutrient deficiency, or treatment need without independent field validation."
281,0.3079194160650893,0.1510131440666745,0.3996591813094584,0.0560378334520632,0.9531837945529712,-0.0968511582111377,0.3066222007216202,1.972560024321229,4.953074133201754,0.0311378565262006,724.979500149354,6,PIXELWISE_INDEX_THEN_CROWN_STATISTIC_THEN_MULTISTRIP_AGGREGATION,True,0.0564806468648963,0.027883320671308,0.1075379027273746,0.0299386703190939,0.0335124618008346,0.0047189482205991,0.0349408457073321,0.0831289450958112,0.7710802695852988,0.0222973576865574,0.824437832106952,-0.0806877082425918,0.1422666026566955,SINGLE_STRIP,MODERATE,1,10,ALL_386_COMPLETE_TREE_LEVEL_INVENTORY,True,True,True,True,True,ANOMALOUS_CONCORDANT,STRONG_INTERNAL_WATER_EVIDENCE,MODERATE,True,True,True,True,True,True,True,True,True,True,True,STRONG_CONCORDANT_BIOCHEMICAL_DECLINE,True,2.428167116641998,1.7590477839112282,2.27760009765625,0.1505670189857482,60,1.0,PASS,,False,False,True,NO_LOW_STATURE_EVIDENCE,NONE,SUPPORTED_ANOMALY,SUPPORTED_ANOMALY,NO_LOW_STATURE_EVIDENCE,True,True,False,False,False,False,False,True,3,2,WATER_BIOCHEMICAL_ONLY,COMPLETE_3_OF_3,MULTI_DOMAIN_PRIORITY,"These are orchard-relative screening patterns and internal cross-domain corroboration. They do not establish causal diagnosis, disease identity, physiological drought, nutrient deficiency, or treatment need without independent field validation."
282,0.4463709531915275,0.2469886037395051,0.7167266312701439,0.096207754616836,0.975871460501296,-0.0785491234633371,0.2028792735924228,1.4807020021551844,4.240955837682548,0.0639421700317657,726.1066353431828,6,PIXELWISE_INDEX_THEN_CROWN_STATISTIC_THEN_MULTISTRIP_AGGREGATION,True,0.0111075481671254,0.000981996831414,0.007412473501025,0.0179462577978671,0.0361453937604557,0.0004904282664575,0.0025233394213771,0.0097697242287213,0.3680587356758096,0.0124442251322297,0.687778401864648,-0.2420685483797511,0.317812896573713,MULTI_STRIP,HIGH,2,"9,10",ALL_386_COMPLETE_TREE_LEVEL_INVENTORY,True,False,False,False,False,NO_ANOMALY,NO_CONCORDANT_WATER_ANOMALY,HIGH,True,False,False,False,False,False,False,False,False,False,True,NO_CONCORDANT_BIOCHEMICAL_DECLINE,True,1.8119657158851623,1.184025451540947,1.5905899047851562,0.2213758111000061,47,1.0,PASS,,False,False,False,NO_LOW_STATURE_EVIDENCE,NONE,NO_CONCORDANT_ANOMALY,NO_CONCORDANT_ANOMALY,NO_LOW_STATURE_EVIDENCE,False,False,False,False,False,False,False,True,3,0,NO_SUPPORTED_MAJOR_DOMAIN_ANOMALY,COMPLETE_3_OF_3,NO_SUPPORTED_ANOMALY,"These are orchard-relative screening patterns and internal cross-domain corroboration. They do not establish causal diagnosis, disease identity, physiological drought, nutrient deficiency, or treatment need without independent field validation."
283,0.5953283233462874,0.3254093535160567,1.0580929640500496,0.1159068885608614,0.9795230543874685,-0.0835999332109298,0.1341634105053594,1.2133568400723584,6.981859359946434,0.0782397124232068,727.3320149295914,5,PIXELWISE_INDEX_THEN_CROWN_STATISTIC_THEN_MULTISTRIP_AGGREGATION,True,0.0426987447296609,0.0481256836249844,0.2596108737754148,0.0030440196623095,0.0371339084905641,0.002595293576971,0.0230746983897617,0.0335823112894509,1.4220111278474306,0.0053678285290302,1.085571353057663,-0.540704764757146,0.5674718762442404,MULTI_STRIP,HIGH,2,"8,9",ALL_386_COMPLETE_TREE_LEVEL_INVENTORY,True,False,False,False,False,NO_ANOMALY,NO_CONCORDANT_WATER_ANOMALY,HIGH,True,False,False,False,False,False,False,False,False,True,True,NO_CONCORDANT_BIOCHEMICAL_DECLINE,True,2.391798639297485,0.9569019079208374,2.089791870117188,0.3020067691802972,69,1.0,PASS,,False,False,False,NO_LOW_STATURE_EVIDENCE,NONE,NO_CONCORDANT_ANOMALY,NO_CONCORDANT_ANOMALY,NO_LOW_STATURE_EVIDENCE,False,False,False,False,False,False,False,True,3,0,NO_SUPPORTED_MAJOR_DOMAIN_ANOMALY,COMPLETE_3_OF_3,NO_SUPPORTED_ANOMALY,"These are orchard-relative screening patterns and internal cross-domain corroboration. They do not establish causal diagnosis, disease identity, physiological drought, nutrient deficiency, or treatment need without independent field validation."
284,0.5497695506669125,0.3191825127198279,1.0906072316115916,0.0874398891930356,0.9807045942250112,-0.0690332784726285,0.1559141342632382,1.3572822208048847,5.606097888955302,0.0588161537153567,727.5543344928135,5,PIXELWISE_INDEX_THEN_CROWN_STATISTIC_THEN_MULTISTRIP_AGGREGATION,True,0.0104637806061658,0.0050941623192941,0.0175765649982526,0.0089862760345702,0.0600644466438357,0.0109236428090792,0.0036876230085468,0.0105190116567567,0.9347560478595308,0.0095386486536106,0.1591228318188768,-0.3295003205411123,0.3706908202803309,SINGLE_STRIP,MODERATE,1,9,ALL_386_COMPLETE_TREE_LEVEL_INVENTORY,True,False,False,False,False,NO_ANOMALY,NO_CONCORDANT_WATER_ANOMALY,MODERATE,True,False,False,False,False,False,False,False,False,True,True,NO_CONCORDANT_BIOCHEMICAL_DECLINE,True,2.579557061195373,1.5561497882008553,2.493241119384765,0.086315941810608,50,1.0,PASS,,False,False,True,NO_LOW_STATURE_EVIDENCE,NONE,NO_CONCORDANT_ANOMALY,NO_CONCORDANT_ANOMALY,NO_LOW_STATURE_EVIDENCE,False,False,False,False,False,False,False,True,3,0,NO_SUPPORTED_MAJOR_DOMAIN_ANOMALY,COMPLETE_3_OF_3,NO_SUPPORTED_ANOMALY,"These are orchard-relative screening patterns and internal cross-domain corroboration. They do not establish causal diagnosis, disease identity, physiological drought, nutrient deficiency, or treatment need without independent field validation."
285,0.2906111327276562,0.1496497417023576,0.417516446504118,0.0517676225619608,0.9613194184931186,-0.0911855055705705,0.3123033372356854,2.113358399503473,4.2751210806515605,0.0276253791920058,724.5575165264078,6,PIXELWISE_INDEX_THEN_CROWN_STATISTIC_THEN_MULTISTRIP_AGGREGATION,True,0.0207675880875307,0.0127432671849219,0.0382954041660651,0.0133693699211847,0.064983121516722,0.000139539709113,0.0109537977411608,0.0667748773819019,0.4034367192731767,0.0102047454531721,0.6157392693291968,-0.1017903164640296,0.1686321039774744,MULTI_STRIP,HIGH,2,"9,10",ALL_386_COMPLETE_TREE_LEVEL_INVENTORY,True,True,True,True,True,ANOMALOUS_CONCORDANT,STRONG_INTERNAL_WATER_EVIDENCE,HIGH,True,True,True,True,True,True,True,True,True,False,True,CONCORDANT_BIOCHEMICAL_DECLINE,True,1.6861923933029177,0.0909367948770523,1.4483024597167964,0.2378899335861211,31,1.0,WARN,Upper-tail structural variability,False,False,False,NO_LOW_STATURE_EVIDENCE,NONE,SUPPORTED_ANOMALY,SUPPORTED_ANOMALY,NO_LOW_STATURE_EVIDENCE,True,True,False,False,False,False,False,True,3,2,WATER_BIOCHEMICAL_ONLY,COMPLETE_3_OF_3,MULTI_DOMAIN_PRIORITY,"These are orchard-relative screening patterns and internal cross-domain corroboration. They do not establish causal diagnosis, disease identity, physiological drought, nutrient deficiency, or treatment need without independent field validation."
286,0.3119700333837797,0.1641043321410045,0.4188893065245255,0.0577203184305487,0.975005162358284,-0.0742182357152384,0.2685141728645649,1.860652682262918,3.8520664951766745,0.0323605818162415,725.2604522793534,6,PIXELWISE_INDEX_THEN_CROWN_STATISTIC_THEN_MULTISTRIP_AGGREGATION,True,0.0160737251679318,0.0148992545543359,0.0469076442718505,0.0038012572974633,0.0153809198866719,0.0019677181069172,0.013075688328,0.0589781126768692,0.307675842755083,0.0046856106595014,0.3833762348562004,-0.0707629345711185,0.1790385026999467,MULTI_STRIP,HIGH,2,"9,10",ALL_386_COMPLETE_TREE_LEVEL_INVENTORY,True,True,False,True,True,ANOMALOUS_CONCORDANT,SUPPORTED_WATER_STATUS_ANOMALY,HIGH,True,True,True,True,True,True,True,True,True,False,True,CONCORDANT_BIOCHEMICAL_DECLINE,True,1.6630524575710297,0.077484980225563,1.563995361328125,0.0990570962429047,22,1.0,WARN,Upper-tail structural variability,False,False,False,NO_LOW_STATURE_EVIDENCE,NONE,SUPPORTED_ANOMALY,SUPPORTED_ANOMALY,NO_LOW_STATURE_EVIDENCE,True,True,False,False,False,False,False,True,3,2,WATER_BIOCHEMICAL_ONLY,COMPLETE_3_OF_3,MULTI_DOMAIN_PRIORITY,"These are orchard-relative screening patterns and internal cross-domain corroboration. They do not establish causal diagnosis, disease identity, physiological drought, nutrient deficiency, or treatment need without independent field validation."
287,0.2511116270435368,0.1117160900234838,0.2622700729512415,0.0544012280763027,0.9433882561290002,-0.1047196870858794,0.3507109039421432,2.2453186492707347,5.242490222462836,0.0251786544925458,723.7531843907642,6,PIXELWISE_INDEX_THEN_CROWN_STATISTIC_THEN_MULTISTRIP_AGGREGATION,True,0.0102249666361724,0.0052553484241705,0.0168009765205093,0.0122578741755357,0.0563078028155998,0.003313437094567,0.0029257958362798,0.0833375056868571,0.5736317249795341,0.0093805919939872,0.7590128609926727,-0.0490393087622027,0.1164488408735917,SINGLE_STRIP,MODERATE,1,10,ALL_386_COMPLETE_TREE_LEVEL_INVENTORY,True,True,True,True,True,ANOMALOUS_CONCORDANT,STRONG_INTERNAL_WATER_EVIDENCE,MODERATE,True,True,True,True,True,True,True,True,True,True,True,STRONG_CONCORDANT_BIOCHEMICAL_DECLINE,True,1.7197711706161498,0.0583394169807434,1.5781974792480469,0.1415736913681029,32,1.0,WARN,Upper-tail structural variability,False,False,False,NO_LOW_STATURE_EVIDENCE,NONE,SUPPORTED_ANOMALY,SUPPORTED_ANOMALY,NO_LOW_STATURE_EVIDENCE,True,True,False,False,False,False,False,True,3,2,WATER_BIOCHEMICAL_ONLY,COMPLETE_3_OF_3,MULTI_DOMAIN_PRIORITY,"These are orchard-relative screening patterns and internal cross-domain corroboration. They do not establish causal diagnosis, disease identity, physiological drought, nutrient deficiency, or treatment need without independent field validation."
288,0.3435817730349348,0.1843855586354853,0.4637814990314451,0.0683139426994543,0.9529771417880212,-0.0847502374725091,0.2458156673112278,1.6125814272520542,3.6605948392223553,0.039613978023812,725.0386460021978,6,PIXELWISE_INDEX_THEN_CROWN_STATISTIC_THEN_MULTISTRIP_AGGREGATION,True,0.0015352986736784,0.000864599485184,0.0032951470776512,0.0030197579104972,0.0052553990023276,0.0019871529390251,0.00049210112265,0.0001342524482029,0.3285446064004069,0.0028345755985182,0.6201093075273434,-0.1094746139541392,0.1951086331771096,MULTI_STRIP,HIGH,2,"9,10",ALL_386_COMPLETE_TREE_LEVEL_INVENTORY,True,True,False,True,True,ANOMALOUS_CONCORDANT,SUPPORTED_WATER_STATUS_ANOMALY,HIGH,True,True,True,True,True,True,True,False,False,False,True,CHLOROPHYLL_RED_EDGE_ONLY,True,0.889443290233612,0.0357432290911674,0.4513420104980468,0.4381012797355652,22,1.0,PASS,,True,True,False,CORROBORATED_LOW_STRUCTURAL_STATURE,CORROBORATED,SUPPORTED_ANOMALY,SCREENING_ANOMALY,LOW_STATURE_CORROBORATED,True,False,True,True,False,True,True,True,3,2,WATER_STRUCTURE_ONLY,COMPLETE_3_OF_3,MULTI_DOMAIN_PRIORITY,"These are orchard-relative screening patterns and internal cross-domain corroboration. They do not establish causal diagnosis, disease identity, physiological drought, nutrient deficiency, or treatment need without independent field validation."
289,0.4689209154951919,0.2663666145867537,0.8186879808351903,0.0916339970748648,0.1873836854534063,-0.0739174097595611,0.178163595329074,1.4836183355063297,4.26221746444604,0.0618461064205538,726.4548351661892,5,PIXELWISE_INDEX_THEN_CROWN_STATISTIC_THEN_MULTISTRIP_AGGREGATION,True,0.0163490388456932,0.0119078389568046,0.0576784271366762,0.0069639677523823,1.1479220769551943,0.0074861636402154,0.0084513914367504,0.0336382846158206,0.5571476534696275,0.0090569811887661,0.6227369052766354,-0.2633140615300091,0.3293315475057203,SINGLE_STRIP,MODERATE,1,9,ALL_386_COMPLETE_TREE_LEVEL_INVENTORY,True,True,False,False,False,NO_ANOMALY,ISOLATED_DIRECT_WATER_ANOMALY,MODERATE,True,False,False,False,False,False,False,False,False,False,True,NO_CONCORDANT_BIOCHEMICAL_DECLINE,True,2.2907175540924074,1.6965205669403076,2.0692398071289064,0.2214777469635009,57,1.0,PASS,,False,False,True,NO_LOW_STATURE_EVIDENCE,NONE,SCREENING_ANOMALY,NO_CONCORDANT_ANOMALY,NO_LOW_STATURE_EVIDENCE,False,False,False,False,True,False,True,True,3,0,NO_SUPPORTED_MAJOR_DOMAIN_ANOMALY,COMPLETE_3_OF_3,SCREENING_PRIORITY,"These are orchard-relative screening patterns and internal cross-domain corroboration. They do not establish causal diagnosis, disease identity, physiological drought, nutrient deficiency, or treatment need without independent field validation."
290,0.3691674344069856,0.2032091212703,0.521895506079487,0.0712508733294495,0.9731656450283186,-0.0729785207014899,0.2205503424717554,1.516329157899786,3.3460769737583904,0.0441799740016019,726.2267998495265,6,PIXELWISE_INDEX_THEN_CROWN_STATISTIC_THEN_MULTISTRIP_AGGREGATION,True,0.0001780403408039,0.0019008889875796,0.006006643603587,0.0010722388875486,0.0279716071100597,0.0018424079515389,0.0007034315495296,0.0083523737403856,0.2978923184007513,0.0022027235717515,0.3165916941545106,-0.1391644522508437,0.2261704054479819,MULTI_STRIP,HIGH,2,"9,10",ALL_386_COMPLETE_TREE_LEVEL_INVENTORY,True,True,False,True,True,ANOMALOUS_CONCORDANT,SUPPORTED_WATER_STATUS_ANOMALY,HIGH,True,False,True,False,False,False,False,False,False,False,True,NO_CONCORDANT_BIOCHEMICAL_DECLINE,True,1.2618554532527924,0.2445603609085083,0.2339935302734375,1.0278619229793549,16,1.0,WARN,surface cells < 20,True,True,False,CORROBORATED_LOW_STRUCTURAL_STATURE,CORROBORATED,SUPPORTED_ANOMALY,NO_CONCORDANT_ANOMALY,LOW_STATURE_CORROBORATED,True,False,True,True,False,False,False,True,3,2,WATER_STRUCTURE_ONLY,COMPLETE_3_OF_3,MULTI_DOMAIN_PRIORITY,"These are orchard-relative screening patterns and internal cross-domain corroboration. They do not establish causal diagnosis, disease identity, physiological drought, nutrient deficiency, or treatment need without independent field validation."
291,0.3517590931482945,0.1733415918685847,0.4545611442925455,0.0753917760228983,0.9770646984075266,-0.0856805788516404,0.2724685999047385,1.7428341056720629,4.822052423662227,0.0407950379180231,725.4084953562276,5,PIXELWISE_INDEX_THEN_CROWN_STATISTIC_THEN_MULTISTRIP_AGGREGATION,True,0.0071734612922906,0.0076919305635795,0.0311334419118317,0.0020268594831062,0.0565304791237157,0.0072903031927491,0.0029959268483134,0.0305758076404577,0.3506624219989183,0.0031446359882861,0.2876819637401127,-0.0953207857677915,0.1819421833282931,SINGLE_STRIP,MODERATE,1,9,ALL_386_COMPLETE_TREE_LEVEL_INVENTORY,True,False,False,True,True,ANOMALOUS_CONCORDANT,ISOLATED_DIRECT_WATER_ANOMALY,MODERATE,True,True,True,False,True,False,True,True,True,True,True,SENESCENCE_PIGMENT_ONLY,True,1.207679522037506,0.7068075686693192,1.0949859619140625,0.1126935601234435,19,1.0,WARN,surface cells < 20,True,True,False,CORROBORATED_LOW_STRUCTURAL_STATURE,CORROBORATED,SCREENING_ANOMALY,SCREENING_ANOMALY,LOW_STATURE_CORROBORATED,False,False,True,True,True,True,True,True,3,1,STRUCTURE_ONLY,COMPLETE_3_OF_3,SINGLE_DOMAIN_PRIORITY,"These are orchard-relative screening patterns and internal cross-domain corroboration. They do not establish causal diagnosis, disease identity, physiological drought, nutrient deficiency, or treatment need without independent field validation."
292,0.3490393218646018,0.1959130105500274,0.5020010800931471,0.0616760278318893,0.9521150862206376,-0.0830779393760405,0.2485918529189915,1.6090330433393698,3.9509430905474616,0.0357918575413929,727.4036039422849,6,PIXELWISE_INDEX_THEN_CROWN_STATISTIC_THEN_MULTISTRIP_AGGREGATION,True,0.0008435684128951,0.0024197764800881,0.008409792531912,0.0029938125401322,0.011753758130942,0.002234886350966,0.0033728132275329,0.0021647069601042,0.374218314299287,0.0025826665007464,0.4752759245284892,-0.1143028647412216,0.1972313773185078,MULTI_STRIP,HIGH,2,"9,10",ALL_386_COMPLETE_TREE_LEVEL_INVENTORY,True,True,False,True,True,ANOMALOUS_CONCORDANT,SUPPORTED_WATER_STATUS_ANOMALY,HIGH,True,True,True,False,True,False,True,False,False,False,True,NO_CONCORDANT_BIOCHEMICAL_DECLINE,True,0.3466964364051819,0.0441181361675262,0.2459869384765625,0.1007094979286193,21,1.0,PASS,,True,True,False,CORROBORATED_LOW_STRUCTURAL_STATURE,CORROBORATED,SUPPORTED_ANOMALY,NO_CONCORDANT_ANOMALY,LOW_STATURE_CORROBORATED,True,False,True,True,False,False,False,True,3,2,WATER_STRUCTURE_ONLY,COMPLETE_3_OF_3,MULTI_DOMAIN_PRIORITY,"These are orchard-relative screening patterns and internal cross-domain corroboration. They do not establish causal diagnosis, disease identity, physiological drought, nutrient deficiency, or treatment need without independent field validation."
293,0.4387461258669979,0.2476933551895966,0.6875418631953156,0.0881695446200275,0.9564064940469316,-0.0758734954499566,0.1837679170579238,1.394669489185001,3.5826330130723534,0.0598004517476481,726.3915924054149,6,PIXELWISE_INDEX_THEN_CROWN_STATISTIC_THEN_MULTISTRIP_AGGREGATION,True,0.0322548099159551,0.023461866999877,0.0936979162625962,0.0050958269073147,0.0162476073710731,0.0007842776785374,0.0181656915403933,0.0570994526874247,0.225144814918673,0.0013067647331289,0.4651582588870155,-0.2240706577190049,0.3021023971830432,MULTI_STRIP,HIGH,2,"9,10",ALL_386_COMPLETE_TREE_LEVEL_INVENTORY,True,True,False,False,False,NO_ANOMALY,ISOLATED_DIRECT_WATER_ANOMALY,HIGH,True,False,False,False,False,False,False,False,False,False,True,NO_CONCORDANT_BIOCHEMICAL_DECLINE,True,1.2876848459243777,0.0639879405498504,0.33099365234375,0.9566911935806276,17,1.0,WARN,surface cells < 20,True,True,False,CORROBORATED_LOW_STRUCTURAL_STATURE,CORROBORATED,SCREENING_ANOMALY,NO_CONCORDANT_ANOMALY,LOW_STATURE_CORROBORATED,False,False,True,True,True,False,True,True,3,1,STRUCTURE_ONLY,COMPLETE_3_OF_3,SINGLE_DOMAIN_PRIORITY,"These are orchard-relative screening patterns and internal cross-domain corroboration. They do not establish causal diagnosis, disease identity, physiological drought, nutrient deficiency, or treatment need without independent field validation."
295,0.4815158952857511,0.2684025870219441,0.8762644950524764,0.0870421954544909,0.9872653022029152,-0.0780832414796923,0.1846865331233388,1.5498984272872829,5.197159854901059,0.0565368936298318,726.5694182187017,6,PIXELWISE_INDEX_THEN_CROWN_STATISTIC_THEN_MULTISTRIP_AGGREGATION,True,0.0241668102538003,0.0172450647553998,0.0768647521704273,0.0039562216007533,0.0615388619596455,0.0049652998689841,0.0097183345305289,0.0195403472175926,0.9480934202611476,0.0088659981585149,0.2047185850123702,-0.2573265835825667,0.2967780606599363,SINGLE_STRIP,MODERATE,1,9,ALL_386_COMPLETE_TREE_LEVEL_INVENTORY,True,False,False,False,False,NO_ANOMALY,NO_CONCORDANT_WATER_ANOMALY,MODERATE,True,False,False,False,False,False,False,False,False,True,True,NO_CONCORDANT_BIOCHEMICAL_DECLINE,True,2.2886268138885497,1.7181357145309448,2.059101104736328,0.2295257091522216,57,1.0,PASS,,False,False,True,NO_LOW_STATURE_EVIDENCE,NONE,NO_CONCORDANT_ANOMALY,NO_CONCORDANT_ANOMALY,NO_LOW_STATURE_EVIDENCE,False,False,False,False,False,False,False,True,3,0,NO_SUPPORTED_MAJOR_DOMAIN_ANOMALY,COMPLETE_3_OF_3,NO_SUPPORTED_ANOMALY,"These are orchard-relative screening patterns and internal cross-domain corroboration. They do not establish causal diagnosis, disease identity, physiological drought, nutrient deficiency, or treatment need without independent field validation."
296,0.3833199780567772,0.1995621549007631,0.5604725039765956,0.0615442227510326,0.9226560260354348,-0.084805090087967,0.2651797866991153,1.6512451761747269,6.188438536346318,0.0359208042705838,725.723970720318,5,PIXELWISE_INDEX_THEN_CROWN_STATISTIC_THEN_MULTISTRIP_AGGREGATION,True,0.0262261331866411,0.0285991681264216,0.1202389006600304,0.0005225114671102,0.0388071130706784,0.0007089333039726,0.023407685926822,0.0474044154655506,0.1722959012121996,0.0025771442130445,0.2471264111312052,-0.1473047550292014,0.2548559779114898,SINGLE_STRIP,MODERATE,1,9,ALL_386_COMPLETE_TREE_LEVEL_INVENTORY,True,True,False,True,False,PARTIAL_DISCORDANT,SWIR_DISCORDANT_INSUFFICIENT_EVIDENCE,MODERATE,True,False,False,False,False,False,True,False,False,True,True,NO_CONCORDANT_BIOCHEMICAL_DECLINE,True,1.4389032125473022,0.7832599207758904,0.739990234375,0.6989129781723022,24,1.0,PASS,,True,True,False,CORROBORATED_LOW_STRUCTURAL_STATURE,CORROBORATED,INCONCLUSIVE,NO_CONCORDANT_ANOMALY,LOW_STATURE_CORROBORATED,False,False,True,True,False,False,False,True,3,1,STRUCTURE_ONLY,COMPLETE_3_OF_3,SINGLE_DOMAIN_PRIORITY,"These are orchard-relative screening patterns and internal cross-domain corroboration. They do not establish causal diagnosis, disease identity, physiological drought, nutrient deficiency, or treatment need without independent field validation."
297,0.3301355785142701,0.1777648527683898,0.4416557997823895,0.0653775120067919,0.9185093688970938,-0.0814349374953434,0.2612011764191316,1.6543596019393374,3.9240336049971,0.0350075946805608,725.7211649948698,6,PIXELWISE_INDEX_THEN_CROWN_STATISTIC_THEN_MULTISTRIP_AGGREGATION,True,0.0068002284821589,0.006432245718811,0.0177859378792671,0.0081257876916188,0.0207525539404287,0.0025996433453305,0.006531090092766,0.03936167893385,0.2298792951607104,0.0042685957886406,0.5672382625198225,-0.0773155962947603,0.171627717383216,MULTI_STRIP,HIGH,2,"9,10",ALL_386_COMPLETE_TREE_LEVEL_INVENTORY,True,True,False,True,True,ANOMALOUS_CONCORDANT,SUPPORTED_WATER_STATUS_ANOMALY,HIGH,True,True,True,False,True,False,True,True,True,False,True,SENESCENCE_PIGMENT_ONLY,True,0.3387789025902748,0.0690296329557895,0.2119903564453125,0.1267885461449623,14,1.0,WARN,surface cells < 20,True,True,False,CORROBORATED_LOW_STRUCTURAL_STATURE,CORROBORATED,SUPPORTED_ANOMALY,SCREENING_ANOMALY,LOW_STATURE_CORROBORATED,True,False,True,True,False,True,True,True,3,2,WATER_STRUCTURE_ONLY,COMPLETE_3_OF_3,MULTI_DOMAIN_PRIORITY,"These are orchard-relative screening patterns and internal cross-domain corroboration. They do not establish causal diagnosis, disease identity, physiological drought, nutrient deficiency, or treatment need without independent field validation."
300,0.3059416230601188,0.1492748042798164,0.410946314218524,0.0598386142262121,0.9936370696085796,-0.1072736197826186,0.3144798997373208,2.1934377039507478,5.065227532094332,0.0347269976052612,724.4729727753985,6,PIXELWISE_INDEX_THEN_CROWN_STATISTIC_THEN_MULTISTRIP_AGGREGATION,True,0.0403615390617237,0.0165583843926787,0.0592887951569764,0.017832529346772,0.0472888752440209,0.001260699295704,0.0157616367249386,0.0985201069599766,0.7275164656548005,0.0141531842750209,0.2677092223390218,-0.1139719360033332,0.1506171909989342,MULTI_STRIP,HIGH,2,"9,10",ALL_386_COMPLETE_TREE_LEVEL_INVENTORY,True,False,True,True,True,ANOMALOUS_CONCORDANT,ISOLATED_DIRECT_WATER_ANOMALY,HIGH,True,True,True,True,True,True,True,True,True,True,True,STRONG_CONCORDANT_BIOCHEMICAL_DECLINE,True,2.1964964151382445,1.4893682301044464,1.6129928588867186,0.5835035562515258,48,1.0,PASS,,False,False,True,NO_LOW_STATURE_EVIDENCE,NONE,SCREENING_ANOMALY,SUPPORTED_ANOMALY,NO_LOW_STATURE_EVIDENCE,False,True,False,False,True,False,True,True,3,1,BIOCHEMICAL_ONLY,COMPLETE_3_OF_3,SINGLE_DOMAIN_PRIORITY,"These are orchard-relative screening patterns and internal cross-domain corroboration. They do not establish causal diagnosis, disease identity, physiological drought, nutrient deficiency, or treatment need without independent field validation."
303,0.4130411293408653,0.2243669011243536,0.6575287556679275,0.0803697111505874,0.943077154228778,-0.0819014286040515,0.2072492537341103,1.6040297906369698,3.953831389080059,0.0492112885749012,725.9702859238603,6,PIXELWISE_INDEX_THEN_CROWN_STATISTIC_THEN_MULTISTRIP_AGGREGATION,True,0.0226078921344019,0.0130770879381833,0.054875539839341,0.0112688386427711,0.072377420857999,0.0024885499468292,0.0081064975365955,0.0195596309476265,0.5625539011162124,0.0111570210847876,0.0804083874277807,-0.2093546898952347,0.2670134530968576,MULTI_STRIP,HIGH,2,"9,10",ALL_386_COMPLETE_TREE_LEVEL_INVENTORY,True,True,False,False,False,NO_ANOMALY,ISOLATED_DIRECT_WATER_ANOMALY,HIGH,True,False,False,False,False,False,False,False,False,False,True,NO_CONCORDANT_BIOCHEMICAL_DECLINE,True,2.309737956523895,1.5152339115738869,1.842444610595703,0.4672933459281918,50,1.0,PASS,,False,False,True,NO_LOW_STATURE_EVIDENCE,NONE,SCREENING_ANOMALY,NO_CONCORDANT_ANOMALY,NO_LOW_STATURE_EVIDENCE,False,False,False,False,True,False,True,True,3,0,NO_SUPPORTED_MAJOR_DOMAIN_ANOMALY,COMPLETE_3_OF_3,SCREENING_PRIORITY,"These are orchard-relative screening patterns and internal cross-domain corroboration. They do not establish causal diagnosis, disease identity, physiological drought, nutrient deficiency, or treatment need without independent field validation."
304,0.3936515082729182,0.21469599415391,0.576105483754464,0.0780313039405113,0.9285923324809784,-0.081927700786771,0.2211845547460838,1.5396403192655006,3.84517949441517,0.0497974638800729,725.7340062804551,6,PIXELWISE_INDEX_THEN_CROWN_STATISTIC_THEN_MULTISTRIP_AGGREGATION,True,0.0011593024070798,0.0016786476352385,0.0019205109719195,0.0079840604527581,0.0060471866562978,0.0005372716091986,0.0017982176311457,0.0203280421333496,0.3583312340230575,0.0068430653488954,0.0882461991615741,-0.1588133364399815,0.2359358353797923,MULTI_STRIP,HIGH,2,"9,10",ALL_386_COMPLETE_TREE_LEVEL_INVENTORY,True,True,False,True,True,ANOMALOUS_CONCORDANT,SUPPORTED_WATER_STATUS_ANOMALY,HIGH,True,False,False,False,False,False,False,False,False,False,True,NO_CONCORDANT_BIOCHEMICAL_DECLINE,True,1.8342229485511776,1.159718692302704,1.6087440490722655,0.2254788994789123,35,1.0,PASS,,False,False,False,NO_LOW_STATURE_EVIDENCE,NONE,SUPPORTED_ANOMALY,NO_CONCORDANT_ANOMALY,NO_LOW_STATURE_EVIDENCE,True,False,False,False,False,False,False,True,3,1,WATER_ONLY,COMPLETE_3_OF_3,SINGLE_DOMAIN_PRIORITY,"These are orchard-relative screening patterns and internal cross-domain corroboration. They do not establish causal diagnosis, disease identity, physiological drought, nutrient deficiency, or treatment need without independent field validation."
306,0.4034946094740653,0.2143901954452996,0.5609069175429435,0.0831544845138558,0.9618781022511188,-0.0747772257373408,0.2041903505797772,1.4568642038552333,3.8464126181865455,0.05277299276188,725.5691288994982,6,PIXELWISE_INDEX_THEN_CROWN_STATISTIC_THEN_MULTISTRIP_AGGREGATION,True,0.0149219398532428,0.0066828418859638,0.0239800405270305,0.0017742913632008,0.0613083453199521,0.0061819575725291,0.010121166480393,0.0424642621983466,0.4086393766431122,0.0017782937208115,1.2491932956354503,-0.2508714729041079,0.3384491145535977,MULTI_STRIP,HIGH,2,"9,10",ALL_386_COMPLETE_TREE_LEVEL_INVENTORY,True,True,False,False,False,NO_ANOMALY,ISOLATED_DIRECT_WATER_ANOMALY,HIGH,True,False,False,False,False,False,False,False,False,False,True,NO_CONCORDANT_BIOCHEMICAL_DECLINE,True,0.4718681186437606,0.0540525838732719,0.4619903564453125,0.0098777621984481,14,1.0,WARN,surface cells < 20,True,True,False,CORROBORATED_LOW_STRUCTURAL_STATURE,CORROBORATED,SCREENING_ANOMALY,NO_CONCORDANT_ANOMALY,LOW_STATURE_CORROBORATED,False,False,True,True,True,False,True,True,3,1,STRUCTURE_ONLY,COMPLETE_3_OF_3,SINGLE_DOMAIN_PRIORITY,"These are orchard-relative screening patterns and internal cross-domain corroboration. They do not establish causal diagnosis, disease identity, physiological drought, nutrient deficiency, or treatment need without independent field validation."
307,0.5470008120415426,0.3080754300439285,1.0170018592869825,0.113741648747439,1.0287121246678337,-0.0896725026531168,0.1528568017249077,1.387830259846191,3.796416180266938,0.0812624408594584,726.5037793253928,5,PIXELWISE_INDEX_THEN_CROWN_STATISTIC_THEN_MULTISTRIP_AGGREGATION,True,0.0101518802975837,0.0117993373709725,0.085500970863132,0.0050644377434284,0.048533763672131,0.0014927878388486,0.0004303829254842,0.0399482581711707,0.1628412767474616,0.0024970989441048,0.1700691799917422,-0.3333062197587312,0.3502194951392491,MULTI_STRIP,HIGH,2,"8,9",ALL_386_COMPLETE_TREE_LEVEL_INVENTORY,True,False,True,False,False,NO_ANOMALY,NO_CONCORDANT_WATER_ANOMALY,HIGH,True,False,False,False,False,False,False,False,False,False,True,NO_CONCORDANT_BIOCHEMICAL_DECLINE,True,2.785468816757202,1.469623327255249,2.782997131347656,0.0024716854095458,81,1.0,PASS,,False,False,True,NO_LOW_STATURE_EVIDENCE,NONE,NO_CONCORDANT_ANOMALY,NO_CONCORDANT_ANOMALY,NO_LOW_STATURE_EVIDENCE,False,False,False,False,False,False,False,True,3,0,NO_SUPPORTED_MAJOR_DOMAIN_ANOMALY,COMPLETE_3_OF_3,NO_SUPPORTED_ANOMALY,"These are orchard-relative screening patterns and internal cross-domain corroboration. They do not establish causal diagnosis, disease identity, physiological drought, nutrient deficiency, or treatment need without independent field validation."
308,0.5621071341552071,0.3269628353241107,0.9901775881197612,0.0919689374595063,1.0387380749364734,-0.0631223314253194,0.1124629112142172,1.1894160986815727,4.412070693997916,0.070107877231628,727.9427955421446,5,PIXELWISE_INDEX_THEN_CROWN_STATISTIC_THEN_MULTISTRIP_AGGREGATION,True,0.0216798109414946,0.0192502670400909,0.0832266221032471,0.0020089302337197,0.0198165027032491,0.0019493765516059,0.0123263603540022,0.0230714648796942,0.0915385270024549,0.0026846945790542,0.3743173700108855,-0.3977331283509491,0.4615455460517281,MULTI_STRIP,HIGH,2,"8,9",ALL_386_COMPLETE_TREE_LEVEL_INVENTORY,True,False,False,False,False,NO_ANOMALY,NO_CONCORDANT_WATER_ANOMALY,HIGH,True,False,False,False,False,False,False,False,False,False,True,NO_CONCORDANT_BIOCHEMICAL_DECLINE,True,0.6383344471454621,0.1034893691539764,,,8,1.0,WARN,surface cells < 20,True,False,False,LOW_STATURE_LAS_ONLY,SINGLE_MEASUREMENT,NO_CONCORDANT_ANOMALY,NO_CONCORDANT_ANOMALY,LOW_STATURE_LAS_ONLY,False,False,True,False,False,False,False,True,3,0,NO_SUPPORTED_MAJOR_DOMAIN_ANOMALY,COMPLETE_3_OF_3,NO_SUPPORTED_ANOMALY,"These are orchard-relative screening patterns and internal cross-domain corroboration. They do not establish causal diagnosis, disease identity, physiological drought, nutrient deficiency, or treatment need without independent field validation."
309,0.5394407824321692,0.3051138863127841,1.0264841410448886,0.1180088200290504,1.0303259673731358,-0.090394928570333,0.1602922686951178,1.42405681665571,3.7422251494205088,0.0848691977616288,726.5650404799949,6,PIXELWISE_INDEX_THEN_CROWN_STATISTIC_THEN_MULTISTRIP_AGGREGATION,True,0.0147128900681196,0.0147415090127978,0.0978693579988598,0.0019885854169543,0.066209547251393,0.0016264832967744,0.005718412621043,0.0111151379352859,0.0362841851448919,0.0009820980430212,0.2183663267450065,-0.4969746387530769,0.509551498144717,MULTI_STRIP,HIGH,2,"8,9",ALL_386_COMPLETE_TREE_LEVEL_INVENTORY,True,False,True,False,False,NO_ANOMALY,NO_CONCORDANT_WATER_ANOMALY,HIGH,True,False,False,False,False,False,False,False,False,False,True,NO_CONCORDANT_BIOCHEMICAL_DECLINE,True,2.6862958431243893,2.121890276670456,2.5002479553222656,0.1860478878021236,93,1.0,PASS,,False,False,True,NO_LOW_STATURE_EVIDENCE,NONE,NO_CONCORDANT_ANOMALY,NO_CONCORDANT_ANOMALY,NO_LOW_STATURE_EVIDENCE,False,False,False,False,False,False,False,True,3,0,NO_SUPPORTED_MAJOR_DOMAIN_ANOMALY,COMPLETE_3_OF_3,NO_SUPPORTED_ANOMALY,"These are orchard-relative screening patterns and internal cross-domain corroboration. They do not establish causal diagnosis, disease identity, physiological drought, nutrient deficiency, or treatment need without independent field validation."
310,0.4499972314131375,0.2260841166999129,0.6587569638396554,0.0935440201499509,0.97430321385166,-0.0901826109773702,0.2320925484882761,1.51721758441598,6.057039131078893,0.0573344307006404,725.514129161541,5,PIXELWISE_INDEX_THEN_CROWN_STATISTIC_THEN_MULTISTRIP_AGGREGATION,True,0.0161243065686407,0.0170749636313502,0.0851030235643877,0.0028882132800735,0.0036659083621888,0.0004599593508304,0.0118347483663669,0.0037987753939262,0.0482305240257132,0.000728469940618,0.5875942045783518,-0.2584178322822506,0.3392153873832683,MULTI_STRIP,HIGH,2,"8,9",ALL_386_COMPLETE_TREE_LEVEL_INVENTORY,True,True,True,False,False,NO_ANOMALY,ISOLATED_DIRECT_WATER_ANOMALY,HIGH,True,False,False,False,False,False,False,False,False,True,True,NO_CONCORDANT_BIOCHEMICAL_DECLINE,True,2.017420470714568,0.9716943800449372,1.7427406311035156,0.2746798396110521,35,1.0,PASS,,False,False,False,NO_LOW_STATURE_EVIDENCE,NONE,SCREENING_ANOMALY,NO_CONCORDANT_ANOMALY,NO_LOW_STATURE_EVIDENCE,False,False,False,False,True,False,True,True,3,0,NO_SUPPORTED_MAJOR_DOMAIN_ANOMALY,COMPLETE_3_OF_3,SCREENING_PRIORITY,"These are orchard-relative screening patterns and internal cross-domain corroboration. They do not establish causal diagnosis, disease identity, physiological drought, nutrient deficiency, or treatment need without independent field validation."
311,0.2378370929347669,0.110686366216128,0.2635114121516057,0.0517939961929641,0.9554787060846606,-0.0977595670787415,0.3470468120859769,2.305807474819977,4.084765463427948,0.0227487567452115,723.6802160552267,6,PIXELWISE_INDEX_THEN_CROWN_STATISTIC_THEN_MULTISTRIP_AGGREGATION,True,0.0204293140574286,0.0090378141506908,0.0282670447559038,0.0043186678868809,0.0134627438708485,0.000868112298246,0.0084883407283376,0.0928109358980149,0.4164652134973263,0.0059333780569262,0.5531986345022233,-0.0796923454085878,0.1652362348313099,MULTI_STRIP,HIGH,2,"9,10",ALL_386_COMPLETE_TREE_LEVEL_INVENTORY,True,True,True,True,True,ANOMALOUS_CONCORDANT,STRONG_INTERNAL_WATER_EVIDENCE,HIGH,True,True,True,True,True,True,True,True,True,False,True,CONCORDANT_BIOCHEMICAL_DECLINE,True,1.862368369102477,0.2492554187774658,0.5769035339355468,1.2854648351669302,35,1.0,WARN,Upper-tail structural variability,False,True,False,NO_LOW_STATURE_EVIDENCE,NONE,SUPPORTED_ANOMALY,SUPPORTED_ANOMALY,NO_LOW_STATURE_EVIDENCE,True,True,False,False,False,False,False,True,3,2,WATER_BIOCHEMICAL_ONLY,COMPLETE_3_OF_3,MULTI_DOMAIN_PRIORITY,"These are orchard-relative screening patterns and internal cross-domain corroboration. They do not establish causal diagnosis, disease identity, physiological drought, nutrient deficiency, or treatment need without independent field validation."
313,0.5301924872071637,0.3086454110101445,0.981806563466841,0.0980224437650399,1.0575648442541867,-0.0828801949663481,0.1498278924414586,1.357056951967913,3.712528325058593,0.0724757643911784,726.8076427520868,5,PIXELWISE_INDEX_THEN_CROWN_STATISTIC_THEN_MULTISTRIP_AGGREGATION,True,0.0041682880959048,0.0057844637807816,0.0402284744020872,0.0027782823857201,0.0773514963201511,0.0035709719811232,0.0024828705746638,0.03077803532711,0.0729816170051642,0.0012556422036706,0.3098960171807334,-0.3662070757107851,0.4125502689626856,MULTI_STRIP,HIGH,2,"8,9",ALL_386_COMPLETE_TREE_LEVEL_INVENTORY,True,False,False,False,False,NO_ANOMALY,NO_CONCORDANT_WATER_ANOMALY,HIGH,True,False,False,False,False,False,False,False,False,False,True,NO_CONCORDANT_BIOCHEMICAL_DECLINE,True,2.484911108016968,0.3667601346969604,2.07144546508789,0.413465642929077,45,1.0,PASS,,False,False,False,NO_LOW_STATURE_EVIDENCE,NONE,NO_CONCORDANT_ANOMALY,NO_CONCORDANT_ANOMALY,NO_LOW_STATURE_EVIDENCE,False,False,False,False,False,False,False,True,3,0,NO_SUPPORTED_MAJOR_DOMAIN_ANOMALY,COMPLETE_3_OF_3,NO_SUPPORTED_ANOMALY,"These are orchard-relative screening patterns and internal cross-domain corroboration. They do not establish causal diagnosis, disease identity, physiological drought, nutrient deficiency, or treatment need without independent field validation."
314,0.311318308351657,0.1698978708261645,0.4245365822585937,0.0599834464085973,0.9842172913395788,-0.0827331498868038,0.2716731234619007,1.7926630723235102,3.678157344995448,0.031429325383073,725.2227759212385,6,PIXELWISE_INDEX_THEN_CROWN_STATISTIC_THEN_MULTISTRIP_AGGREGATION,True,0.0087177665848504,0.0022138767949146,0.0073266816080114,0.0051218975462423,0.0359058755428945,0.0030635450452231,0.0035800396365636,0.0234587866002924,0.25071010936407,0.0020921653684887,0.194691004207641,-0.1033314213383583,0.1966492613366778,MULTI_STRIP,HIGH,2,"9,10",ALL_386_COMPLETE_TREE_LEVEL_INVENTORY,True,False,False,True,True,ANOMALOUS_CONCORDANT,ISOLATED_DIRECT_WATER_ANOMALY,HIGH,True,True,True,True,True,True,True,True,True,False,True,CONCORDANT_BIOCHEMICAL_DECLINE,True,0.3761149778962135,0.0379914864897728,0.274993896484375,0.1011210814118385,12,1.0,WARN,surface cells < 20,True,True,False,CORROBORATED_LOW_STRUCTURAL_STATURE,CORROBORATED,SCREENING_ANOMALY,SUPPORTED_ANOMALY,LOW_STATURE_CORROBORATED,False,True,True,True,True,False,True,True,3,2,BIOCHEMICAL_STRUCTURE_ONLY,COMPLETE_3_OF_3,MULTI_DOMAIN_PRIORITY,"These are orchard-relative screening patterns and internal cross-domain corroboration. They do not establish causal diagnosis, disease identity, physiological drought, nutrient deficiency, or treatment need without independent field validation."
315,0.3080866699810169,0.1606440830876395,0.3938442846877192,0.0618662136291429,0.9910442126473324,-0.0888842548356705,0.2856579006351166,1.7717040868510263,4.303036313965822,0.0314430181675889,723.9210542403298,6,PIXELWISE_INDEX_THEN_CROWN_STATISTIC_THEN_MULTISTRIP_AGGREGATION,True,0.0080025649810588,0.0080848934275721,0.023041475423787,0.0047464197894862,0.0665800600720608,0.0027814499593254,0.0104359907175859,0.0270734465534404,0.2612223738005805,0.0026120777273271,0.8708429898108864,-0.0575312182115594,0.1635705652858548,SINGLE_STRIP,MODERATE,1,9,ALL_386_COMPLETE_TREE_LEVEL_INVENTORY,True,False,False,True,True,ANOMALOUS_CONCORDANT,ISOLATED_DIRECT_WATER_ANOMALY,MODERATE,True,True,True,True,True,True,True,True,True,False,True,CONCORDANT_BIOCHEMICAL_DECLINE,True,0.338787730038166,0.0226599052548408,0.313995361328125,0.024792368710041,12,1.0,WARN,surface cells < 20,True,True,False,CORROBORATED_LOW_STRUCTURAL_STATURE,CORROBORATED,SCREENING_ANOMALY,SUPPORTED_ANOMALY,LOW_STATURE_CORROBORATED,False,True,True,True,True,False,True,True,3,2,BIOCHEMICAL_STRUCTURE_ONLY,COMPLETE_3_OF_3,MULTI_DOMAIN_PRIORITY,"These are orchard-relative screening patterns and internal cross-domain corroboration. They do not establish causal diagnosis, disease identity, physiological drought, nutrient deficiency, or treatment need without independent field validation."
316,0.4862520015602236,0.2616222903296413,0.7964802952768836,0.1117195355143197,1.0433827408650074,-0.0891021786217672,0.1801586139011554,1.4509837232631826,3.903869635256688,0.0743813635511448,725.3979663396634,5,PIXELWISE_INDEX_THEN_CROWN_STATISTIC_THEN_MULTISTRIP_AGGREGATION,True,0.0065907352272944,0.0063874006162033,0.0399298497406497,0.0045666062127233,0.0214830405422389,8.280937338363964e-05,0.003200933409213,0.0108845017697023,0.0782306966700574,0.0028744926637696,0.3489106181384613,-0.3091919790336949,0.3547028987593001,MULTI_STRIP,HIGH,2,"8,9",ALL_386_COMPLETE_TREE_LEVEL_INVENTORY,True,False,False,False,False,NO_ANOMALY,NO_CONCORDANT_WATER_ANOMALY,HIGH,True,False,False,False,False,False,False,False,False,False,True,NO_CONCORDANT_BIOCHEMICAL_DECLINE,True,2.4410472393035887,1.726171463727951,2.459441375732422,-0.0183941364288333,60,1.0,PASS,,False,False,True,NO_LOW_STATURE_EVIDENCE,NONE,NO_CONCORDANT_ANOMALY,NO_CONCORDANT_ANOMALY,NO_LOW_STATURE_EVIDENCE,False,False,False,False,False,False,False,True,3,0,NO_SUPPORTED_MAJOR_DOMAIN_ANOMALY,COMPLETE_3_OF_3,NO_SUPPORTED_ANOMALY,"These are orchard-relative screening patterns and internal cross-domain corroboration. They do not establish causal diagnosis, disease identity, physiological drought, nutrient deficiency, or treatment need without independent field validation."
317,0.3996305449385922,0.2273504643485236,0.6325226790212574,0.0656984842978014,0.9863833156119424,-0.0759516934819553,0.211997837262037,1.5317188828717918,3.815143046764087,0.0410025088902948,725.8042624898605,5,PIXELWISE_INDEX_THEN_CROWN_STATISTIC_THEN_MULTISTRIP_AGGREGATION,True,0.027679770141438,0.0246777790522525,0.0945337799112613,0.0040265165985542,0.0139540343001878,0.0004865599872312,0.0194742621388122,0.0650677674912039,0.0304789805157958,0.0009613146571413,0.5077169050484258,-0.1718780972195995,0.2724404440883499,MULTI_STRIP,HIGH,2,"8,9",ALL_386_COMPLETE_TREE_LEVEL_INVENTORY,True,False,False,True,False,PARTIAL_DISCORDANT,SWIR_DISCORDANT_INSUFFICIENT_EVIDENCE,HIGH,True,False,False,False,False,False,False,False,False,False,True,NO_CONCORDANT_BIOCHEMICAL_DECLINE,True,1.6723127841949463,1.0960400104522705,1.361489868164062,0.3108229160308842,32,1.0,PASS,,False,True,False,NO_LOW_STATURE_EVIDENCE,NONE,INCONCLUSIVE,NO_CONCORDANT_ANOMALY,NO_LOW_STATURE_EVIDENCE,False,False,False,False,False,False,False,True,3,0,NO_SUPPORTED_MAJOR_DOMAIN_ANOMALY,COMPLETE_3_OF_3,DATA_LIMITED_REVIEW,"These are orchard-relative screening patterns and internal cross-domain corroboration. They do not establish causal diagnosis, disease identity, physiological drought, nutrient deficiency, or treatment need without independent field validation."
318,0.4294118980578506,0.2579894352006243,0.7154700867427763,0.0742701912615976,0.9352045348465838,-0.0690528951886159,0.1761114845510082,1.383556938782261,3.020611503869169,0.0525879379157533,727.1340099386684,6,PIXELWISE_INDEX_THEN_CROWN_STATISTIC_THEN_MULTISTRIP_AGGREGATION,True,0.0397788620687461,0.0320315064247917,0.1187180873520555,0.0023511421001073,0.0587583151255334,0.0027989625312118,0.0258006918902195,0.0808779574720564,0.1741166384516883,0.002379132786427,1.2475103157323133,-0.2088670448203458,0.2878513276749292,SINGLE_STRIP,MODERATE,1,9,ALL_386_COMPLETE_TREE_LEVEL_INVENTORY,True,True,False,False,False,NO_ANOMALY,ISOLATED_DIRECT_WATER_ANOMALY,MODERATE,True,False,False,False,False,False,False,False,False,False,True,NO_CONCORDANT_BIOCHEMICAL_DECLINE,True,1.7413390398025512,0.5530686527490616,1.613006591796875,0.1283324480056762,14,1.0,WARN,surface cells < 20,False,False,False,NO_LOW_STATURE_EVIDENCE,NONE,SCREENING_ANOMALY,NO_CONCORDANT_ANOMALY,NO_LOW_STATURE_EVIDENCE,False,False,False,False,True,False,True,True,3,0,NO_SUPPORTED_MAJOR_DOMAIN_ANOMALY,COMPLETE_3_OF_3,SCREENING_PRIORITY,"These are orchard-relative screening patterns and internal cross-domain corroboration. They do not establish causal diagnosis, disease identity, physiological drought, nutrient deficiency, or treatment need without independent field validation."
321,0.2218961843198018,0.1043447262491388,0.2428186500388377,0.0308101585765097,1.0390739828551987,-0.1083932233033024,0.3628856313770927,2.2867264637329057,5.067303891327802,0.0110067958786375,724.8236646164406,6,PIXELWISE_INDEX_THEN_CROWN_STATISTIC_THEN_MULTISTRIP_AGGREGATION,True,0.0063239110581751,0.0049350269864374,0.0139861744162132,0.0053073083117109,0.064436712444602,0.0037485583000629,0.0044585285591909,0.0423205737194565,0.423411459373098,0.002289180387573,0.176537185372581,0.0193132777330095,0.0350484498882847,MULTI_STRIP,HIGH,2,"9,10",ALL_386_COMPLETE_TREE_LEVEL_INVENTORY,True,False,True,True,True,ANOMALOUS_CONCORDANT,ISOLATED_DIRECT_WATER_ANOMALY,HIGH,True,True,True,True,True,True,True,True,True,True,True,STRONG_CONCORDANT_BIOCHEMICAL_DECLINE,True,0.3339712530374527,0.0335865914821624,,,8,1.0,WARN,surface cells < 20,True,False,False,LOW_STATURE_LAS_ONLY,SINGLE_MEASUREMENT,SCREENING_ANOMALY,SUPPORTED_ANOMALY,LOW_STATURE_LAS_ONLY,False,True,True,False,True,False,True,True,3,1,BIOCHEMICAL_ONLY,COMPLETE_3_OF_3,SINGLE_DOMAIN_PRIORITY,"These are orchard-relative screening patterns and internal cross-domain corroboration. They do not establish causal diagnosis, disease identity, physiological drought, nutrient deficiency, or treatment need without independent field validation."
322,0.357916548908726,0.1952941249519124,0.5052184035226494,0.0694895359598861,0.9474325667948346,-0.073068302266687,0.237743750247617,1.601198336545926,4.03372892818888,0.0388633449622467,726.3924283114347,6,PIXELWISE_INDEX_THEN_CROWN_STATISTIC_THEN_MULTISTRIP_AGGREGATION,True,0.0003080607749141,0.0076007185185827,0.02659596268195,0.0003763538944693,0.0724849702029076,0.0047514834194518,0.0006089812669151,0.020302973627075,0.3216463828738849,0.001391209055706,0.2970571130271651,-0.0919466522361354,0.1963660533954289,SINGLE_STRIP,MODERATE,1,9,ALL_386_COMPLETE_TREE_LEVEL_INVENTORY,True,True,False,True,True,ANOMALOUS_CONCORDANT,SUPPORTED_WATER_STATUS_ANOMALY,MODERATE,True,True,True,False,True,False,False,False,False,False,True,NO_CONCORDANT_BIOCHEMICAL_DECLINE,True,0.5675854921340936,0.0468610525131225,1.305999755859375,-0.7384142637252814,17,1.0,WARN,surface cells < 20,True,True,False,CORROBORATED_LOW_STRUCTURAL_STATURE,CORROBORATED,SUPPORTED_ANOMALY,NO_CONCORDANT_ANOMALY,LOW_STATURE_CORROBORATED,True,False,True,True,False,False,False,True,3,2,WATER_STRUCTURE_ONLY,COMPLETE_3_OF_3,MULTI_DOMAIN_PRIORITY,"These are orchard-relative screening patterns and internal cross-domain corroboration. They do not establish causal diagnosis, disease identity, physiological drought, nutrient deficiency, or treatment need without independent field validation."
323,0.4934347516064713,0.286999323884343,0.875493810362822,0.0768851677749283,1.0270481492297094,-0.0806337625467001,0.1743383476814105,1.3445951764071782,5.392828887963642,0.0573020614163652,727.2375387509865,6,PIXELWISE_INDEX_THEN_CROWN_STATISTIC_THEN_MULTISTRIP_AGGREGATION,True,0.0147965302535804,0.0129927588797056,0.0564847227630869,0.0030114554571911,0.0032228253897559,8.19824173660666e-05,0.0098898277669489,0.0132735967796825,0.1826911613114155,0.0029679928999231,0.3543531669851632,-0.3441590208324748,0.4080004892067572,MULTI_STRIP,HIGH,2,"8,9",ALL_386_COMPLETE_TREE_LEVEL_INVENTORY,True,False,False,False,False,NO_ANOMALY,NO_CONCORDANT_WATER_ANOMALY,HIGH,True,False,False,False,False,False,False,False,False,True,True,NO_CONCORDANT_BIOCHEMICAL_DECLINE,True,2.525462293624878,0.4137961864471435,2.410536193847656,0.1149260997772216,53,1.0,PASS,,False,False,False,NO_LOW_STATURE_EVIDENCE,NONE,NO_CONCORDANT_ANOMALY,NO_CONCORDANT_ANOMALY,NO_LOW_STATURE_EVIDENCE,False,False,False,False,False,False,False,True,3,0,NO_SUPPORTED_MAJOR_DOMAIN_ANOMALY,COMPLETE_3_OF_3,NO_SUPPORTED_ANOMALY,"These are orchard-relative screening patterns and internal cross-domain corroboration. They do not establish causal diagnosis, disease identity, physiological drought, nutrient deficiency, or treatment need without independent field validation."
324,0.4028749565714766,0.2240493303243696,0.6474523861763111,0.0779176142104069,0.9977053691200126,-0.0812102942176065,0.2167493733886695,1.5739709977250675,3.64750670207596,0.0519335288924752,726.194070403386,7,PIXELWISE_INDEX_THEN_CROWN_STATISTIC_THEN_MULTISTRIP_AGGREGATION,True,0.0205811188211461,0.0139221797841586,0.0663308515084019,0.0006946000243437,0.0059806647895555,0.0001501705142746,0.0100780222968714,0.0249613060425838,0.0466698034300783,0.0020124398095662,0.080057279873813,-0.1854751803210178,0.2793142693532566,MULTI_STRIP,HIGH,2,"8,9",ALL_386_COMPLETE_TREE_LEVEL_INVENTORY,True,False,False,False,False,NO_ANOMALY,NO_CONCORDANT_WATER_ANOMALY,HIGH,True,False,False,False,False,False,False,False,False,False,True,NO_CONCORDANT_BIOCHEMICAL_DECLINE,True,1.8634964942932128,1.3780793249607086,1.7388458251953125,0.1246506690979003,33,1.0,PASS,,False,False,False,NO_LOW_STATURE_EVIDENCE,NONE,NO_CONCORDANT_ANOMALY,NO_CONCORDANT_ANOMALY,NO_LOW_STATURE_EVIDENCE,False,False,False,False,False,False,False,True,3,0,NO_SUPPORTED_MAJOR_DOMAIN_ANOMALY,COMPLETE_3_OF_3,NO_SUPPORTED_ANOMALY,"These are orchard-relative screening patterns and internal cross-domain corroboration. They do not establish causal diagnosis, disease identity, physiological drought, nutrient deficiency, or treatment need without independent field validation."
325,0.4283283813176044,0.2224771474934478,0.6123779812211838,0.1108511187093169,1.007449367926358,-0.0858510349204007,0.2012182885473486,1.5116328281015066,3.4046469353214626,0.0723442100097911,725.2954108476358,7,PIXELWISE_INDEX_THEN_CROWN_STATISTIC_THEN_MULTISTRIP_AGGREGATION,True,0.0006274253954869,0.0046271530019007,0.0222238897040533,0.0058778909204685,0.0241085546105446,0.0015781509361351,0.0004699777310726,0.0247664846671112,0.0679507665521625,0.0039476147000412,0.0983485705076532,-0.2147059564332651,0.3001124454843966,MULTI_STRIP,HIGH,2,"8,9",ALL_386_COMPLETE_TREE_LEVEL_INVENTORY,True,False,False,False,False,NO_ANOMALY,NO_CONCORDANT_WATER_ANOMALY,HIGH,True,False,False,False,False,False,False,False,False,False,True,NO_CONCORDANT_BIOCHEMICAL_DECLINE,True,2.314686000347137,1.8408178761601448,2.2892974853515624,0.025388514995575,36,1.0,PASS,,False,False,True,NO_LOW_STATURE_EVIDENCE,NONE,NO_CONCORDANT_ANOMALY,NO_CONCORDANT_ANOMALY,NO_LOW_STATURE_EVIDENCE,False,False,False,False,False,False,False,True,3,0,NO_SUPPORTED_MAJOR_DOMAIN_ANOMALY,COMPLETE_3_OF_3,NO_SUPPORTED_ANOMALY,"These are orchard-relative screening patterns and internal cross-domain corroboration. They do not establish causal diagnosis, disease identity, physiological drought, nutrient deficiency, or treatment need without independent field validation."
326,0.3127721758533562,0.1618643606630496,0.4086807848338928,0.0596065472057455,0.9923143025113444,-0.0872808832272241,0.271964075034397,1.8153038652865576,4.169711720130339,0.0306426468805279,725.4726570022299,7,PIXELWISE_INDEX_THEN_CROWN_STATISTIC_THEN_MULTISTRIP_AGGREGATION,True,0.0002186626142322,0.0012244387672124,0.0075691181229519,0.0017141823060978,0.0683013329433372,0.0042854704117627,0.0051686533882676,0.0371265468691909,0.3360929625554645,0.0012178235850329,0.4238349918126687,-0.0577346115673909,0.139612961407862,SINGLE_STRIP,MODERATE,1,9,ALL_386_COMPLETE_TREE_LEVEL_INVENTORY,True,False,False,True,True,ANOMALOUS_CONCORDANT,ISOLATED_DIRECT_WATER_ANOMALY,MODERATE,True,True,True,False,True,False,True,True,True,False,True,SENESCENCE_PIGMENT_ONLY,True,1.6991833448410034,1.2212524265050888,0.2848373413085937,1.4143460035324096,26,1.0,PASS,,False,True,False,NO_LOW_STATURE_EVIDENCE,NONE,SCREENING_ANOMALY,SCREENING_ANOMALY,NO_LOW_STATURE_EVIDENCE,False,False,False,False,True,True,True,True,3,0,NO_SUPPORTED_MAJOR_DOMAIN_ANOMALY,COMPLETE_3_OF_3,SCREENING_PRIORITY,"These are orchard-relative screening patterns and internal cross-domain corroboration. They do not establish causal diagnosis, disease identity, physiological drought, nutrient deficiency, or treatment need without independent field validation."
327,0.5712111170133916,0.3446318634783147,1.1947690441941117,0.0934762074942756,1.0597826045783327,-0.0802451791595929,0.126137711720394,1.284805167948439,4.1224270909934,0.0687031910558918,727.8032108536081,6,PIXELWISE_INDEX_THEN_CROWN_STATISTIC_THEN_MULTISTRIP_AGGREGATION,True,0.0074699285475178,0.0089484424932971,0.040496160181959,0.0012422797719572,0.0333627354008639,0.0006753006392221,0.0039192329728547,0.010323514538651,0.0068447909099898,0.0012171811179966,0.2339454054722672,-0.4131919903646626,0.4428739421461211,MULTI_STRIP,HIGH,2,"8,9",ALL_386_COMPLETE_TREE_LEVEL_INVENTORY,True,False,False,False,False,NO_ANOMALY,NO_CONCORDANT_WATER_ANOMALY,HIGH,True,False,False,False,False,False,False,False,False,False,True,NO_CONCORDANT_BIOCHEMICAL_DECLINE,True,2.4270186901092528,0.5612567365169525,2.178993225097656,0.2480254650115965,80,1.0,PASS,,False,False,False,NO_LOW_STATURE_EVIDENCE,NONE,NO_CONCORDANT_ANOMALY,NO_CONCORDANT_ANOMALY,NO_LOW_STATURE_EVIDENCE,False,False,False,False,False,False,False,True,3,0,NO_SUPPORTED_MAJOR_DOMAIN_ANOMALY,COMPLETE_3_OF_3,NO_SUPPORTED_ANOMALY,"These are orchard-relative screening patterns and internal cross-domain corroboration. They do not establish causal diagnosis, disease identity, physiological drought, nutrient deficiency, or treatment need without independent field validation."
328,0.3604698753680244,0.1835288207584698,0.5148676103994821,0.0640488365123362,1.004108442336942,-0.0885384712374469,0.2528481199394498,1.811028086202624,5.43837160321737,0.0367233744461393,726.1019100665472,7,PIXELWISE_INDEX_THEN_CROWN_STATISTIC_THEN_MULTISTRIP_AGGREGATION,True,0.0401237746868736,0.0269226148412237,0.096207396072259,0.0157562874512054,0.0528896810907179,0.0040473456067671,0.0207191862554222,0.1019216419049411,0.8038119298742461,0.0130358519623277,0.0129276255346736,-0.1766913960490787,0.2275147933998481,MULTI_STRIP,HIGH,2,"9,10",ALL_386_COMPLETE_TREE_LEVEL_INVENTORY,True,False,False,True,True,ANOMALOUS_CONCORDANT,ISOLATED_DIRECT_WATER_ANOMALY,HIGH,True,True,True,False,True,False,True,True,True,True,True,SENESCENCE_PIGMENT_ONLY,True,2.699234271049499,1.5902664065361023,2.1353012084960934,0.5639330625534056,43,1.0,PASS,,False,False,True,NO_LOW_STATURE_EVIDENCE,NONE,SCREENING_ANOMALY,SCREENING_ANOMALY,NO_LOW_STATURE_EVIDENCE,False,False,False,False,True,True,True,True,3,0,NO_SUPPORTED_MAJOR_DOMAIN_ANOMALY,COMPLETE_3_OF_3,SCREENING_PRIORITY,"These are orchard-relative screening patterns and internal cross-domain corroboration. They do not establish causal diagnosis, disease identity, physiological drought, nutrient deficiency, or treatment need without independent field validation."
329,0.5327235576356597,0.296726512912959,0.9225794716095778,0.1144161021797914,1.0252136276050934,-0.0876553245023109,0.151799154838858,1.345252177960303,3.706787953111693,0.0795180903013463,727.1052352286046,6,PIXELWISE_INDEX_THEN_CROWN_STATISTIC_THEN_MULTISTRIP_AGGREGATION,True,0.0066401389435265,0.0069658248859256,0.0370078529206555,0.0019578406658158,0.016157476263862,0.0014994621154207,0.0037089883112648,0.0051053251258027,0.0533424379514216,0.0012703799619965,0.2366956083886986,-0.3507260414843656,0.3884210733376048,MULTI_STRIP,HIGH,2,"8,9",ALL_386_COMPLETE_TREE_LEVEL_INVENTORY,True,False,False,False,False,NO_ANOMALY,NO_CONCORDANT_WATER_ANOMALY,HIGH,True,False,False,False,False,False,False,False,False,False,True,NO_CONCORDANT_BIOCHEMICAL_DECLINE,True,1.9993187189102173,1.0050857067108154,1.896592712402344,0.1027260065078734,55,1.0,PASS,,False,False,False,NO_LOW_STATURE_EVIDENCE,NONE,NO_CONCORDANT_ANOMALY,NO_CONCORDANT_ANOMALY,NO_LOW_STATURE_EVIDENCE,False,False,False,False,False,False,False,True,3,0,NO_SUPPORTED_MAJOR_DOMAIN_ANOMALY,COMPLETE_3_OF_3,NO_SUPPORTED_ANOMALY,"These are orchard-relative screening patterns and internal cross-domain corroboration. They do not establish causal diagnosis, disease identity, physiological drought, nutrient deficiency, or treatment need without independent field validation."
332,0.3858551292256784,0.2092135674886333,0.5794869255674495,0.0727232329770126,0.9624259136584412,-0.0785228918943507,0.2243341681370471,1.6044129002460534,4.665009616251823,0.0430956833521101,725.9871043949206,7,PIXELWISE_INDEX_THEN_CROWN_STATISTIC_THEN_MULTISTRIP_AGGREGATION,True,0.0200686726198912,0.014746717979924,0.0551122818828492,0.00685140555603,0.0309018314764852,0.005460922009559,0.0099411994121604,0.0240693568182298,0.6337439893035453,0.008372832263271,0.160719024193583,-0.1500537733005738,0.2310967308101797,SINGLE_STRIP,MODERATE,1,9,ALL_386_COMPLETE_TREE_LEVEL_INVENTORY,True,True,False,True,True,ANOMALOUS_CONCORDANT,SUPPORTED_WATER_STATUS_ANOMALY,MODERATE,True,False,False,False,False,False,False,False,False,True,True,NO_CONCORDANT_BIOCHEMICAL_DECLINE,True,1.99871444106102,1.5751891657710075,1.7598068237304687,0.2389076173305511,40,1.0,PASS,,False,False,True,NO_LOW_STATURE_EVIDENCE,NONE,SUPPORTED_ANOMALY,NO_CONCORDANT_ANOMALY,NO_LOW_STATURE_EVIDENCE,True,False,False,False,False,False,False,True,3,1,WATER_ONLY,COMPLETE_3_OF_3,SINGLE_DOMAIN_PRIORITY,"These are orchard-relative screening patterns and internal cross-domain corroboration. They do not establish causal diagnosis, disease identity, physiological drought, nutrient deficiency, or treatment need without independent field validation."
333,0.3965641377014195,0.2051563408790453,0.5561819988796607,0.0896571362131164,0.9616998114953692,-0.0865852955586166,0.2154502695889096,1.566640933985642,4.242602753533246,0.0558752561073642,724.9613868683078,6,PIXELWISE_INDEX_THEN_CROWN_STATISTIC_THEN_MULTISTRIP_AGGREGATION,True,0.0170791315328511,0.0108257334546485,0.0423276133579945,0.0048602482873276,0.003857470774111,0.0013475363629595,0.0094023261604933,0.0377664953748984,0.1841824109503202,0.0040476531579576,0.1076038803875008,-0.212874651252914,0.2840391245989427,MULTI_STRIP,HIGH,2,"8,9",ALL_386_COMPLETE_TREE_LEVEL_INVENTORY,True,True,False,False,False,NO_ANOMALY,ISOLATED_DIRECT_WATER_ANOMALY,HIGH,True,False,False,True,False,False,False,False,False,False,True,NO_CONCORDANT_BIOCHEMICAL_DECLINE,True,1.804037404060364,1.3318967819213867,1.66500244140625,0.1390349626541136,33,1.0,PASS,,False,False,False,NO_LOW_STATURE_EVIDENCE,NONE,SCREENING_ANOMALY,NO_CONCORDANT_ANOMALY,NO_LOW_STATURE_EVIDENCE,False,False,False,False,True,False,True,True,3,0,NO_SUPPORTED_MAJOR_DOMAIN_ANOMALY,COMPLETE_3_OF_3,SCREENING_PRIORITY,"These are orchard-relative screening patterns and internal cross-domain corroboration. They do not establish causal diagnosis, disease identity, physiological drought, nutrient deficiency, or treatment need without independent field validation."
334,0.3111779791533816,0.1705936342506226,0.4212309012210944,0.0649195853357337,0.9756950830746598,-0.0822471881217644,0.2495732519742459,1.6743563907562402,3.675530716129326,0.0331236759476405,723.9384575164916,7,PIXELWISE_INDEX_THEN_CROWN_STATISTIC_THEN_MULTISTRIP_AGGREGATION,True,0.01829076445879,0.0113791805899308,0.0365507432291335,0.0010624090961309,0.0833752542764836,0.0028675863697325,0.0033578857080772,0.0283668913062145,0.0732619866141661,0.0011094271166526,0.4848362858502923,-0.0787821595948832,0.1670882647070611,SINGLE_STRIP,MODERATE,1,9,ALL_386_COMPLETE_TREE_LEVEL_INVENTORY,True,True,False,True,True,ANOMALOUS_CONCORDANT,SUPPORTED_WATER_STATUS_ANOMALY,MODERATE,True,True,True,True,True,True,True,True,True,False,True,CONCORDANT_BIOCHEMICAL_DECLINE,True,0.4231332182884221,0.0393807813525199,0.2919921875,0.1311410307884221,20,1.0,PASS,,True,True,False,CORROBORATED_LOW_STRUCTURAL_STATURE,CORROBORATED,SUPPORTED_ANOMALY,SUPPORTED_ANOMALY,LOW_STATURE_CORROBORATED,True,True,True,True,False,False,False,True,3,3,WATER_BIOCHEMICAL_STRUCTURE,COMPLETE_3_OF_3,HIGH_MULTI_DOMAIN_PRIORITY,"These are orchard-relative screening patterns and internal cross-domain corroboration. They do not establish causal diagnosis, disease identity, physiological drought, nutrient deficiency, or treatment need without independent field validation."
335,0.3484494196609896,0.1820866456403352,0.4830958305518757,0.0729989625118943,0.995620432075528,-0.0812021547314382,0.2507969998980365,1.7237418942611993,4.21506890581323,0.0416883464948242,725.4354724425118,7,PIXELWISE_INDEX_THEN_CROWN_STATISTIC_THEN_MULTISTRIP_AGGREGATION,True,0.0059789232842509,0.0006517897351397,0.0052964793555359,0.0052025166550211,0.0731893101091155,0.0049971289138365,8.22417704703926e-05,0.0030673483884805,0.443097323784835,0.005364694877218,0.794330861957576,-0.1596088798117176,0.2404936060899864,MULTI_STRIP,HIGH,2,"9,10",ALL_386_COMPLETE_TREE_LEVEL_INVENTORY,True,False,False,True,True,ANOMALOUS_CONCORDANT,ISOLATED_DIRECT_WATER_ANOMALY,HIGH,True,True,True,False,True,False,True,True,True,False,True,SENESCENCE_PIGMENT_ONLY,True,2.2728473663330075,1.569222256541252,1.95389404296875,0.3189533233642576,47,1.0,PASS,,False,False,True,NO_LOW_STATURE_EVIDENCE,NONE,SCREENING_ANOMALY,SCREENING_ANOMALY,NO_LOW_STATURE_EVIDENCE,False,False,False,False,True,True,True,True,3,0,NO_SUPPORTED_MAJOR_DOMAIN_ANOMALY,COMPLETE_3_OF_3,SCREENING_PRIORITY,"These are orchard-relative screening patterns and internal cross-domain corroboration. They do not establish causal diagnosis, disease identity, physiological drought, nutrient deficiency, or treatment need without independent field validation."
336,0.5369148664370549,0.3174633183251511,0.9884931844890132,0.1005750323213958,0.9996671875166272,-0.0755332456924649,0.129906637624434,1.2623719114243896,3.1049837684273767,0.0749199763022278,726.9003090112974,7,PIXELWISE_INDEX_THEN_CROWN_STATISTIC_THEN_MULTISTRIP_AGGREGATION,True,0.0132426882777832,0.009224425782255,0.0470051076235333,0.0004810354042143,0.0006689378187381,0.0043951248865326,0.0054865381157197,0.0127366177738607,0.0330882660316789,0.0001425480732508,0.4131198102999178,-0.3163603278378615,0.3758103417243014,MULTI_STRIP,HIGH,2,"8,9",ALL_386_COMPLETE_TREE_LEVEL_INVENTORY,True,False,False,False,False,NO_ANOMALY,NO_CONCORDANT_WATER_ANOMALY,HIGH,True,False,False,False,False,False,False,False,False,False,True,NO_CONCORDANT_BIOCHEMICAL_DECLINE,True,2.108034873008728,1.525456219911575,1.9287506103515624,0.1792842626571655,42,1.0,PASS,,False,False,True,NO_LOW_STATURE_EVIDENCE,NONE,NO_CONCORDANT_ANOMALY,NO_CONCORDANT_ANOMALY,NO_LOW_STATURE_EVIDENCE,False,False,False,False,False,False,False,True,3,0,NO_SUPPORTED_MAJOR_DOMAIN_ANOMALY,COMPLETE_3_OF_3,NO_SUPPORTED_ANOMALY,"These are orchard-relative screening patterns and internal cross-domain corroboration. They do not establish causal diagnosis, disease identity, physiological drought, nutrient deficiency, or treatment need without independent field validation."
337,0.4479935873571647,0.2572763817560063,0.7602679462738294,0.0728743159759634,1.0486222182198666,-0.0782342334886758,0.1983784666879772,1.449791167555755,4.674664407220282,0.0467177161640181,727.5679496486737,6,PIXELWISE_INDEX_THEN_CROWN_STATISTIC_THEN_MULTISTRIP_AGGREGATION,True,0.025511570022191,0.0193710794789153,0.0729655269445591,0.0054390152459085,0.0430509441574121,0.0001576532391131,0.0227866710148351,0.0698477537927916,0.0846610402226085,0.0050476481397104,0.307052755356865,-0.2202373939324467,0.3119599349395093,MULTI_STRIP,HIGH,2,"8,9",ALL_386_COMPLETE_TREE_LEVEL_INVENTORY,True,False,False,False,False,NO_ANOMALY,NO_CONCORDANT_WATER_ANOMALY,HIGH,True,False,False,False,False,False,False,False,False,True,True,NO_CONCORDANT_BIOCHEMICAL_DECLINE,True,1.7328342795372007,0.9066751152276992,0.3149871826171875,1.4178470969200132,32,1.0,PASS,,False,True,False,NO_LOW_STATURE_EVIDENCE,NONE,NO_CONCORDANT_ANOMALY,NO_CONCORDANT_ANOMALY,NO_LOW_STATURE_EVIDENCE,False,False,False,False,False,False,False,True,3,0,NO_SUPPORTED_MAJOR_DOMAIN_ANOMALY,COMPLETE_3_OF_3,NO_SUPPORTED_ANOMALY,"These are orchard-relative screening patterns and internal cross-domain corroboration. They do not establish causal diagnosis, disease identity, physiological drought, nutrient deficiency, or treatment need without independent field validation."
339,0.2640769425536251,0.1214954225406113,0.2927642504030411,0.053237986821072,0.99537427221827,-0.095151874155034,0.3235553722807865,2.105953124373273,4.802795390991131,0.0245775053520147,723.6946739612833,7,PIXELWISE_INDEX_THEN_CROWN_STATISTIC_THEN_MULTISTRIP_AGGREGATION,True,0.0180101073214498,0.013158145020895,0.0408783676476098,0.0049791964214048,0.0024072913759979,0.0051853290713478,0.0133752558988663,0.0731667936586981,0.4113420372419916,0.0060664881363195,0.0835221577629568,-0.0531871062395078,0.1412598974601543,MULTI_STRIP,HIGH,2,"9,10",ALL_386_COMPLETE_TREE_LEVEL_INVENTORY,True,False,True,True,True,ANOMALOUS_CONCORDANT,ISOLATED_DIRECT_WATER_ANOMALY,HIGH,True,True,True,True,True,True,True,True,True,True,True,STRONG_CONCORDANT_BIOCHEMICAL_DECLINE,True,1.7948820888996124,0.313384935259819,0.2774917602539062,1.5173903286457062,36,1.0,WARN,Upper-tail structural variability,False,True,False,NO_LOW_STATURE_EVIDENCE,NONE,SCREENING_ANOMALY,SUPPORTED_ANOMALY,NO_LOW_STATURE_EVIDENCE,False,True,False,False,True,False,True,True,3,1,BIOCHEMICAL_ONLY,COMPLETE_3_OF_3,SINGLE_DOMAIN_PRIORITY,"These are orchard-relative screening patterns and internal cross-domain corroboration. They do not establish causal diagnosis, disease identity, physiological drought, nutrient deficiency, or treatment need without independent field validation."
340,0.276874631990651,0.1362108020912019,0.3374789868096521,0.0545018495341645,0.9873876896043374,-0.0909042509882751,0.305416378543773,1.997891592709068,3.943039677129264,0.0272704713849659,723.4693000012644,7,PIXELWISE_INDEX_THEN_CROWN_STATISTIC_THEN_MULTISTRIP_AGGREGATION,True,0.0167415312769985,0.0140316998783009,0.0484022641324455,0.0002253067081675,0.0447879801906979,0.0003631770460262,0.0150592754912463,0.0193129145140128,0.0370787160688872,0.0023441338071049,0.071158390385392,-0.0354425968170665,0.1293776490869801,SINGLE_STRIP,MODERATE,1,9,ALL_386_COMPLETE_TREE_LEVEL_INVENTORY,True,False,True,True,True,ANOMALOUS_CONCORDANT,ISOLATED_DIRECT_WATER_ANOMALY,MODERATE,True,True,True,True,True,True,True,True,True,False,True,CONCORDANT_BIOCHEMICAL_DECLINE,True,1.6683390855789182,0.0566541850566864,1.0508537292480469,0.6174853563308713,25,1.0,WARN,Upper-tail structural variability,False,True,False,NO_LOW_STATURE_EVIDENCE,NONE,SCREENING_ANOMALY,SUPPORTED_ANOMALY,NO_LOW_STATURE_EVIDENCE,False,True,False,False,True,False,True,True,3,1,BIOCHEMICAL_ONLY,COMPLETE_3_OF_3,SINGLE_DOMAIN_PRIORITY,"These are orchard-relative screening patterns and internal cross-domain corroboration. They do not establish causal diagnosis, disease identity, physiological drought, nutrient deficiency, or treatment need without independent field validation."
341,0.4580815984420225,0.2449001491589377,0.7367632649930399,0.0984936966036156,1.003374725326201,-0.0844389727501723,0.1878379220046584,1.4920425555834893,4.270757080844552,0.0631344656821386,726.4843296214691,7,PIXELWISE_INDEX_THEN_CROWN_STATISTIC_THEN_MULTISTRIP_AGGREGATION,True,0.0075243354324864,0.006352177887935,0.023808124913934,0.0017622683679192,0.0385089995022947,0.0032196831037691,0.0028051437849649,0.0259530251826065,0.1216982758336224,0.0013193228191551,0.3694111726847495,-0.3019134645891241,0.355166916844562,MULTI_STRIP,HIGH,2,"8,9",ALL_386_COMPLETE_TREE_LEVEL_INVENTORY,True,False,False,False,False,NO_ANOMALY,NO_CONCORDANT_WATER_ANOMALY,HIGH,True,False,False,False,False,False,False,False,False,False,True,NO_CONCORDANT_BIOCHEMICAL_DECLINE,True,2.208806705474853,1.7395669221878052,2.158997344970703,0.0498093605041503,57,1.0,PASS,,False,False,True,NO_LOW_STATURE_EVIDENCE,NONE,NO_CONCORDANT_ANOMALY,NO_CONCORDANT_ANOMALY,NO_LOW_STATURE_EVIDENCE,False,False,False,False,False,False,False,True,3,0,NO_SUPPORTED_MAJOR_DOMAIN_ANOMALY,COMPLETE_3_OF_3,NO_SUPPORTED_ANOMALY,"These are orchard-relative screening patterns and internal cross-domain corroboration. They do not establish causal diagnosis, disease identity, physiological drought, nutrient deficiency, or treatment need without independent field validation."
342,0.4938751925839185,0.2739980375720831,0.8600066269031916,0.1032479178168981,1.0345991024101264,-0.0836721812804195,0.1652092100746457,1.464096863587275,4.366611115168941,0.0679959787550248,726.179062381299,6,PIXELWISE_INDEX_THEN_CROWN_STATISTIC_THEN_MULTISTRIP_AGGREGATION,True,0.0183953533287731,0.0101541779219844,0.0259029778534599,0.0078059691003947,0.0135915641360524,0.0041526287953822,0.0107366912391653,0.0892602084480374,0.0202684393225918,0.0055059113426105,0.5008875313298103,-0.3405899082694929,0.3713591757223893,MULTI_STRIP,HIGH,2,"8,9",ALL_386_COMPLETE_TREE_LEVEL_INVENTORY,True,False,False,False,False,NO_ANOMALY,NO_CONCORDANT_WATER_ANOMALY,HIGH,True,False,False,False,False,False,False,False,False,False,True,NO_CONCORDANT_BIOCHEMICAL_DECLINE,True,2.1822016835212708,1.6440040841698649,2.029596710205078,0.1526049733161927,56,1.0,PASS,,False,False,True,NO_LOW_STATURE_EVIDENCE,NONE,NO_CONCORDANT_ANOMALY,NO_CONCORDANT_ANOMALY,NO_LOW_STATURE_EVIDENCE,False,False,False,False,False,False,False,True,3,0,NO_SUPPORTED_MAJOR_DOMAIN_ANOMALY,COMPLETE_3_OF_3,NO_SUPPORTED_ANOMALY,"These are orchard-relative screening patterns and internal cross-domain corroboration. They do not establish causal diagnosis, disease identity, physiological drought, nutrient deficiency, or treatment need without independent field validation."
343,0.3781566517768948,0.2115446024996579,0.5541413096369654,0.0718417844755393,0.993285461167814,-0.08153285196199,0.2250352115217608,1.536351889812678,3.6875130533788743,0.0445478676640132,725.963197567072,7,PIXELWISE_INDEX_THEN_CROWN_STATISTIC_THEN_MULTISTRIP_AGGREGATION,True,0.0087994699644889,0.0110006458781827,0.039035322658502,0.0054298203508425,0.0061183288453859,0.0008391359712384,0.0051577700188209,0.0088533787098727,0.052971898474494,0.0019731439058623,0.6854311240830953,-0.141995812716051,0.2440250418742207,SINGLE_STRIP,MODERATE,1,9,ALL_386_COMPLETE_TREE_LEVEL_INVENTORY,True,False,False,True,True,ANOMALOUS_CONCORDANT,ISOLATED_DIRECT_WATER_ANOMALY,MODERATE,True,False,False,False,False,False,False,False,False,False,True,NO_CONCORDANT_BIOCHEMICAL_DECLINE,True,0.4060989156365394,0.0579201802611351,0.3628471374511718,0.0432517781853675,18,1.0,WARN,surface cells < 20,True,True,False,CORROBORATED_LOW_STRUCTURAL_STATURE,CORROBORATED,SCREENING_ANOMALY,NO_CONCORDANT_ANOMALY,LOW_STATURE_CORROBORATED,False,False,True,True,True,False,True,True,3,1,STRUCTURE_ONLY,COMPLETE_3_OF_3,SINGLE_DOMAIN_PRIORITY,"These are orchard-relative screening patterns and internal cross-domain corroboration. They do not establish causal diagnosis, disease identity, physiological drought, nutrient deficiency, or treatment need without independent field validation."
344,0.3476582589655835,0.1829880254008122,0.4599911442229183,0.066145444118099,0.9950414825657616,-0.0792858133118445,0.2451160156799524,1.592292068938262,4.031035020608067,0.0378365699185064,726.2981426410693,7,PIXELWISE_INDEX_THEN_CROWN_STATISTIC_THEN_MULTISTRIP_AGGREGATION,True,0.0132084324433495,0.0163687364900519,0.052812730943876,0.0008679310929596,0.0101583346944638,0.0011476185489845,0.0092795789062029,0.0268277817015494,0.1791152269543643,0.0021485791987053,0.4255161594133483,-0.1155474805097586,0.2292734457086189,MULTI_STRIP,HIGH,2,"8,9",ALL_386_COMPLETE_TREE_LEVEL_INVENTORY,True,False,False,True,True,ANOMALOUS_CONCORDANT,ISOLATED_DIRECT_WATER_ANOMALY,HIGH,True,True,True,False,True,False,True,False,False,False,True,NO_CONCORDANT_BIOCHEMICAL_DECLINE,True,0.4389283820986747,0.0575312972068786,0.423004150390625,0.0159242317080497,18,1.0,WARN,surface cells < 20,True,True,False,CORROBORATED_LOW_STRUCTURAL_STATURE,CORROBORATED,SCREENING_ANOMALY,NO_CONCORDANT_ANOMALY,LOW_STATURE_CORROBORATED,False,False,True,True,True,False,True,True,3,1,STRUCTURE_ONLY,COMPLETE_3_OF_3,SINGLE_DOMAIN_PRIORITY,"These are orchard-relative screening patterns and internal cross-domain corroboration. They do not establish causal diagnosis, disease identity, physiological drought, nutrient deficiency, or treatment need without independent field validation."
345,0.4461951961360588,0.2575885149853297,0.7382954545499544,0.0724430104970886,1.0148482703935728,-0.0785751075045186,0.1861333710972902,1.4137405289085678,4.133973775685453,0.0482687417271943,727.1115960461045,6,PIXELWISE_INDEX_THEN_CROWN_STATISTIC_THEN_MULTISTRIP_AGGREGATION,True,0.0119406919269,0.0083478327434522,0.0334725706635049,0.0019317099207123,0.0521252575939501,0.0004155002708005,0.003662682816412,0.0273264816475574,0.1140219543219438,0.002240530862054,0.3030700472399417,-0.2428323256103472,0.3163246406656305,MULTI_STRIP,HIGH,2,"8,9",ALL_386_COMPLETE_TREE_LEVEL_INVENTORY,True,False,False,False,False,NO_ANOMALY,NO_CONCORDANT_WATER_ANOMALY,HIGH,True,False,False,False,False,False,False,False,False,False,True,NO_CONCORDANT_BIOCHEMICAL_DECLINE,True,1.7534798383712766,1.3071663975715635,1.6439971923828125,0.1094826459884641,18,1.0,WARN,surface cells < 20,False,False,False,NO_LOW_STATURE_EVIDENCE,NONE,NO_CONCORDANT_ANOMALY,NO_CONCORDANT_ANOMALY,NO_LOW_STATURE_EVIDENCE,False,False,False,False,False,False,False,True,3,0,NO_SUPPORTED_MAJOR_DOMAIN_ANOMALY,COMPLETE_3_OF_3,NO_SUPPORTED_ANOMALY,"These are orchard-relative screening patterns and internal cross-domain corroboration. They do not establish causal diagnosis, disease identity, physiological drought, nutrient deficiency, or treatment need without independent field validation."
347,0.3203115960814016,0.1630986501734422,0.4183058690182415,0.0566277939505351,1.0346213504340769,-0.084557598887026,0.2756232358610959,1.8001431191334554,4.756551297456993,0.0294704256150377,724.2425280590311,7,PIXELWISE_INDEX_THEN_CROWN_STATISTIC_THEN_MULTISTRIP_AGGREGATION,True,0.0168796692903548,0.0134353402035872,0.0460645778475144,0.0099288663355798,0.112285733513406,0.0032835208582545,0.0111690057189226,0.0448531693212488,0.9010299189937616,0.0075748834340175,0.4710694552796332,-0.0923207877826923,0.1837951163366795,SINGLE_STRIP,MODERATE,1,9,ALL_386_COMPLETE_TREE_LEVEL_INVENTORY,True,False,False,True,True,ANOMALOUS_CONCORDANT,ISOLATED_DIRECT_WATER_ANOMALY,MODERATE,True,True,True,True,True,True,True,True,True,True,True,STRONG_CONCORDANT_BIOCHEMICAL_DECLINE,True,1.976450181007385,0.9386136755347252,1.7622413635253906,0.2142088174819945,32,1.0,PASS,,False,False,False,NO_LOW_STATURE_EVIDENCE,NONE,SCREENING_ANOMALY,SUPPORTED_ANOMALY,NO_LOW_STATURE_EVIDENCE,False,True,False,False,True,False,True,True,3,1,BIOCHEMICAL_ONLY,COMPLETE_3_OF_3,SINGLE_DOMAIN_PRIORITY,"These are orchard-relative screening patterns and internal cross-domain corroboration. They do not establish causal diagnosis, disease identity, physiological drought, nutrient deficiency, or treatment need without independent field validation."
348,0.5713585076830605,0.3655661732935772,1.22669538658324,0.087541135430051,1.0140723921834012,-0.0669074546970492,0.1080217239839008,1.1982725779593577,2.430567870797998,0.07531616232138,728.1988929561205,7,PIXELWISE_INDEX_THEN_CROWN_STATISTIC_THEN_MULTISTRIP_AGGREGATION,True,0.0073868393992558,0.0102124933276803,0.0731518618173509,0.0020402073970321,0.0091094378721254,0.0029326345302879,0.0036521682562257,0.0005459660593465,0.1470503922945496,0.00032219207719,0.0207782773479721,-0.341109933031108,0.3886969932335056,MULTI_STRIP,HIGH,2,"8,9",ALL_386_COMPLETE_TREE_LEVEL_INVENTORY,True,False,False,False,False,NO_ANOMALY,NO_CONCORDANT_WATER_ANOMALY,HIGH,True,False,False,False,False,False,False,False,False,False,True,NO_CONCORDANT_BIOCHEMICAL_DECLINE,True,0.4028262540698051,0.0429240763187408,0.371002197265625,0.0318240568041801,8,1.0,WARN,surface cells < 20,True,True,False,CORROBORATED_LOW_STRUCTURAL_STATURE,CORROBORATED,NO_CONCORDANT_ANOMALY,NO_CONCORDANT_ANOMALY,LOW_STATURE_CORROBORATED,False,False,True,True,False,False,False,True,3,1,STRUCTURE_ONLY,COMPLETE_3_OF_3,SINGLE_DOMAIN_PRIORITY,"These are orchard-relative screening patterns and internal cross-domain corroboration. They do not establish causal diagnosis, disease identity, physiological drought, nutrient deficiency, or treatment need without independent field validation."
349,0.4163508266800478,0.2192681232786567,0.6001194071290648,0.1015806081352451,0.9933557425585468,-0.0846583326050768,0.2038300348094035,1.527503001119281,3.534577840663516,0.0648447473257882,725.534009960633,7,PIXELWISE_INDEX_THEN_CROWN_STATISTIC_THEN_MULTISTRIP_AGGREGATION,True,0.0218091616602779,0.0149903014650943,0.0557448525139475,0.0032613331841597,0.0129335155746317,0.0017597714239551,0.0153086607636765,0.0462759620148917,0.0343927627612505,0.0035635803101249,0.7688429942013499,-0.2189473889608572,0.2927783451441269,MULTI_STRIP,HIGH,2,"8,9",ALL_386_COMPLETE_TREE_LEVEL_INVENTORY,True,False,False,False,False,NO_ANOMALY,NO_CONCORDANT_WATER_ANOMALY,HIGH,True,False,False,False,False,False,False,False,False,False,True,NO_CONCORDANT_BIOCHEMICAL_DECLINE,True,1.8381106853485107,1.416309893131256,1.514791870117187,0.3233188152313238,41,1.0,PASS,,False,False,True,NO_LOW_STATURE_EVIDENCE,NONE,NO_CONCORDANT_ANOMALY,NO_CONCORDANT_ANOMALY,NO_LOW_STATURE_EVIDENCE,False,False,False,False,False,False,False,True,3,0,NO_SUPPORTED_MAJOR_DOMAIN_ANOMALY,COMPLETE_3_OF_3,NO_SUPPORTED_ANOMALY,"These are orchard-relative screening patterns and internal cross-domain corroboration. They do not establish causal diagnosis, disease identity, physiological drought, nutrient deficiency, or treatment need without independent field validation."
350,0.4774216171028367,0.2684404718134736,0.8574156135011474,0.0803916276083782,0.9710207233599264,-0.0854773025877797,0.206061976463845,1.477014891708546,5.5883204417510965,0.0546744490173353,727.0098395990802,6,PIXELWISE_INDEX_THEN_CROWN_STATISTIC_THEN_MULTISTRIP_AGGREGATION,True,0.0827150747616399,0.0568741302201675,0.2444328669085999,0.0229262148959526,0.0516447039819882,0.0040915064954514,0.0420976887862234,0.1422380716590471,0.5570285382629911,0.0222185979238711,0.4332203149560147,-0.3942254349138883,0.4342014807636217,MULTI_STRIP,HIGH,2,"7,8",ALL_386_COMPLETE_TREE_LEVEL_INVENTORY,True,True,False,False,False,NO_ANOMALY,ISOLATED_DIRECT_WATER_ANOMALY,HIGH,True,False,False,False,False,False,False,False,False,True,True,NO_CONCORDANT_BIOCHEMICAL_DECLINE,True,1.6373457133769989,0.1979726552963256,1.5620834350585937,0.0752622783184051,34,1.0,PASS,,True,False,False,LOW_STATURE_LAS_ONLY,SINGLE_MEASUREMENT,SCREENING_ANOMALY,NO_CONCORDANT_ANOMALY,LOW_STATURE_LAS_ONLY,False,False,True,False,True,False,True,True,3,0,NO_SUPPORTED_MAJOR_DOMAIN_ANOMALY,COMPLETE_3_OF_3,SCREENING_PRIORITY,"These are orchard-relative screening patterns and internal cross-domain corroboration. They do not establish causal diagnosis, disease identity, physiological drought, nutrient deficiency, or treatment need without independent field validation."
351,0.4427500119215735,0.2386960960713161,0.6737576969068925,0.0989004865538472,1.1113509810181954,-0.081819979382238,0.1813294688170635,1.4670173481871234,4.132806335896952,0.0631507579207932,725.717081030435,7,PIXELWISE_INDEX_THEN_CROWN_STATISTIC_THEN_MULTISTRIP_AGGREGATION,True,0.0182869759303737,0.0090167953268374,0.0281047353908288,0.0028045969366476,0.1031570089054645,0.0042643165744442,0.0116789744155745,0.0675499744160895,0.0150260679308646,0.0025398911530174,0.2223135934899573,-0.2903255669224694,0.336896062298596,MULTI_STRIP,HIGH,2,"8,9",ALL_386_COMPLETE_TREE_LEVEL_INVENTORY,True,False,False,False,False,NO_ANOMALY,NO_CONCORDANT_WATER_ANOMALY,HIGH,True,False,False,False,False,False,False,False,False,False,True,NO_CONCORDANT_BIOCHEMICAL_DECLINE,True,1.8563140094280244,1.4069437682628632,1.761939239501953,0.0943747699260713,52,1.0,PASS,,False,False,True,NO_LOW_STATURE_EVIDENCE,NONE,NO_CONCORDANT_ANOMALY,NO_CONCORDANT_ANOMALY,NO_LOW_STATURE_EVIDENCE,False,False,False,False,False,False,False,True,3,0,NO_SUPPORTED_MAJOR_DOMAIN_ANOMALY,COMPLETE_3_OF_3,NO_SUPPORTED_ANOMALY,"These are orchard-relative screening patterns and internal cross-domain corroboration. They do not establish causal diagnosis, disease identity, physiological drought, nutrient deficiency, or treatment need without independent field validation."
352,0.4370460960708378,0.2422966494316628,0.6813008652155884,0.0879375465445735,1.04265775647466,-0.0761125089605483,0.18575596039394,1.418450837199849,3.9368923670687455,0.0579886209765135,726.4959265045444,7,PIXELWISE_INDEX_THEN_CROWN_STATISTIC_THEN_MULTISTRIP_AGGREGATION,True,0.0093830771296614,0.009299965827896,0.0389720048387213,0.00141585395928,0.0032582344430797,0.000646268568166,0.0046620736417398,0.0053152175400195,0.0606930671967078,0.0001969504993167,0.4974395508023788,-0.2317042025712595,0.3153085955329308,MULTI_STRIP,HIGH,2,"8,9",ALL_386_COMPLETE_TREE_LEVEL_INVENTORY,True,False,False,False,False,NO_ANOMALY,NO_CONCORDANT_WATER_ANOMALY,HIGH,True,False,False,False,False,False,False,False,False,False,True,NO_CONCORDANT_BIOCHEMICAL_DECLINE,True,2.722487652301788,1.7235751450061798,1.914287567138672,0.8082000851631159,42,1.0,PASS,,False,False,True,NO_LOW_STATURE_EVIDENCE,NONE,NO_CONCORDANT_ANOMALY,NO_CONCORDANT_ANOMALY,NO_LOW_STATURE_EVIDENCE,False,False,False,False,False,False,False,True,3,0,NO_SUPPORTED_MAJOR_DOMAIN_ANOMALY,COMPLETE_3_OF_3,NO_SUPPORTED_ANOMALY,"These are orchard-relative screening patterns and internal cross-domain corroboration. They do not establish causal diagnosis, disease identity, physiological drought, nutrient deficiency, or treatment need without independent field validation."
353,0.2606854216071334,0.1216737314477366,0.3077090122480743,0.0419569452420957,0.9658939251159616,-0.1034072267000449,0.339154840679306,2.1634948182437403,5.342287344267922,0.0192678824152864,723.7742855994109,7,PIXELWISE_INDEX_THEN_CROWN_STATISTIC_THEN_MULTISTRIP_AGGREGATION,True,0.0522340913496548,0.0356555841361229,0.115758622666941,0.0162346283609532,0.0973365229016231,0.0071293274640421,0.0470120657237106,0.1709106714264734,0.3344656259322542,0.0125902773786258,0.3486294951381978,-0.0767847977949246,0.1482213673610765,SINGLE_STRIP,MODERATE,1,9,ALL_386_COMPLETE_TREE_LEVEL_INVENTORY,True,True,True,True,True,ANOMALOUS_CONCORDANT,STRONG_INTERNAL_WATER_EVIDENCE,MODERATE,True,True,True,True,True,True,True,True,True,True,True,STRONG_CONCORDANT_BIOCHEMICAL_DECLINE,True,1.9374626278877256,1.348649263381958,1.5340957641601562,0.4033668637275693,47,1.0,PASS,,False,False,False,NO_LOW_STATURE_EVIDENCE,NONE,SUPPORTED_ANOMALY,SUPPORTED_ANOMALY,NO_LOW_STATURE_EVIDENCE,True,True,False,False,False,False,False,True,3,2,WATER_BIOCHEMICAL_ONLY,COMPLETE_3_OF_3,MULTI_DOMAIN_PRIORITY,"These are orchard-relative screening patterns and internal cross-domain corroboration. They do not establish causal diagnosis, disease identity, physiological drought, nutrient deficiency, or treatment need without independent field validation."
356,0.4952297035979379,0.2616893591843703,0.7904279659955901,0.1329545788659668,0.9790857260654034,-0.0875810912228474,0.1803321617360927,1.4904621704191914,3.8428952252125392,0.0835199321732748,725.7792098566784,6,PIXELWISE_INDEX_THEN_CROWN_STATISTIC_THEN_MULTISTRIP_AGGREGATION,True,0.0293765946723977,0.0088597225931836,0.0295625583361826,0.0267954376300282,0.0336690653014444,0.0032908385737504,0.012278848562408,0.0450376387773517,0.4605668572823219,0.0208965373437819,0.6671058805765496,-0.3024157561914678,0.333852118208271,SINGLE_STRIP,MODERATE,1,8,ALL_386_COMPLETE_TREE_LEVEL_INVENTORY,True,False,False,False,False,NO_ANOMALY,NO_CONCORDANT_WATER_ANOMALY,MODERATE,True,False,False,False,False,False,False,False,False,False,True,NO_CONCORDANT_BIOCHEMICAL_DECLINE,True,2.525800299644469,1.7847658917307854,2.028793334960937,0.497006964683532,62,1.0,PASS,,False,False,True,NO_LOW_STATURE_EVIDENCE,NONE,NO_CONCORDANT_ANOMALY,NO_CONCORDANT_ANOMALY,NO_LOW_STATURE_EVIDENCE,False,False,False,False,False,False,False,True,3,0,NO_SUPPORTED_MAJOR_DOMAIN_ANOMALY,COMPLETE_3_OF_3,NO_SUPPORTED_ANOMALY,"These are orchard-relative screening patterns and internal cross-domain corroboration. They do not establish causal diagnosis, disease identity, physiological drought, nutrient deficiency, or treatment need without independent field validation."
357,0.5921243262120186,0.2886752736682473,0.845516886738659,0.1451776568646745,0.960871784161778,-0.0844445145925383,0.1235192663353396,1.1971169660960397,7.006662194373527,0.08906993121098,725.7971543777433,6,PIXELWISE_INDEX_THEN_CROWN_STATISTIC_THEN_MULTISTRIP_AGGREGATION,True,0.0040672729896398,0.0022495397604585,0.0109788645642299,0.0148058934438581,0.0090742034465537,0.0041971841586171,0.0016772030112411,0.002786462810442,0.553984120882959,0.0094429475479277,0.2728315976827389,-0.4010248489042688,0.4528311893695294,MULTI_STRIP,HIGH,2,"7,8",ALL_386_COMPLETE_TREE_LEVEL_INVENTORY,True,True,False,False,False,NO_ANOMALY,ISOLATED_DIRECT_WATER_ANOMALY,HIGH,True,False,False,False,False,False,False,False,False,True,True,NO_CONCORDANT_BIOCHEMICAL_DECLINE,True,1.3630395531654351,0.4048492610454559,0.5546859741210938,0.8083535790443414,60,1.0,PASS,,True,True,False,CORROBORATED_LOW_STRUCTURAL_STATURE,CORROBORATED,SCREENING_ANOMALY,NO_CONCORDANT_ANOMALY,LOW_STATURE_CORROBORATED,False,False,True,True,True,False,True,True,3,1,STRUCTURE_ONLY,COMPLETE_3_OF_3,SINGLE_DOMAIN_PRIORITY,"These are orchard-relative screening patterns and internal cross-domain corroboration. They do not establish causal diagnosis, disease identity, physiological drought, nutrient deficiency, or treatment need without independent field validation."
358,0.4111869220501334,0.2221259140831526,0.6246567991251948,0.0821440764800246,1.0183852759088938,-0.0736427299059867,0.1995577298114608,1.5362106934817965,4.605164204930299,0.0504846416014022,725.9182994619528,7,PIXELWISE_INDEX_THEN_CROWN_STATISTIC_THEN_MULTISTRIP_AGGREGATION,True,0.0367756605551634,0.0254880933455093,0.0912536746478795,0.0057588792593894,0.0051787231698382,0.0021680316394721,0.0188154048377941,0.0904673269454728,0.4279926646035719,0.0059090751378198,0.2416431820302591,-0.2497908499478457,0.3266125068625458,MULTI_STRIP,HIGH,2,"8,9",ALL_386_COMPLETE_TREE_LEVEL_INVENTORY,True,False,False,False,False,NO_ANOMALY,NO_CONCORDANT_WATER_ANOMALY,HIGH,True,False,False,False,False,False,False,False,False,True,True,NO_CONCORDANT_BIOCHEMICAL_DECLINE,True,2.151441526412964,1.524565726518631,1.7634033203125,0.3880382061004637,45,1.0,PASS,,False,False,True,NO_LOW_STATURE_EVIDENCE,NONE,NO_CONCORDANT_ANOMALY,NO_CONCORDANT_ANOMALY,NO_LOW_STATURE_EVIDENCE,False,False,False,False,False,False,False,True,3,0,NO_SUPPORTED_MAJOR_DOMAIN_ANOMALY,COMPLETE_3_OF_3,NO_SUPPORTED_ANOMALY,"These are orchard-relative screening patterns and internal cross-domain corroboration. They do not establish causal diagnosis, disease identity, physiological drought, nutrient deficiency, or treatment need without independent field validation."
359,0.3887956697018045,0.2237622164985508,0.5991718584784294,0.0680727111343644,0.986851845840806,-0.0803875243655735,0.2216295425599626,1.512021185124962,3.8350252658240023,0.0436214531237667,726.9001786201369,7,PIXELWISE_INDEX_THEN_CROWN_STATISTIC_THEN_MULTISTRIP_AGGREGATION,True,0.004953792634475,0.000320920480041,0.0037298760723942,0.0054948788066749,0.0782583616979982,0.0014498364500463,0.0021011607536783,0.0111641290029365,0.23608263345509,0.0026529490953983,0.3408565051169034,-0.1808666039917459,0.2708160539201171,MULTI_STRIP,HIGH,2,"8,9",ALL_386_COMPLETE_TREE_LEVEL_INVENTORY,True,False,False,False,False,NO_ANOMALY,NO_CONCORDANT_WATER_ANOMALY,HIGH,True,False,False,False,False,False,False,False,False,False,True,NO_CONCORDANT_BIOCHEMICAL_DECLINE,True,1.2665748238563537,0.0538827329874038,0.410003662109375,0.8565711617469787,15,1.0,WARN,surface cells < 20,True,True,False,CORROBORATED_LOW_STRUCTURAL_STATURE,CORROBORATED,NO_CONCORDANT_ANOMALY,NO_CONCORDANT_ANOMALY,LOW_STATURE_CORROBORATED,False,False,True,True,False,False,False,True,3,1,STRUCTURE_ONLY,COMPLETE_3_OF_3,SINGLE_DOMAIN_PRIORITY,"These are orchard-relative screening patterns and internal cross-domain corroboration. They do not establish causal diagnosis, disease identity, physiological drought, nutrient deficiency, or treatment need without independent field validation."
360,0.4487705575412126,0.234823382011474,0.6776676717806519,0.1116768491706006,0.9637726379398918,-0.0858677103417743,0.2004333328173168,1.542967777408883,3.76509552574816,0.0753821346051779,725.2844971493818,6,PIXELWISE_INDEX_THEN_CROWN_STATISTIC_THEN_MULTISTRIP_AGGREGATION,True,0.051121683813327,0.0265258462994614,0.1009472907917488,0.0351588015597317,0.0466254999610578,0.0020227645192898,0.0252525006183813,0.0875660070270743,0.4411022225748901,0.0274150882882895,0.6669152973142431,-0.2890908820068162,0.322936403899712,SINGLE_STRIP,MODERATE,1,8,ALL_386_COMPLETE_TREE_LEVEL_INVENTORY,True,True,False,False,False,NO_ANOMALY,ISOLATED_DIRECT_WATER_ANOMALY,MODERATE,True,False,False,False,False,False,False,False,False,False,True,NO_CONCORDANT_BIOCHEMICAL_DECLINE,True,2.033002424240112,1.627425029873848,1.9707450866699217,0.0622573375701902,50,1.0,PASS,,False,False,True,NO_LOW_STATURE_EVIDENCE,NONE,SCREENING_ANOMALY,NO_CONCORDANT_ANOMALY,NO_LOW_STATURE_EVIDENCE,False,False,False,False,True,False,True,True,3,0,NO_SUPPORTED_MAJOR_DOMAIN_ANOMALY,COMPLETE_3_OF_3,SCREENING_PRIORITY,"These are orchard-relative screening patterns and internal cross-domain corroboration. They do not establish causal diagnosis, disease identity, physiological drought, nutrient deficiency, or treatment need without independent field validation."
361,0.3709568295097037,0.2046910247697183,0.5538751261857985,0.0676014166646111,0.9670281594252836,-0.0869244833984002,0.2400096323591841,1.62897196829653,4.001096137367829,0.0403686349330003,725.7608215344192,7,PIXELWISE_INDEX_THEN_CROWN_STATISTIC_THEN_MULTISTRIP_AGGREGATION,True,0.02183389786192,0.0139356112025436,0.0486390078020452,0.0007709888326483,0.0209819519581618,0.0015415920748582,0.016527184352689,0.0595849517875796,0.0040819047811329,0.0022795608288219,0.6012496602520514,-0.1617387214343157,0.2400729024346073,MULTI_STRIP,HIGH,2,"8,9",ALL_386_COMPLETE_TREE_LEVEL_INVENTORY,True,True,False,True,True,ANOMALOUS_CONCORDANT,SUPPORTED_WATER_STATUS_ANOMALY,HIGH,True,False,False,False,False,False,True,False,False,False,True,NO_CONCORDANT_BIOCHEMICAL_DECLINE,True,1.5491324543952942,0.0442195460200309,0.3914939880371094,1.157638466358185,30,1.0,WARN,Upper-tail structural variability,True,True,False,CORROBORATED_LOW_STRUCTURAL_STATURE,CORROBORATED,SUPPORTED_ANOMALY,NO_CONCORDANT_ANOMALY,LOW_STATURE_CORROBORATED,True,False,True,True,False,False,False,True,3,2,WATER_STRUCTURE_ONLY,COMPLETE_3_OF_3,MULTI_DOMAIN_PRIORITY,"These are orchard-relative screening patterns and internal cross-domain corroboration. They do not establish causal diagnosis, disease identity, physiological drought, nutrient deficiency, or treatment need without independent field validation."
362,0.5719051919244286,0.3328183480752509,1.1361147632614503,0.1057990215554793,1.0120194322636549,-0.0812910005766818,0.151036164449741,1.3577670243976172,4.515296371269544,0.0787039357834597,727.2027948255688,6,PIXELWISE_INDEX_THEN_CROWN_STATISTIC_THEN_MULTISTRIP_AGGREGATION,True,0.0170619780422109,0.0056186741287018,0.0045322886918222,0.0164110513981096,0.040323964626056,0.0011929494043287,0.0061924327290284,0.037508316509582,0.3539469805783786,0.0123760578968528,0.2205040166551839,-0.3720826107646549,0.4165899842941626,MULTI_STRIP,HIGH,2,"7,8",ALL_386_COMPLETE_TREE_LEVEL_INVENTORY,True,False,False,False,False,NO_ANOMALY,NO_CONCORDANT_WATER_ANOMALY,HIGH,True,False,False,False,False,False,False,False,False,True,True,NO_CONCORDANT_BIOCHEMICAL_DECLINE,True,2.7850215554237367,0.8663061261177063,2.21499252319336,0.5700290322303774,70,1.0,PASS,,False,False,False,NO_LOW_STATURE_EVIDENCE,NONE,NO_CONCORDANT_ANOMALY,NO_CONCORDANT_ANOMALY,NO_LOW_STATURE_EVIDENCE,False,False,False,False,False,False,False,True,3,0,NO_SUPPORTED_MAJOR_DOMAIN_ANOMALY,COMPLETE_3_OF_3,NO_SUPPORTED_ANOMALY,"These are orchard-relative screening patterns and internal cross-domain corroboration. They do not establish causal diagnosis, disease identity, physiological drought, nutrient deficiency, or treatment need without independent field validation."
363,0.3744124125462457,0.2047788371500245,0.5651438451168104,0.0683929980682218,0.9754919947364228,-0.0919687873452921,0.2469805130825213,1.677693426037981,4.198885812187728,0.0431620898392907,726.3630529902227,7,PIXELWISE_INDEX_THEN_CROWN_STATISTIC_THEN_MULTISTRIP_AGGREGATION,True,0.0154651101907956,0.0147712744335844,0.0565171414319776,0.000720288867778,0.0610530299956631,0.0005828785652322,0.0158987277128911,0.0350540672469192,0.0987332360800774,0.0012276742630397,0.2220278155044184,-0.1711061761224905,0.226765691040446,SINGLE_STRIP,MODERATE,1,9,ALL_386_COMPLETE_TREE_LEVEL_INVENTORY,True,True,True,True,True,ANOMALOUS_CONCORDANT,STRONG_INTERNAL_WATER_EVIDENCE,MODERATE,True,False,False,False,False,False,True,True,True,False,True,SENESCENCE_PIGMENT_ONLY,True,2.051210057735443,1.4377542287111282,2.008488464355469,0.0427215933799742,38,1.0,PASS,,False,False,True,NO_LOW_STATURE_EVIDENCE,NONE,SUPPORTED_ANOMALY,SCREENING_ANOMALY,NO_LOW_STATURE_EVIDENCE,True,False,False,False,False,True,True,True,3,1,WATER_ONLY,COMPLETE_3_OF_3,SINGLE_DOMAIN_PRIORITY,"These are orchard-relative screening patterns and internal cross-domain corroboration. They do not establish causal diagnosis, disease identity, physiological drought, nutrient deficiency, or treatment need without independent field validation."
365,0.3526235553002232,0.175356879258997,0.4777226932378652,0.0959761287086018,1.0430447713912836,-0.0935054784123614,0.2547937514473018,1.7973652301352372,4.388794146714317,0.0491199640810055,724.9643282745668,7,PIXELWISE_INDEX_THEN_CROWN_STATISTIC_THEN_MULTISTRIP_AGGREGATION,True,0.0126960462512902,0.0102056801773433,0.0345448236459476,0.009797058187225,0.0258402388684459,0.0032442953359701,0.0102156630928456,0.0324119264219751,0.0494003776293255,0.0014164748611187,0.3075963799749618,-0.1649453017046969,0.2243421105236094,MULTI_STRIP,HIGH,2,"8,9",ALL_386_COMPLETE_TREE_LEVEL_INVENTORY,True,False,True,True,True,ANOMALOUS_CONCORDANT,ISOLATED_DIRECT_WATER_ANOMALY,HIGH,True,True,True,True,True,True,True,True,True,False,True,CONCORDANT_BIOCHEMICAL_DECLINE,True,2.113193321228027,1.7090981677174568,2.2565902709960937,-0.1433969497680665,48,1.0,PASS,,False,False,True,NO_LOW_STATURE_EVIDENCE,NONE,SCREENING_ANOMALY,SUPPORTED_ANOMALY,NO_LOW_STATURE_EVIDENCE,False,True,False,False,True,False,True,True,3,1,BIOCHEMICAL_ONLY,COMPLETE_3_OF_3,SINGLE_DOMAIN_PRIORITY,"These are orchard-relative screening patterns and internal cross-domain corroboration. They do not establish causal diagnosis, disease identity, physiological drought, nutrient deficiency, or treatment need without independent field validation."
367,0.601774661973902,0.359189031186011,1.2711514443191356,0.1113189277210869,1.052141300360422,-0.0784876410694024,0.1276249247252608,1.283526397691277,4.358639946000481,0.0826444782602091,728.04886274995,6,PIXELWISE_INDEX_THEN_CROWN_STATISTIC_THEN_MULTISTRIP_AGGREGATION,True,0.0089437018286549,0.0012530618340103,0.0171708320819741,0.0179713509329728,0.0525539171763246,0.001765489303299,0.001961495777611,0.0081425086744665,0.1866823696960337,0.012736194804161,0.0632953015992414,-0.4432502824829353,0.4690364456309333,MULTI_STRIP,HIGH,2,"7,8",ALL_386_COMPLETE_TREE_LEVEL_INVENTORY,True,False,False,False,False,NO_ANOMALY,NO_CONCORDANT_WATER_ANOMALY,HIGH,True,False,False,False,False,False,False,False,False,False,True,NO_CONCORDANT_BIOCHEMICAL_DECLINE,True,2.468171429634094,0.5157788395881653,2.409304809570312,0.0588666200637817,107,1.0,PASS,,False,False,False,NO_LOW_STATURE_EVIDENCE,NONE,NO_CONCORDANT_ANOMALY,NO_CONCORDANT_ANOMALY,NO_LOW_STATURE_EVIDENCE,False,False,False,False,False,False,False,True,3,0,NO_SUPPORTED_MAJOR_DOMAIN_ANOMALY,COMPLETE_3_OF_3,NO_SUPPORTED_ANOMALY,"These are orchard-relative screening patterns and internal cross-domain corroboration. They do not establish causal diagnosis, disease identity, physiological drought, nutrient deficiency, or treatment need without independent field validation."
368,0.464820500994297,0.2434674443358188,0.7118844916191371,0.1212670648678594,1.0355712249301965,-0.0869465243138401,0.1781650014568923,1.466827433861485,3.6506932336353017,0.0787282825460272,725.6615358356588,7,PIXELWISE_INDEX_THEN_CROWN_STATISTIC_THEN_MULTISTRIP_AGGREGATION,True,0.0275843879058966,0.017681343834565,0.0695590811948845,0.0106071526923429,0.0967418755116781,0.0032987475647576,0.0166414950763534,0.0607300278304044,0.0946195818824068,0.0089192423473565,0.0844875840240838,-0.3469300859219305,0.3702355793221857,SINGLE_STRIP,MODERATE,1,8,ALL_386_COMPLETE_TREE_LEVEL_INVENTORY,True,False,False,False,False,NO_ANOMALY,NO_CONCORDANT_WATER_ANOMALY,MODERATE,True,False,False,False,False,False,False,False,False,False,True,NO_CONCORDANT_BIOCHEMICAL_DECLINE,True,2.369199275970459,0.4049092531204223,2.1503921508789063,0.2188071250915526,55,1.0,PASS,,False,False,False,NO_LOW_STATURE_EVIDENCE,NONE,NO_CONCORDANT_ANOMALY,NO_CONCORDANT_ANOMALY,NO_LOW_STATURE_EVIDENCE,False,False,False,False,False,False,False,True,3,0,NO_SUPPORTED_MAJOR_DOMAIN_ANOMALY,COMPLETE_3_OF_3,NO_SUPPORTED_ANOMALY,"These are orchard-relative screening patterns and internal cross-domain corroboration. They do not establish causal diagnosis, disease identity, physiological drought, nutrient deficiency, or treatment need without independent field validation."
369,0.3554076992190667,0.1903851577107154,0.5244827034984932,0.0604699668829723,1.0200136785853169,-0.0910272628960134,0.2548420457549412,1.755770623008443,4.489085897239006,0.035041433131365,725.5702495663088,7,PIXELWISE_INDEX_THEN_CROWN_STATISTIC_THEN_MULTISTRIP_AGGREGATION,True,0.0120499317315236,0.0082735316203382,0.0332443733446481,0.0028244851179232,0.0347157014202648,0.0026063076732686,0.0052990039195091,0.0195170476004147,0.0562497513610229,0.0020184623829537,0.2556058383459003,-0.1283931844544322,0.1936373551208507,MULTI_STRIP,HIGH,2,"8,9",ALL_386_COMPLETE_TREE_LEVEL_INVENTORY,True,False,True,True,True,ANOMALOUS_CONCORDANT,ISOLATED_DIRECT_WATER_ANOMALY,HIGH,True,True,True,False,True,False,True,True,True,False,True,SENESCENCE_PIGMENT_ONLY,True,1.87013590335846,1.0742920339107511,0.2945533752441406,1.5755825281143188,41,1.0,PASS,,False,True,False,NO_LOW_STATURE_EVIDENCE,NONE,SCREENING_ANOMALY,SCREENING_ANOMALY,NO_LOW_STATURE_EVIDENCE,False,False,False,False,True,True,True,True,3,0,NO_SUPPORTED_MAJOR_DOMAIN_ANOMALY,COMPLETE_3_OF_3,SCREENING_PRIORITY,"These are orchard-relative screening patterns and internal cross-domain corroboration. They do not establish causal diagnosis, disease identity, physiological drought, nutrient deficiency, or treatment need without independent field validation."
370,0.5611778387619231,0.308263448937909,0.9629507352533488,0.1418717584807838,1.0308198141895608,-0.0854007075455801,0.128221304012785,1.2820816459230029,3.37212202478751,0.1003847517718676,725.8281612045367,6,PIXELWISE_INDEX_THEN_CROWN_STATISTIC_THEN_MULTISTRIP_AGGREGATION,True,0.0113208515594326,0.0021615597160072,0.0138367091632122,0.0221202114585875,0.0300366840910334,0.0023505280957671,0.0018191925918836,0.0019068372421505,0.2475496271034656,0.0149391384951542,0.3890375974104927,-0.4222685580925649,0.4406854538914747,MULTI_STRIP,HIGH,2,"7,8",ALL_386_COMPLETE_TREE_LEVEL_INVENTORY,True,False,False,False,False,NO_ANOMALY,NO_CONCORDANT_WATER_ANOMALY,HIGH,True,False,False,False,False,False,False,False,False,False,True,NO_CONCORDANT_BIOCHEMICAL_DECLINE,True,2.39805166721344,1.0995469093322754,2.2530876159667965,0.1449640512466432,67,1.0,PASS,,False,False,False,NO_LOW_STATURE_EVIDENCE,NONE,NO_CONCORDANT_ANOMALY,NO_CONCORDANT_ANOMALY,NO_LOW_STATURE_EVIDENCE,False,False,False,False,False,False,False,True,3,0,NO_SUPPORTED_MAJOR_DOMAIN_ANOMALY,COMPLETE_3_OF_3,NO_SUPPORTED_ANOMALY,"These are orchard-relative screening patterns and internal cross-domain corroboration. They do not establish causal diagnosis, disease identity, physiological drought, nutrient deficiency, or treatment need without independent field validation."
371,0.3861271430860309,0.1984674499157364,0.5487572048699663,0.0933924530349981,1.121947993282122,-0.0865304526224712,0.2176416251802965,1.6516639911894049,4.1102817487029935,0.0555203608409541,725.7877346009591,7,PIXELWISE_INDEX_THEN_CROWN_STATISTIC_THEN_MULTISTRIP_AGGREGATION,True,0.0281875327575701,0.0155658365021032,0.0482162685735854,0.0106159460059504,0.0745563414331333,0.0026688812931405,0.0125920998267027,0.0875754488654061,0.3277928813762654,0.0085976550684853,0.2706895493197407,-0.2402662225559515,0.2917931299820141,MULTI_STRIP,HIGH,2,"8,9",ALL_386_COMPLETE_TREE_LEVEL_INVENTORY,True,False,False,False,False,NO_ANOMALY,NO_CONCORDANT_WATER_ANOMALY,HIGH,True,True,False,False,False,False,False,True,False,False,True,NO_CONCORDANT_BIOCHEMICAL_DECLINE,True,2.631286287307739,1.950046718120575,1.595050048828125,1.0362362384796142,33,1.0,PASS,,False,False,True,NO_LOW_STATURE_EVIDENCE,NONE,NO_CONCORDANT_ANOMALY,NO_CONCORDANT_ANOMALY,NO_LOW_STATURE_EVIDENCE,False,False,False,False,False,False,False,True,3,0,NO_SUPPORTED_MAJOR_DOMAIN_ANOMALY,COMPLETE_3_OF_3,NO_SUPPORTED_ANOMALY,"These are orchard-relative screening patterns and internal cross-domain corroboration. They do not establish causal diagnosis, disease identity, physiological drought, nutrient deficiency, or treatment need without independent field validation."
373,0.3266107511169895,0.1871487756377995,0.4932254869772213,0.0443109972551171,1.0035744715087769,-0.0996449577200393,0.277509971906329,1.7632572426228448,4.176092340167593,0.0244360685505969,725.646793793403,6,PIXELWISE_INDEX_THEN_CROWN_STATISTIC_THEN_MULTISTRIP_AGGREGATION,True,0.0433569800623966,0.0303013995540642,0.1071744122720312,0.0078920040197783,0.0054595291387877,0.0048439559401958,0.0312715110197235,0.1072381603556813,0.1659886083719994,0.007096597952108,0.099966327695256,-0.1300690931682765,0.1564999155155776,MULTI_STRIP,HIGH,2,"7,8",ALL_386_COMPLETE_TREE_LEVEL_INVENTORY,True,False,True,True,True,ANOMALOUS_CONCORDANT,ISOLATED_DIRECT_WATER_ANOMALY,HIGH,True,True,True,False,True,False,True,True,True,False,True,SENESCENCE_PIGMENT_ONLY,True,6.501444530487061,0.0887247137725353,,,10,1.0,FAIL,Extreme discontinuity between H_P75 and H_P95,False,False,False,NOT_ASSESSABLE,NOT_ASSESSABLE,SCREENING_ANOMALY,SCREENING_ANOMALY,NOT_ASSESSABLE,False,False,False,False,True,True,True,False,2,0,NO_SUPPORTED_MAJOR_DOMAIN_ANOMALY,PARTIAL_2_OF_3,SCREENING_PRIORITY,"These are orchard-relative screening patterns and internal cross-domain corroboration. They do not establish causal diagnosis, disease identity, physiological drought, nutrient deficiency, or treatment need without independent field validation."
374,0.3536378666651619,0.2003733438966408,0.603571773382124,0.0434137343412025,0.9573980343212012,-0.0789805496075401,0.2705600570383871,1.793204141754225,4.036267766501791,0.0284537336271649,726.2666544694446,6,PIXELWISE_INDEX_THEN_CROWN_STATISTIC_THEN_MULTISTRIP_AGGREGATION,True,0.036816062977589,0.0288075148915276,0.1119468976106659,0.0039577796533889,0.0031589368614376,0.0005802436971568,0.0256043405931764,0.1032680544897016,0.5241750632023303,0.0070374628944449,0.4185315384684713,-0.0837099232536667,0.1787979627260659,MULTI_STRIP,HIGH,2,"7,8",ALL_386_COMPLETE_TREE_LEVEL_INVENTORY,True,True,False,True,True,ANOMALOUS_CONCORDANT,SUPPORTED_WATER_STATUS_ANOMALY,HIGH,True,False,False,False,False,False,True,True,True,False,True,SENESCENCE_PIGMENT_ONLY,True,0.5357835114002225,0.0779525935649871,0.272003173828125,0.2637803375720975,15,1.0,WARN,surface cells < 20,True,True,False,CORROBORATED_LOW_STRUCTURAL_STATURE,CORROBORATED,SUPPORTED_ANOMALY,SCREENING_ANOMALY,LOW_STATURE_CORROBORATED,True,False,True,True,False,True,True,True,3,2,WATER_STRUCTURE_ONLY,COMPLETE_3_OF_3,MULTI_DOMAIN_PRIORITY,"These are orchard-relative screening patterns and internal cross-domain corroboration. They do not establish causal diagnosis, disease identity, physiological drought, nutrient deficiency, or treatment need without independent field validation."
375,0.5098785417818845,0.2865868678290985,0.8992016367364352,0.1121403850572049,1.0046017261664244,-0.0814952104878227,0.161480259079522,1.3956845304921308,3.36143184078962,0.0807216895124609,726.465285731721,6,PIXELWISE_INDEX_THEN_CROWN_STATISTIC_THEN_MULTISTRIP_AGGREGATION,True,0.0271713236931831,0.0128553283965296,0.0552411734688776,0.0180834950730851,0.0153667844454619,0.0016059922253842,0.0108882396461674,0.0280475064685367,0.3532277209361358,0.0143780120795213,0.4175344305385806,-0.3299310476039152,0.3593274033623244,MULTI_STRIP,HIGH,2,"7,8",ALL_386_COMPLETE_TREE_LEVEL_INVENTORY,True,False,False,False,False,NO_ANOMALY,NO_CONCORDANT_WATER_ANOMALY,HIGH,True,False,False,False,False,False,False,False,False,False,True,NO_CONCORDANT_BIOCHEMICAL_DECLINE,True,1.7888783812522886,1.2910229414701462,1.5991973876953125,0.1896809935569761,60,1.0,PASS,,False,False,False,NO_LOW_STATURE_EVIDENCE,NONE,NO_CONCORDANT_ANOMALY,NO_CONCORDANT_ANOMALY,NO_LOW_STATURE_EVIDENCE,False,False,False,False,False,False,False,True,3,0,NO_SUPPORTED_MAJOR_DOMAIN_ANOMALY,COMPLETE_3_OF_3,NO_SUPPORTED_ANOMALY,"These are orchard-relative screening patterns and internal cross-domain corroboration. They do not establish causal diagnosis, disease identity, physiological drought, nutrient deficiency, or treatment need without independent field validation."
376,0.4383031939162082,0.244591595494594,0.7416028906125973,0.0874444043590573,1.024685213083712,-0.0837166649290928,0.1954045767921584,1.5217189252675445,4.193102157560152,0.0565429368932893,726.4108545515212,7,PIXELWISE_INDEX_THEN_CROWN_STATISTIC_THEN_MULTISTRIP_AGGREGATION,True,0.0160344913393123,0.0072575165803651,0.0242941206786016,0.0030048238734746,0.0053171250362202,0.0032220785624182,0.0096781071142389,0.056924533942322,0.066208382245057,0.0026292819066924,0.608671805730818,-0.2785328872421868,0.3177272677071104,MULTI_STRIP,HIGH,2,"8,9",ALL_386_COMPLETE_TREE_LEVEL_INVENTORY,True,False,False,False,False,NO_ANOMALY,NO_CONCORDANT_WATER_ANOMALY,HIGH,True,False,False,False,False,False,False,False,False,False,True,NO_CONCORDANT_BIOCHEMICAL_DECLINE,True,2.269286572933196,1.6841956153512,2.323193359375,-0.0539067864418036,74,1.0,PASS,,False,False,True,NO_LOW_STATURE_EVIDENCE,NONE,NO_CONCORDANT_ANOMALY,NO_CONCORDANT_ANOMALY,NO_LOW_STATURE_EVIDENCE,False,False,False,False,False,False,False,True,3,0,NO_SUPPORTED_MAJOR_DOMAIN_ANOMALY,COMPLETE_3_OF_3,NO_SUPPORTED_ANOMALY,"These are orchard-relative screening patterns and internal cross-domain corroboration. They do not establish causal diagnosis, disease identity, physiological drought, nutrient deficiency, or treatment need without independent field validation."
377,0.3571124148119996,0.2096836053754808,0.6165315852694319,0.0500759519329253,1.016757125855883,-0.0890507136838482,0.2629966743155091,1.7424145073348698,4.199851667782431,0.0302117003711203,726.2648671870099,7,PIXELWISE_INDEX_THEN_CROWN_STATISTIC_THEN_MULTISTRIP_AGGREGATION,True,0.0087328575547798,0.0065102798702562,0.0175625381947217,0.0017538548841022,0.0290579249010948,0.0006363818293226,0.0085631939554576,0.0423436485580679,0.0336066199117786,0.0016089250736459,0.1661317761849545,-0.139293727560507,0.1960249875201619,MULTI_STRIP,HIGH,2,"8,9",ALL_386_COMPLETE_TREE_LEVEL_INVENTORY,True,False,False,True,True,ANOMALOUS_CONCORDANT,ISOLATED_DIRECT_WATER_ANOMALY,HIGH,True,False,False,False,False,False,True,True,True,False,True,SENESCENCE_PIGMENT_ONLY,True,1.9065208911895744,0.0894512832164764,1.67314453125,0.2333763599395746,29,1.0,WARN,Upper-tail structural variability,False,False,False,NO_LOW_STATURE_EVIDENCE,NONE,SCREENING_ANOMALY,SCREENING_ANOMALY,NO_LOW_STATURE_EVIDENCE,False,False,False,False,True,True,True,True,3,0,NO_SUPPORTED_MAJOR_DOMAIN_ANOMALY,COMPLETE_3_OF_3,SCREENING_PRIORITY,"These are orchard-relative screening patterns and internal cross-domain corroboration. They do not establish causal diagnosis, disease identity, physiological drought, nutrient deficiency, or treatment need without independent field validation."
378,0.4410185848176023,0.2403043062573758,0.7513156232106413,0.1111895183700307,1.0218927105789155,-0.084622458873885,0.2052134503494234,1.655163739840175,2.893214063574016,0.0755667145788486,725.5470508655894,6,PIXELWISE_INDEX_THEN_CROWN_STATISTIC_THEN_MULTISTRIP_AGGREGATION,True,0.0233825619494658,0.023205841653347,0.0997653690151198,0.0026106850804218,0.020937218491593,0.0043360961890232,0.0217110405647784,0.0754339258910876,0.0527410366830531,0.0002986156650836,0.4209878478262681,-0.3046137424032999,0.3311504069514344,SINGLE_STRIP,MODERATE,1,8,ALL_386_COMPLETE_TREE_LEVEL_INVENTORY,True,False,False,False,False,NO_ANOMALY,NO_CONCORDANT_WATER_ANOMALY,MODERATE,True,False,False,False,False,False,False,True,False,False,True,NO_CONCORDANT_BIOCHEMICAL_DECLINE,True,2.2320204734802247,1.8086027279496195,2.1809844970703125,0.0510359764099122,54,1.0,PASS,,False,False,True,NO_LOW_STATURE_EVIDENCE,NONE,NO_CONCORDANT_ANOMALY,NO_CONCORDANT_ANOMALY,NO_LOW_STATURE_EVIDENCE,False,False,False,False,False,False,False,True,3,0,NO_SUPPORTED_MAJOR_DOMAIN_ANOMALY,COMPLETE_3_OF_3,NO_SUPPORTED_ANOMALY,"These are orchard-relative screening patterns and internal cross-domain corroboration. They do not establish causal diagnosis, disease identity, physiological drought, nutrient deficiency, or treatment need without independent field validation."
380,0.6018211486849677,0.362647630173844,1.2710895212411075,0.1158937524680298,1.072938768410976,-0.0768760920529149,0.1084303826250086,1.2560351206131366,3.154831429252171,0.0869900755890492,728.0685796629568,6,PIXELWISE_INDEX_THEN_CROWN_STATISTIC_THEN_MULTISTRIP_AGGREGATION,True,0.0144054138453837,0.0042481103016179,0.0087128822443524,0.0134564671942561,0.0070759394376883,0.0050270855500689,0.0037621925532468,0.0069355823716935,0.3349451051779483,0.0118927170577039,0.0496331531660795,-0.4356263637807456,0.4564621233060321,MULTI_STRIP,HIGH,2,"7,8",ALL_386_COMPLETE_TREE_LEVEL_INVENTORY,True,False,False,False,False,NO_ANOMALY,NO_CONCORDANT_WATER_ANOMALY,HIGH,True,False,False,False,False,False,False,False,False,False,True,NO_CONCORDANT_BIOCHEMICAL_DECLINE,True,2.5428015708923337,1.1605395078659058,2.5049972534179688,0.0378043174743649,93,1.0,PASS,,False,False,False,NO_LOW_STATURE_EVIDENCE,NONE,NO_CONCORDANT_ANOMALY,NO_CONCORDANT_ANOMALY,NO_LOW_STATURE_EVIDENCE,False,False,False,False,False,False,False,True,3,0,NO_SUPPORTED_MAJOR_DOMAIN_ANOMALY,COMPLETE_3_OF_3,NO_SUPPORTED_ANOMALY,"These are orchard-relative screening patterns and internal cross-domain corroboration. They do not establish causal diagnosis, disease identity, physiological drought, nutrient deficiency, or treatment need without independent field validation."
381,0.4899397936773253,0.2470499653710657,0.7146782495959991,0.1512665169276512,0.9821181072844564,-0.0889049321408849,0.17037904011937,1.437067852784042,3.2703293347312856,0.1002341030784657,724.9363202793168,7,PIXELWISE_INDEX_THEN_CROWN_STATISTIC_THEN_MULTISTRIP_AGGREGATION,True,0.0133326437200465,0.002458620946316,0.0086979156456278,0.0235600480774457,0.0472435773926245,0.0026760608320115,0.0002534865602846,0.0067825587650487,0.2840783545751855,0.0148635712495821,0.3042762154960883,-0.3203376664496938,0.3547800057934803,SINGLE_STRIP,MODERATE,1,8,ALL_386_COMPLETE_TREE_LEVEL_INVENTORY,True,False,False,False,False,NO_ANOMALY,NO_CONCORDANT_WATER_ANOMALY,MODERATE,True,False,False,True,False,False,False,False,False,False,True,NO_CONCORDANT_BIOCHEMICAL_DECLINE,True,2.105345678329468,1.636670783162117,2.0705902099609377,0.0347554683685302,63,1.0,PASS,,False,False,True,NO_LOW_STATURE_EVIDENCE,NONE,NO_CONCORDANT_ANOMALY,NO_CONCORDANT_ANOMALY,NO_LOW_STATURE_EVIDENCE,False,False,False,False,False,False,False,True,3,0,NO_SUPPORTED_MAJOR_DOMAIN_ANOMALY,COMPLETE_3_OF_3,NO_SUPPORTED_ANOMALY,"These are orchard-relative screening patterns and internal cross-domain corroboration. They do not establish causal diagnosis, disease identity, physiological drought, nutrient deficiency, or treatment need without independent field validation."
382,0.2964485556864389,0.1526848872807256,0.3943245996191938,0.0580458330257802,1.0121042574607626,-0.0871225647946068,0.2817843679494614,1.8848456450542588,3.955102180425284,0.0295780393693959,723.8893186728486,7,PIXELWISE_INDEX_THEN_CROWN_STATISTIC_THEN_MULTISTRIP_AGGREGATION,True,0.0051990143117036,0.0012171853040824,0.0033605288757758,0.0012589977579874,0.0261628018705037,0.0014584363746533,0.0057911909894087,0.049512732178252,0.2833003947972827,2.3214338408714813e-05,0.3850550150586969,-0.0866461918861533,0.1486709143648192,MULTI_STRIP,HIGH,2,"8,9",ALL_386_COMPLETE_TREE_LEVEL_INVENTORY,True,False,False,True,True,ANOMALOUS_CONCORDANT,ISOLATED_DIRECT_WATER_ANOMALY,HIGH,True,True,True,True,True,True,True,True,True,False,True,CONCORDANT_BIOCHEMICAL_DECLINE,True,1.8827517986297608,0.0588466823101043,1.6249847412109375,0.2577670574188231,23,1.0,WARN,Upper-tail structural variability,False,False,False,NO_LOW_STATURE_EVIDENCE,NONE,SCREENING_ANOMALY,SUPPORTED_ANOMALY,NO_LOW_STATURE_EVIDENCE,False,True,False,False,True,False,True,True,3,1,BIOCHEMICAL_ONLY,COMPLETE_3_OF_3,SINGLE_DOMAIN_PRIORITY,"These are orchard-relative screening patterns and internal cross-domain corroboration. They do not establish causal diagnosis, disease identity, physiological drought, nutrient deficiency, or treatment need without independent field validation."
383,0.5079939750384519,0.2726939058016989,0.8204926673028851,0.1028831529770494,0.9980725291131268,-0.0742039688120593,0.1453504231027426,1.3004126633605493,4.954416202126259,0.0681190397628235,726.8359070108435,6,PIXELWISE_INDEX_THEN_CROWN_STATISTIC_THEN_MULTISTRIP_AGGREGATION,True,0.0133547655454215,0.0095411810670223,0.0364092460949673,0.0066382148464636,0.0566050695604057,0.0002410461300562,0.0093594593938328,0.0222387824428639,0.6131942812025741,0.0086186803034905,0.4542759042697071,-0.439293089519807,0.4808529508117085,MULTI_STRIP,HIGH,2,"7,8",ALL_386_COMPLETE_TREE_LEVEL_INVENTORY,True,False,False,False,False,NO_ANOMALY,NO_CONCORDANT_WATER_ANOMALY,HIGH,True,False,False,False,False,False,False,False,False,True,True,NO_CONCORDANT_BIOCHEMICAL_DECLINE,True,1.488367748260498,0.293271541595459,1.4278953552246094,0.0604723930358885,25,1.0,PASS,,True,False,False,LOW_STATURE_LAS_ONLY,SINGLE_MEASUREMENT,NO_CONCORDANT_ANOMALY,NO_CONCORDANT_ANOMALY,LOW_STATURE_LAS_ONLY,False,False,True,False,False,False,False,True,3,0,NO_SUPPORTED_MAJOR_DOMAIN_ANOMALY,COMPLETE_3_OF_3,NO_SUPPORTED_ANOMALY,"These are orchard-relative screening patterns and internal cross-domain corroboration. They do not establish causal diagnosis, disease identity, physiological drought, nutrient deficiency, or treatment need without independent field validation."
384,0.3766641961082957,0.2077379164065545,0.5435065702485951,0.0648703746841066,0.9732906210167512,-0.0816822170559063,0.2460734764964871,1.54787632709218,5.105947594570576,0.0375413129091013,726.5328214536539,6,PIXELWISE_INDEX_THEN_CROWN_STATISTIC_THEN_MULTISTRIP_AGGREGATION,True,0.0108462479661803,0.0097515916109498,0.0345624337825636,0.0019521966224264,0.0215230742211476,0.0022611554651783,0.0099656783900101,0.0200976734528923,0.252396058240198,0.0004848902076469,0.680954261000636,-0.1515262149951513,0.2495061508396093,MULTI_STRIP,HIGH,2,"7,8",ALL_386_COMPLETE_TREE_LEVEL_INVENTORY,True,True,False,True,True,ANOMALOUS_CONCORDANT,SUPPORTED_WATER_STATUS_ANOMALY,HIGH,True,False,False,False,False,False,True,False,False,True,True,NO_CONCORDANT_BIOCHEMICAL_DECLINE,True,0.4493811577558517,0.029058888554573,0.444000244140625,0.0053809136152267,11,1.0,WARN,surface cells < 20,True,True,False,CORROBORATED_LOW_STRUCTURAL_STATURE,CORROBORATED,SUPPORTED_ANOMALY,NO_CONCORDANT_ANOMALY,LOW_STATURE_CORROBORATED,True,False,True,True,False,False,False,True,3,2,WATER_STRUCTURE_ONLY,COMPLETE_3_OF_3,MULTI_DOMAIN_PRIORITY,"These are orchard-relative screening patterns and internal cross-domain corroboration. They do not establish causal diagnosis, disease identity, physiological drought, nutrient deficiency, or treatment need without independent field validation."
386,0.4673466081283425,0.2388486030794869,0.6756298651439464,0.12021863620162,1.0616348243191311,-0.0868546451754799,0.1720250383732386,1.4264003755051171,4.058253514793769,0.0741587824758254,725.6068654965129,7,PIXELWISE_INDEX_THEN_CROWN_STATISTIC_THEN_MULTISTRIP_AGGREGATION,True,0.0221686105984529,0.0111164895905556,0.0363174023597047,0.0093718471138195,0.0916516864958742,0.0028202730515206,0.008086255809291,0.0464649295300995,0.0619605611329683,0.0068988838000099,0.2840499903922535,-0.2189651818962138,0.2754884006013114,MULTI_STRIP,HIGH,2,"8,9",ALL_386_COMPLETE_TREE_LEVEL_INVENTORY,True,False,False,False,False,NO_ANOMALY,NO_CONCORDANT_WATER_ANOMALY,HIGH,True,False,False,False,False,False,False,False,False,False,True,NO_CONCORDANT_BIOCHEMICAL_DECLINE,True,2.719278430938721,2.097259879112244,2.488986206054688,0.2302922248840331,65,1.0,PASS,,False,False,True,NO_LOW_STATURE_EVIDENCE,NONE,NO_CONCORDANT_ANOMALY,NO_CONCORDANT_ANOMALY,NO_LOW_STATURE_EVIDENCE,False,False,False,False,False,False,False,True,3,0,NO_SUPPORTED_MAJOR_DOMAIN_ANOMALY,COMPLETE_3_OF_3,NO_SUPPORTED_ANOMALY,"These are orchard-relative screening patterns and internal cross-domain corroboration. They do not establish causal diagnosis, disease identity, physiological drought, nutrient deficiency, or treatment need without independent field validation."
387,0.412016357306721,0.2445308860212937,0.6913514861570449,0.0635625879536598,1.030183816851003,-0.0793971527647164,0.2050450197330568,1.4957647481522307,4.033604330578086,0.0422330101816392,727.6150365825297,7,PIXELWISE_INDEX_THEN_CROWN_STATISTIC_THEN_MULTISTRIP_AGGREGATION,True,0.0059236356041477,0.0063973374668063,0.026937123446145,0.0003175500145542,0.0426472047755204,0.0038343360314171,0.001225234422152,0.009798629681356,0.2793581513353078,0.0020559050694922,0.3883576588673918,-0.2054342409521892,0.2614380320782162,MULTI_STRIP,HIGH,2,"8,9",ALL_386_COMPLETE_TREE_LEVEL_INVENTORY,True,False,False,False,False,NO_ANOMALY,NO_CONCORDANT_WATER_ANOMALY,HIGH,True,False,False,False,False,False,False,False,False,False,True,NO_CONCORDANT_BIOCHEMICAL_DECLINE,True,0.4298278167843818,0.0701651647686958,,,16,1.0,WARN,surface cells < 20,True,False,False,LOW_STATURE_LAS_ONLY,SINGLE_MEASUREMENT,NO_CONCORDANT_ANOMALY,NO_CONCORDANT_ANOMALY,LOW_STATURE_LAS_ONLY,False,False,True,False,False,False,False,True,3,0,NO_SUPPORTED_MAJOR_DOMAIN_ANOMALY,COMPLETE_3_OF_3,NO_SUPPORTED_ANOMALY,"These are orchard-relative screening patterns and internal cross-domain corroboration. They do not establish causal diagnosis, disease identity, physiological drought, nutrient deficiency, or treatment need without independent field validation."
388,0.5564949369643233,0.3137409247281392,1.0326421593166282,0.1327445946707313,1.0293848482112835,-0.0864533549658512,0.1384997349483654,1.3774819455783018,3.215286757978969,0.0945580253023783,726.7053674867526,6,PIXELWISE_INDEX_THEN_CROWN_STATISTIC_THEN_MULTISTRIP_AGGREGATION,True,0.013902520156857,0.0005050849518017,0.0120292661263183,0.0171272087608189,0.0430707410706571,0.0023334837523926,0.0020916418751966,0.0153188631660901,0.3121371367256251,0.012989230744365,0.5050266768038227,-0.3958160707788868,0.4037050774995422,MULTI_STRIP,HIGH,2,"7,8",ALL_386_COMPLETE_TREE_LEVEL_INVENTORY,True,False,False,False,False,NO_ANOMALY,NO_CONCORDANT_WATER_ANOMALY,HIGH,True,False,False,False,False,False,False,False,False,False,True,NO_CONCORDANT_BIOCHEMICAL_DECLINE,True,2.180664873123169,0.7364826202392578,2.051892852783203,0.1287720203399658,77,1.0,PASS,,False,False,False,NO_LOW_STATURE_EVIDENCE,NONE,NO_CONCORDANT_ANOMALY,NO_CONCORDANT_ANOMALY,NO_LOW_STATURE_EVIDENCE,False,False,False,False,False,False,False,True,3,0,NO_SUPPORTED_MAJOR_DOMAIN_ANOMALY,COMPLETE_3_OF_3,NO_SUPPORTED_ANOMALY,"These are orchard-relative screening patterns and internal cross-domain corroboration. They do not establish causal diagnosis, disease identity, physiological drought, nutrient deficiency, or treatment need without independent field validation."
389,0.5869019870319865,0.3378514417657543,1.1507714755317793,0.1146711842122545,0.94429329630112,-0.0684459203860207,0.1111767129453047,1.2433072789749178,4.120844080503478,0.0791253472723912,727.6236499057585,7,PIXELWISE_INDEX_THEN_CROWN_STATISTIC_THEN_MULTISTRIP_AGGREGATION,True,0.0533409440492692,0.0313565331122582,0.1748416408779539,0.0512914130114142,0.1034137339402139,0.0102545195033814,0.0250466403130914,0.0971484741794917,1.3602558340652542,0.0404672261213937,0.674579226257124,-0.3861999670091718,0.405775597533893,SINGLE_STRIP,MODERATE,1,8,ALL_386_COMPLETE_TREE_LEVEL_INVENTORY,True,True,False,False,False,NO_ANOMALY,ISOLATED_DIRECT_WATER_ANOMALY,MODERATE,True,False,False,False,False,False,False,False,False,False,True,NO_CONCORDANT_BIOCHEMICAL_DECLINE,True,2.930434763431549,2.120280288159848,2.894601440429688,0.0358333230018614,86,1.0,PASS,,False,False,True,NO_LOW_STATURE_EVIDENCE,NONE,SCREENING_ANOMALY,NO_CONCORDANT_ANOMALY,NO_LOW_STATURE_EVIDENCE,False,False,False,False,True,False,True,True,3,0,NO_SUPPORTED_MAJOR_DOMAIN_ANOMALY,COMPLETE_3_OF_3,SCREENING_PRIORITY,"These are orchard-relative screening patterns and internal cross-domain corroboration. They do not establish causal diagnosis, disease identity, physiological drought, nutrient deficiency, or treatment need without independent field validation."
390,0.4760980872896235,0.2551495406048843,0.7196188271048762,0.1205107934907962,1.0189722790583953,-0.081499009941748,0.1630252367558002,1.3635743199357475,3.449183273118236,0.0810334229636531,726.2811465653429,6,PIXELWISE_INDEX_THEN_CROWN_STATISTIC_THEN_MULTISTRIP_AGGREGATION,True,0.0039352603179592,0.0095441388004149,0.0362990273036619,0.0183294109534882,0.0098750569279516,0.0006224755056421,0.0031654501274076,0.0083906104437954,0.2655592046995281,0.0129081332892432,1.0233570983696154,-0.3167992768693229,0.367830587879918,MULTI_STRIP,HIGH,2,"7,8",ALL_386_COMPLETE_TREE_LEVEL_INVENTORY,True,False,False,False,False,NO_ANOMALY,NO_CONCORDANT_WATER_ANOMALY,HIGH,True,False,False,False,False,False,False,False,False,False,True,NO_CONCORDANT_BIOCHEMICAL_DECLINE,True,1.742231810092926,1.088158294558525,1.107285308837891,0.6349465012550353,32,1.0,PASS,,False,True,False,NO_LOW_STATURE_EVIDENCE,NONE,NO_CONCORDANT_ANOMALY,NO_CONCORDANT_ANOMALY,NO_LOW_STATURE_EVIDENCE,False,False,False,False,False,False,False,True,3,0,NO_SUPPORTED_MAJOR_DOMAIN_ANOMALY,COMPLETE_3_OF_3,NO_SUPPORTED_ANOMALY,"These are orchard-relative screening patterns and internal cross-domain corroboration. They do not establish causal diagnosis, disease identity, physiological drought, nutrient deficiency, or treatment need without independent field validation."
391,0.3762243197002755,0.1941753552581587,0.5459772449834128,0.0874231873879717,1.017228346082361,-0.0997323943740721,0.2545621054575337,1.8049772577530492,4.069110870412704,0.0542256087635384,724.9217267314798,7,PIXELWISE_INDEX_THEN_CROWN_STATISTIC_THEN_MULTISTRIP_AGGREGATION,True,0.0221904182568487,0.0137479973008102,0.0438872571061182,0.0047523019915371,0.0216588476609278,0.0022314468452508,0.0139302262153572,0.0950790781321468,0.1617269363679345,0.0027845887516693,0.2351291226124772,-0.1825192596262634,0.2220832741123141,MULTI_STRIP,HIGH,2,"8,9",ALL_386_COMPLETE_TREE_LEVEL_INVENTORY,True,False,True,False,True,PARTIAL_DISCORDANT,SWIR_DISCORDANT_INSUFFICIENT_EVIDENCE,HIGH,True,True,False,True,False,False,True,True,True,False,True,SENESCENCE_PIGMENT_ONLY,True,2.830591201782226,1.6215381920337677,1.7185043334960937,1.1120868682861325,54,1.0,PASS,,False,False,True,NO_LOW_STATURE_EVIDENCE,NONE,INCONCLUSIVE,SCREENING_ANOMALY,NO_LOW_STATURE_EVIDENCE,False,False,False,False,False,True,True,True,3,0,NO_SUPPORTED_MAJOR_DOMAIN_ANOMALY,COMPLETE_3_OF_3,SCREENING_PRIORITY,"These are orchard-relative screening patterns and internal cross-domain corroboration. They do not establish causal diagnosis, disease identity, physiological drought, nutrient deficiency, or treatment need without independent field validation."
392,0.5973824921366047,0.3604528961724616,1.2923450633457638,0.1000200053460039,1.068714124032572,-0.0771269285590282,0.1220096912055375,1.269276002483597,4.412003806267702,0.0747799143256269,727.5279153785979,6,PIXELWISE_INDEX_THEN_CROWN_STATISTIC_THEN_MULTISTRIP_AGGREGATION,True,0.0205180335401712,0.0105921185857224,0.0358488392665688,0.0124599615346504,0.0284546140672088,0.0053978784509391,0.0074261041062408,0.022461999594637,0.4633239074989912,0.011404044582164,0.5713841835607514,-0.4133467404268992,0.4393646758022497,MULTI_STRIP,HIGH,2,"7,8",ALL_386_COMPLETE_TREE_LEVEL_INVENTORY,True,False,False,False,False,NO_ANOMALY,NO_CONCORDANT_WATER_ANOMALY,HIGH,True,False,False,False,False,False,False,False,False,False,True,NO_CONCORDANT_BIOCHEMICAL_DECLINE,True,2.2505214691162108,0.8856231868267059,2.2027923583984377,0.047729110717773,64,1.0,PASS,,False,False,False,NO_LOW_STATURE_EVIDENCE,NONE,NO_CONCORDANT_ANOMALY,NO_CONCORDANT_ANOMALY,NO_LOW_STATURE_EVIDENCE,False,False,False,False,False,False,False,True,3,0,NO_SUPPORTED_MAJOR_DOMAIN_ANOMALY,COMPLETE_3_OF_3,NO_SUPPORTED_ANOMALY,"These are orchard-relative screening patterns and internal cross-domain corroboration. They do not establish causal diagnosis, disease identity, physiological drought, nutrient deficiency, or treatment need without independent field validation."
393,0.592639136646512,0.3354690968575931,1.0638847955326995,0.1021895562054274,0.99877328648026,-0.0743192980133756,0.1212956332133503,1.1900509271218311,6.115688482300096,0.0731959184849105,727.4015933136149,6,PIXELWISE_INDEX_THEN_CROWN_STATISTIC_THEN_MULTISTRIP_AGGREGATION,True,0.0177004749379736,0.0216152544679821,0.1254826568536892,0.0054092933617105,0.0163580750558988,0.002677970006307,0.012308958304506,0.0165063144237537,0.3466272036941683,0.0025778528028134,0.9841478913663648,-0.4289878793365324,0.4684011591186141,MULTI_STRIP,HIGH,2,"7,8",ALL_386_COMPLETE_TREE_LEVEL_INVENTORY,True,False,False,False,False,NO_ANOMALY,NO_CONCORDANT_WATER_ANOMALY,HIGH,True,False,False,False,False,False,False,False,False,True,True,NO_CONCORDANT_BIOCHEMICAL_DECLINE,True,1.637560564279556,1.0216810554265976,1.4317451477050778,0.2058154165744783,62,1.0,PASS,,False,False,False,NO_LOW_STATURE_EVIDENCE,NONE,NO_CONCORDANT_ANOMALY,NO_CONCORDANT_ANOMALY,NO_LOW_STATURE_EVIDENCE,False,False,False,False,False,False,False,True,3,0,NO_SUPPORTED_MAJOR_DOMAIN_ANOMALY,COMPLETE_3_OF_3,NO_SUPPORTED_ANOMALY,"These are orchard-relative screening patterns and internal cross-domain corroboration. They do not establish causal diagnosis, disease identity, physiological drought, nutrient deficiency, or treatment need without independent field validation."
394,0.6240764693917968,0.3770643599377139,1.4045244439599982,0.1262218646975081,1.0649903773567204,-0.084595148186212,0.1094837728047777,1.2815662834699286,3.076979130541893,0.0935754003151333,727.7579138740143,6,PIXELWISE_INDEX_THEN_CROWN_STATISTIC_THEN_MULTISTRIP_AGGREGATION,True,0.0052560733438507,0.0010606974614505,0.0064224802627432,0.0092231324273782,0.0310008695684693,0.0066721088815591,0.0001401411702833,0.0105589276243177,0.3274776610018546,0.009529892762199,0.7373908942595904,-0.4633235881544214,0.4699152432922045,MULTI_STRIP,HIGH,2,"7,8",ALL_386_COMPLETE_TREE_LEVEL_INVENTORY,True,False,False,False,False,NO_ANOMALY,NO_CONCORDANT_WATER_ANOMALY,HIGH,True,False,False,False,False,False,False,False,False,False,True,NO_CONCORDANT_BIOCHEMICAL_DECLINE,True,2.155031204223633,0.4307883679866791,2.117252349853516,0.0377788543701171,86,1.0,PASS,,False,False,False,NO_LOW_STATURE_EVIDENCE,NONE,NO_CONCORDANT_ANOMALY,NO_CONCORDANT_ANOMALY,NO_LOW_STATURE_EVIDENCE,False,False,False,False,False,False,False,True,3,0,NO_SUPPORTED_MAJOR_DOMAIN_ANOMALY,COMPLETE_3_OF_3,NO_SUPPORTED_ANOMALY,"These are orchard-relative screening patterns and internal cross-domain corroboration. They do not establish causal diagnosis, disease identity, physiological drought, nutrient deficiency, or treatment need without independent field validation."
395,0.422993213549006,0.2283698826535004,0.6451916390014865,0.0856494097327513,0.9887083750997951,-0.0865094258777176,0.2193985677834415,1.5374629880491923,4.388793558532746,0.0563403135346408,726.1346909216958,7,PIXELWISE_INDEX_THEN_CROWN_STATISTIC_THEN_MULTISTRIP_AGGREGATION,True,0.0330251695030333,0.0164152117318583,0.0554549577810807,0.0260283697553248,0.0879767063397356,0.0025735160852264,0.0104790539961107,0.0478371519672852,0.2514655507510093,0.0194039378741141,0.7303135289065013,-0.2653635692242769,0.3128218513135749,SINGLE_STRIP,MODERATE,1,8,ALL_386_COMPLETE_TREE_LEVEL_INVENTORY,True,False,False,False,False,NO_ANOMALY,NO_CONCORDANT_WATER_ANOMALY,MODERATE,True,False,False,False,False,False,False,False,False,False,True,NO_CONCORDANT_BIOCHEMICAL_DECLINE,True,2.5816334486007686,2.0476273596286774,0.4996467590332031,2.0819866895675654,47,1.0,PASS,,False,True,True,NO_LOW_STATURE_EVIDENCE,NONE,NO_CONCORDANT_ANOMALY,NO_CONCORDANT_ANOMALY,NO_LOW_STATURE_EVIDENCE,False,False,False,False,False,False,False,True,3,0,NO_SUPPORTED_MAJOR_DOMAIN_ANOMALY,COMPLETE_3_OF_3,NO_SUPPORTED_ANOMALY,"These are orchard-relative screening patterns and internal cross-domain corroboration. They do not establish causal diagnosis, disease identity, physiological drought, nutrient deficiency, or treatment need without independent field validation."
398,0.4401949106359061,0.2411627941575324,0.6786838266747794,0.089603672633659,0.9912860909912836,-0.0790284219810997,0.1869120904654718,1.4601388468124443,3.5753125216189803,0.0578361700901165,726.3094451140248,7,PIXELWISE_INDEX_THEN_CROWN_STATISTIC_THEN_MULTISTRIP_AGGREGATION,True,0.0184274745416704,0.0111773854671877,0.0394967309779384,0.0053141266701059,0.0653910813524131,0.0021689896287445,0.0162604635588355,0.0540419003084009,0.133352992385578,0.0057641730300298,0.1006462753429673,-0.269229907201047,0.3113547744094083,SINGLE_STRIP,MODERATE,1,8,ALL_386_COMPLETE_TREE_LEVEL_INVENTORY,True,False,False,False,False,NO_ANOMALY,NO_CONCORDANT_WATER_ANOMALY,MODERATE,True,False,False,False,False,False,False,False,False,False,True,NO_CONCORDANT_BIOCHEMICAL_DECLINE,True,2.0639736890792846,1.6659014523029327,1.9963890075683592,0.0675846815109253,54,1.0,PASS,,False,False,True,NO_LOW_STATURE_EVIDENCE,NONE,NO_CONCORDANT_ANOMALY,NO_CONCORDANT_ANOMALY,NO_LOW_STATURE_EVIDENCE,False,False,False,False,False,False,False,True,3,0,NO_SUPPORTED_MAJOR_DOMAIN_ANOMALY,COMPLETE_3_OF_3,NO_SUPPORTED_ANOMALY,"These are orchard-relative screening patterns and internal cross-domain corroboration. They do not establish causal diagnosis, disease identity, physiological drought, nutrient deficiency, or treatment need without independent field validation."
399,0.586820708266282,0.3326152128033662,1.093035363763886,0.140090745915894,1.0259070213126926,-0.0795919740264811,0.1192815008679125,1.25444291757437,3.154553359962274,0.0995246424339187,726.9855897033833,6,PIXELWISE_INDEX_THEN_CROWN_STATISTIC_THEN_MULTISTRIP_AGGREGATION,True,0.0025141421842152,0.0008464131928047,0.0092067711343012,0.0044419025436462,0.0207606207849274,0.0082393438316925,0.0026980807862694,0.0077736166846534,0.4350851556963102,0.0071064535513231,0.3439028799780317,-0.4132422384866795,0.4428042908770251,MULTI_STRIP,HIGH,2,"7,8",ALL_386_COMPLETE_TREE_LEVEL_INVENTORY,True,False,False,False,False,NO_ANOMALY,NO_CONCORDANT_WATER_ANOMALY,HIGH,True,False,False,False,False,False,False,False,False,False,True,NO_CONCORDANT_BIOCHEMICAL_DECLINE,True,2.101191592216492,0.7020933628082275,2.0711822509765625,0.0300093412399293,78,1.0,PASS,,False,False,False,NO_LOW_STATURE_EVIDENCE,NONE,NO_CONCORDANT_ANOMALY,NO_CONCORDANT_ANOMALY,NO_LOW_STATURE_EVIDENCE,False,False,False,False,False,False,False,True,3,0,NO_SUPPORTED_MAJOR_DOMAIN_ANOMALY,COMPLETE_3_OF_3,NO_SUPPORTED_ANOMALY,"These are orchard-relative screening patterns and internal cross-domain corroboration. They do not establish causal diagnosis, disease identity, physiological drought, nutrient deficiency, or treatment need without independent field validation."
400,0.3251873020363547,0.1702320829114958,0.4407912273431074,0.0756927838249888,1.0017244498224902,-0.0808082335034398,0.2609236418669418,1.7676086718602677,3.36267259931494,0.0425310581321537,725.8293112296869,6,PIXELWISE_INDEX_THEN_CROWN_STATISTIC_THEN_MULTISTRIP_AGGREGATION,True,0.0068190258409024,0.0100876152349264,0.0384138568421208,0.017428647604523,0.1111982712641742,0.0001181263908542,0.0039045006304499,0.0061269016846989,0.1501606184648551,0.0086436992098406,0.2799576622090285,-0.1945210216075526,0.2454084242516022,MULTI_STRIP,HIGH,2,"7,8",ALL_386_COMPLETE_TREE_LEVEL_INVENTORY,True,False,False,False,True,PARTIAL_DISCORDANT,SWIR_DISCORDANT_INSUFFICIENT_EVIDENCE,HIGH,True,True,True,False,True,False,True,True,True,False,True,SENESCENCE_PIGMENT_ONLY,True,1.3791187047958369,0.5339948832988739,0.2859954833984375,1.0931232213973994,13,1.0,WARN,surface cells < 20,True,True,False,CORROBORATED_LOW_STRUCTURAL_STATURE,CORROBORATED,INCONCLUSIVE,SCREENING_ANOMALY,LOW_STATURE_CORROBORATED,False,False,True,True,False,True,True,True,3,1,STRUCTURE_ONLY,COMPLETE_3_OF_3,SINGLE_DOMAIN_PRIORITY,"These are orchard-relative screening patterns and internal cross-domain corroboration. They do not establish causal diagnosis, disease identity, physiological drought, nutrient deficiency, or treatment need without independent field validation."
401,0.528436331201409,0.2957296113828491,0.9826106657524728,0.1324229089898655,1.065342660528206,-0.0864668638287789,0.1557880892619541,1.5208817957451943,3.0746741970603044,0.0943278706855748,726.1664240862171,6,PIXELWISE_INDEX_THEN_CROWN_STATISTIC_THEN_MULTISTRIP_AGGREGATION,True,0.0099690912971539,0.0026951368348683,0.0126978522612926,0.009381826969269,0.0452812373369886,0.0046630917491385,0.0022381497139133,0.0134524835526183,0.3910496617138079,0.0093889036052196,0.3445391696591855,-0.385473970562278,0.3911769796522339,MULTI_STRIP,HIGH,2,"7,8",ALL_386_COMPLETE_TREE_LEVEL_INVENTORY,True,False,False,False,False,NO_ANOMALY,NO_CONCORDANT_WATER_ANOMALY,HIGH,True,False,False,False,False,False,False,False,False,False,True,NO_CONCORDANT_BIOCHEMICAL_DECLINE,True,2.7497007131576536,1.0456331372261047,2.6002944946289057,0.1494062185287479,92,1.0,PASS,,False,False,False,NO_LOW_STATURE_EVIDENCE,NONE,NO_CONCORDANT_ANOMALY,NO_CONCORDANT_ANOMALY,NO_LOW_STATURE_EVIDENCE,False,False,False,False,False,False,False,True,3,0,NO_SUPPORTED_MAJOR_DOMAIN_ANOMALY,COMPLETE_3_OF_3,NO_SUPPORTED_ANOMALY,"These are orchard-relative screening patterns and internal cross-domain corroboration. They do not establish causal diagnosis, disease identity, physiological drought, nutrient deficiency, or treatment need without independent field validation."
402,0.607292610654133,0.3477317740133834,1.1902705687544288,0.1389348563461477,1.2018154413644315,-0.0786755014452672,0.1181123053806628,1.2477848952963004,3.970508363747949,0.0950144792859157,727.0068242890974,6,PIXELWISE_INDEX_THEN_CROWN_STATISTIC_THEN_MULTISTRIP_AGGREGATION,True,0.0123117096304258,0.0114605848599022,0.0701056949124253,0.0051418466248568,0.2287785459597869,0.0075442827073111,0.0067856489424488,0.0183076720941017,0.549882901503074,0.0079411293674598,0.2564126158740775,-0.4421129813344742,0.4690483456002701,MULTI_STRIP,HIGH,2,"7,8",ALL_386_COMPLETE_TREE_LEVEL_INVENTORY,True,False,False,False,False,NO_ANOMALY,NO_CONCORDANT_WATER_ANOMALY,HIGH,True,False,False,False,False,False,False,False,False,False,True,NO_CONCORDANT_BIOCHEMICAL_DECLINE,True,2.217658972740173,1.4114433825016022,2.24063491821289,-0.0229759454727171,58,1.0,PASS,,False,False,True,NO_LOW_STATURE_EVIDENCE,NONE,NO_CONCORDANT_ANOMALY,NO_CONCORDANT_ANOMALY,NO_LOW_STATURE_EVIDENCE,False,False,False,False,False,False,False,True,3,0,NO_SUPPORTED_MAJOR_DOMAIN_ANOMALY,COMPLETE_3_OF_3,NO_SUPPORTED_ANOMALY,"These are orchard-relative screening patterns and internal cross-domain corroboration. They do not establish causal diagnosis, disease identity, physiological drought, nutrient deficiency, or treatment need without independent field validation."
403,0.388854377537287,0.2240021058074657,0.6287408556064544,0.0741558351510361,1.0135196631787005,-0.0849162945656061,0.2156341885732375,1.5827439323146244,3.3754470155116447,0.0480295838852715,727.078027296191,6,PIXELWISE_INDEX_THEN_CROWN_STATISTIC_THEN_MULTISTRIP_AGGREGATION,True,0.0128364860806035,0.0051030256536006,0.0182292823712605,0.0083341956288487,0.0076114846704186,0.0030346903573056,0.0065442650572198,0.0347453467171291,0.1584626095417611,0.0072996843046811,0.8852251859053695,-0.224326117936147,0.2820023413302021,SINGLE_STRIP,MODERATE,1,8,ALL_386_COMPLETE_TREE_LEVEL_INVENTORY,True,False,False,False,False,NO_ANOMALY,NO_CONCORDANT_WATER_ANOMALY,MODERATE,True,False,False,False,False,False,False,False,False,False,True,NO_CONCORDANT_BIOCHEMICAL_DECLINE,True,1.9495285987854,1.3030478060245514,2.205091857910156,-0.2555632591247561,29,1.0,PASS,,False,False,False,NO_LOW_STATURE_EVIDENCE,NONE,NO_CONCORDANT_ANOMALY,NO_CONCORDANT_ANOMALY,NO_LOW_STATURE_EVIDENCE,False,False,False,False,False,False,False,True,3,0,NO_SUPPORTED_MAJOR_DOMAIN_ANOMALY,COMPLETE_3_OF_3,NO_SUPPORTED_ANOMALY,"These are orchard-relative screening patterns and internal cross-domain corroboration. They do not establish causal diagnosis, disease identity, physiological drought, nutrient deficiency, or treatment need without independent field validation."
404,0.3724726325674661,0.1864950354020925,0.5231737244685102,0.1022668549634891,1.0068743817177463,-0.0881109104227569,0.240399389630146,1.7844422706927148,3.3090965337028164,0.0610900272449068,724.8242915535399,6,PIXELWISE_INDEX_THEN_CROWN_STATISTIC_THEN_MULTISTRIP_AGGREGATION,True,0.0263371355138261,0.0120789734492971,0.0452266842102544,0.0155885173062976,0.0434343944197925,0.0009942200138703,0.0105385123841651,0.0326819770340746,0.3517644126936428,0.0128370661437906,0.1947555202294779,-0.2055121977738335,0.2400909388864076,MULTI_STRIP,HIGH,2,"7,8",ALL_386_COMPLETE_TREE_LEVEL_INVENTORY,True,False,False,False,True,PARTIAL_DISCORDANT,SWIR_DISCORDANT_INSUFFICIENT_EVIDENCE,HIGH,True,True,True,True,True,True,True,True,True,False,True,CONCORDANT_BIOCHEMICAL_DECLINE,True,1.707286292314529,1.191721394658089,1.845746612548828,-0.1384603202342988,42,1.0,PASS,,False,False,False,NO_LOW_STATURE_EVIDENCE,NONE,INCONCLUSIVE,SUPPORTED_ANOMALY,NO_LOW_STATURE_EVIDENCE,False,True,False,False,False,False,False,True,3,1,BIOCHEMICAL_ONLY,COMPLETE_3_OF_3,SINGLE_DOMAIN_PRIORITY,"These are orchard-relative screening patterns and internal cross-domain corroboration. They do not establish causal diagnosis, disease identity, physiological drought, nutrient deficiency, or treatment need without independent field validation."
405,0.3960760261917722,0.2246658008781684,0.6296482207323194,0.0696250860839057,1.0804154232615286,-0.085873464151445,0.223197137489818,1.5736214757704383,4.11341919279427,0.044344855551814,726.2505696026345,6,PIXELWISE_INDEX_THEN_CROWN_STATISTIC_THEN_MULTISTRIP_AGGREGATION,True,0.0048853791411149,0.0005163390105943,0.0110726409644383,0.0038708163904985,0.0386385993290479,0.002240658083642,0.0036093801520966,0.0627838158084519,0.1929939316185371,0.0008724082920022,0.0334693555142079,-0.2152750915324773,0.2602590278982294,SINGLE_STRIP,MODERATE,1,8,ALL_386_COMPLETE_TREE_LEVEL_INVENTORY,True,False,False,False,False,NO_ANOMALY,NO_CONCORDANT_WATER_ANOMALY,MODERATE,True,False,False,False,False,False,False,False,False,False,True,NO_CONCORDANT_BIOCHEMICAL_DECLINE,True,1.849036622047424,0.4865311533212662,1.4694465637207026,0.3795900583267215,47,1.0,PASS,,False,False,False,NO_LOW_STATURE_EVIDENCE,NONE,NO_CONCORDANT_ANOMALY,NO_CONCORDANT_ANOMALY,NO_LOW_STATURE_EVIDENCE,False,False,False,False,False,False,False,True,3,0,NO_SUPPORTED_MAJOR_DOMAIN_ANOMALY,COMPLETE_3_OF_3,NO_SUPPORTED_ANOMALY,"These are orchard-relative screening patterns and internal cross-domain corroboration. They do not establish causal diagnosis, disease identity, physiological drought, nutrient deficiency, or treatment need without independent field validation."
406,0.565628414333525,0.3230294964418825,1.022415727880642,0.1221160546380492,1.0443113464994032,-0.0791375279163299,0.1274352374299239,1.2647524417743932,3.752976016379797,0.085023761232127,727.1859732822995,6,PIXELWISE_INDEX_THEN_CROWN_STATISTIC_THEN_MULTISTRIP_AGGREGATION,True,0.0045115442698659,0.0005181346890531,0.0041187830668644,0.0086665133449814,0.0310065375585406,0.0075522760273971,0.0010195199005733,0.0047878420177473,0.3312438183940381,0.0084236259967992,0.4383231512117442,-0.3445798012798242,0.3833343778039527,MULTI_STRIP,HIGH,2,"7,8",ALL_386_COMPLETE_TREE_LEVEL_INVENTORY,True,False,False,False,False,NO_ANOMALY,NO_CONCORDANT_WATER_ANOMALY,HIGH,True,False,False,False,False,False,False,False,False,False,True,NO_CONCORDANT_BIOCHEMICAL_DECLINE,True,2.13978396654129,1.5801688358187675,1.974443817138672,0.1653401494026183,58,1.0,PASS,,False,False,True,NO_LOW_STATURE_EVIDENCE,NONE,NO_CONCORDANT_ANOMALY,NO_CONCORDANT_ANOMALY,NO_LOW_STATURE_EVIDENCE,False,False,False,False,False,False,False,True,3,0,NO_SUPPORTED_MAJOR_DOMAIN_ANOMALY,COMPLETE_3_OF_3,NO_SUPPORTED_ANOMALY,"These are orchard-relative screening patterns and internal cross-domain corroboration. They do not establish causal diagnosis, disease identity, physiological drought, nutrient deficiency, or treatment need without independent field validation."
407,0.3554331112740969,0.189254218046812,0.4926651655956282,0.0809584983558731,0.9408740870151724,-0.0817728060088196,0.2384979897299864,1.6691380599575552,3.435968680574756,0.0497803749912396,724.8834539410886,6,PIXELWISE_INDEX_THEN_CROWN_STATISTIC_THEN_MULTISTRIP_AGGREGATION,True,0.0165944644992685,0.0046526640385374,0.0156085598575786,0.0136749934863132,0.023866117014879,0.0036431403415486,0.0103555575370162,0.0409657088244719,0.3589698570689636,0.0108829996930638,0.9572435367944648,-0.1544024894257981,0.2207372746497731,MULTI_STRIP,HIGH,2,"7,8",ALL_386_COMPLETE_TREE_LEVEL_INVENTORY,True,True,False,True,True,ANOMALOUS_CONCORDANT,SUPPORTED_WATER_STATUS_ANOMALY,HIGH,True,True,True,True,True,True,False,True,False,False,True,CHLOROPHYLL_RED_EDGE_ONLY,True,1.440297555923462,0.8469142764806747,1.2532463073730469,0.187051248550415,27,1.0,PASS,,True,True,False,CORROBORATED_LOW_STRUCTURAL_STATURE,CORROBORATED,SUPPORTED_ANOMALY,SCREENING_ANOMALY,LOW_STATURE_CORROBORATED,True,False,True,True,False,True,True,True,3,2,WATER_STRUCTURE_ONLY,COMPLETE_3_OF_3,MULTI_DOMAIN_PRIORITY,"These are orchard-relative screening patterns and internal cross-domain corroboration. They do not establish causal diagnosis, disease identity, physiological drought, nutrient deficiency, or treatment need without independent field validation."
410,0.5222980984972968,0.2848076799962286,0.8816716136286461,0.1194223396080728,0.985103509754976,-0.0822298266425589,0.1513539522189931,1.39487181836845,4.166091185313634,0.0820350875673962,726.1109745135482,6,PIXELWISE_INDEX_THEN_CROWN_STATISTIC_THEN_MULTISTRIP_AGGREGATION,True,0.018568309934501,0.0151282436578983,0.0656557561067018,0.0084887785652609,0.0303800771471421,0.0097247564299036,0.008148211958294,0.0270153672743772,0.8834032086528707,0.011594973016305,0.1426612051723811,-0.3269171586156637,0.3537493163695098,SINGLE_STRIP,MODERATE,1,7,ALL_386_COMPLETE_TREE_LEVEL_INVENTORY,True,False,False,False,False,NO_ANOMALY,NO_CONCORDANT_WATER_ANOMALY,MODERATE,True,False,False,False,False,False,False,False,False,False,True,NO_CONCORDANT_BIOCHEMICAL_DECLINE,True,2.48528790473938,1.873015463352204,2.389453125,0.0958347797393801,63,1.0,PASS,,False,False,True,NO_LOW_STATURE_EVIDENCE,NONE,NO_CONCORDANT_ANOMALY,NO_CONCORDANT_ANOMALY,NO_LOW_STATURE_EVIDENCE,False,False,False,False,False,False,False,True,3,0,NO_SUPPORTED_MAJOR_DOMAIN_ANOMALY,COMPLETE_3_OF_3,NO_SUPPORTED_ANOMALY,"These are orchard-relative screening patterns and internal cross-domain corroboration. They do not establish causal diagnosis, disease identity, physiological drought, nutrient deficiency, or treatment need without independent field validation."
412,0.36941455059742,0.1931468481926406,0.5454330095825226,0.0878084085864844,0.953729237634035,-0.0945708208447692,0.2482992555840036,1.85792139659456,3.2999775329964205,0.0560495548832062,724.7578825532344,6,PIXELWISE_INDEX_THEN_CROWN_STATISTIC_THEN_MULTISTRIP_AGGREGATION,True,0.0223629531300455,0.0057462661217386,0.0201111646336422,0.021593001819694,0.0620549270768829,0.0035370085837305,0.0101800400746772,0.0522683636334381,0.2634312177174969,0.0138044379034494,0.0313377547682307,-0.1334566719391707,0.1806127217923085,MULTI_STRIP,HIGH,2,"7,8",ALL_386_COMPLETE_TREE_LEVEL_INVENTORY,True,True,True,True,True,ANOMALOUS_CONCORDANT,STRONG_INTERNAL_WATER_EVIDENCE,HIGH,True,True,False,True,False,False,True,True,True,False,True,SENESCENCE_PIGMENT_ONLY,True,2.1857216238975528,1.486668050289154,0.6261962890625,1.5595253348350528,44,1.0,PASS,,False,True,True,NO_LOW_STATURE_EVIDENCE,NONE,SUPPORTED_ANOMALY,SCREENING_ANOMALY,NO_LOW_STATURE_EVIDENCE,True,False,False,False,False,True,True,True,3,1,WATER_ONLY,COMPLETE_3_OF_3,SINGLE_DOMAIN_PRIORITY,"These are orchard-relative screening patterns and internal cross-domain corroboration. They do not establish causal diagnosis, disease identity, physiological drought, nutrient deficiency, or treatment need without independent field validation."
413,0.2049211303443741,0.0990254569785,0.2294299203458285,0.0263655904096564,0.962986565213789,-0.108324335632171,0.3624756421504228,3.981360349379557,3.745392108394641,0.0109735870049257,721.9710852568892,6,PIXELWISE_INDEX_THEN_CROWN_STATISTIC_THEN_MULTISTRIP_AGGREGATION,True,0.0036450785783566,0.0006819000224395,0.0016018516348953,0.0103763765941409,0.0658937287312864,0.0021884082803875,0.0016841824185956,1.5942476419228615,0.22041201512048,0.002930209203866,2.089603867102255,-0.0081679594021691,0.0527306344853805,SINGLE_STRIP,MODERATE,1,8,ALL_386_COMPLETE_TREE_LEVEL_INVENTORY,True,True,True,True,True,ANOMALOUS_CONCORDANT,STRONG_INTERNAL_WATER_EVIDENCE,MODERATE,True,True,True,True,True,True,True,True,True,False,True,CONCORDANT_BIOCHEMICAL_DECLINE,True,0.3656737059354781,0.0285232439637184,0.313995361328125,0.0516783446073531,10,1.0,WARN,surface cells < 20,True,True,False,CORROBORATED_LOW_STRUCTURAL_STATURE,CORROBORATED,SUPPORTED_ANOMALY,SUPPORTED_ANOMALY,LOW_STATURE_CORROBORATED,True,True,True,True,False,False,False,True,3,3,WATER_BIOCHEMICAL_STRUCTURE,COMPLETE_3_OF_3,HIGH_MULTI_DOMAIN_PRIORITY,"These are orchard-relative screening patterns and internal cross-domain corroboration. They do not establish causal diagnosis, disease identity, physiological drought, nutrient deficiency, or treatment need without independent field validation."
415,0.5536021192924141,0.3179434701716148,1.0634816341701776,0.115866978134336,1.034361740484526,-0.0790228403575636,0.1388592301324515,1.3519080350218344,3.3308202394563406,0.0823640367494094,727.5153481551109,6,PIXELWISE_INDEX_THEN_CROWN_STATISTIC_THEN_MULTISTRIP_AGGREGATION,True,0.0050109180994093,0.0048404585920458,0.0288954309812944,0.006146968841964,0.0022154643310598,0.0090365510003344,0.0017911673466438,0.0136822529272208,0.4411793419167786,0.0088413588045113,0.5176019223689233,-0.3637064703459604,0.3960664687019715,MULTI_STRIP,HIGH,2,"7,8",ALL_386_COMPLETE_TREE_LEVEL_INVENTORY,True,False,False,False,False,NO_ANOMALY,NO_CONCORDANT_WATER_ANOMALY,HIGH,True,False,False,False,False,False,False,False,False,False,True,NO_CONCORDANT_BIOCHEMICAL_DECLINE,True,2.3778714895248414,1.1621068120002749,1.9891845703125,0.3886869192123414,87,1.0,PASS,,False,False,False,NO_LOW_STATURE_EVIDENCE,NONE,NO_CONCORDANT_ANOMALY,NO_CONCORDANT_ANOMALY,NO_LOW_STATURE_EVIDENCE,False,False,False,False,False,False,False,True,3,0,NO_SUPPORTED_MAJOR_DOMAIN_ANOMALY,COMPLETE_3_OF_3,NO_SUPPORTED_ANOMALY,"These are orchard-relative screening patterns and internal cross-domain corroboration. They do not establish causal diagnosis, disease identity, physiological drought, nutrient deficiency, or treatment need without independent field validation."
416,0.5337699804538057,0.3002339059174947,0.992478555816838,0.1339642258874379,1.0452345654081738,-0.0891173734851434,0.1492846284819702,1.4550432993775024,3.322408963458662,0.0926160205924541,726.1936714292216,6,PIXELWISE_INDEX_THEN_CROWN_STATISTIC_THEN_MULTISTRIP_AGGREGATION,True,0.0111295804366361,0.0025300897306825,0.0185748633296401,0.0206494711288399,0.071244474588413,0.0026875619197455,7.570412813491177e-05,0.0137227581330096,0.2462624626817688,0.0140757461539218,0.1415359275147122,-0.394617091854307,0.3926808794625024,MULTI_STRIP,HIGH,2,"7,8",ALL_386_COMPLETE_TREE_LEVEL_INVENTORY,True,False,True,False,False,NO_ANOMALY,NO_CONCORDANT_WATER_ANOMALY,HIGH,True,False,False,False,False,False,False,False,False,False,True,NO_CONCORDANT_BIOCHEMICAL_DECLINE,True,2.390298771858215,1.2290114611387253,2.308606719970703,0.0816920518875119,83,1.0,PASS,,False,False,False,NO_LOW_STATURE_EVIDENCE,NONE,NO_CONCORDANT_ANOMALY,NO_CONCORDANT_ANOMALY,NO_LOW_STATURE_EVIDENCE,False,False,False,False,False,False,False,True,3,0,NO_SUPPORTED_MAJOR_DOMAIN_ANOMALY,COMPLETE_3_OF_3,NO_SUPPORTED_ANOMALY,"These are orchard-relative screening patterns and internal cross-domain corroboration. They do not establish causal diagnosis, disease identity, physiological drought, nutrient deficiency, or treatment need without independent field validation."
417,0.616125222664786,0.3720439925381462,1.3415564419251065,0.0995079813555023,1.0331031279701002,-0.0744990292220625,0.1147075718781926,1.2400899996812875,5.159116237191959,0.0731646673807613,728.085522879634,6,PIXELWISE_INDEX_THEN_CROWN_STATISTIC_THEN_MULTISTRIP_AGGREGATION,True,0.0141829991273761,0.011041567724592,0.0801352842429355,0.0072872903819554,0.0512349871451112,0.0108080298966924,0.0080424311505639,0.0326028303922821,1.1894914825598553,0.0096555749754096,0.3985063662604473,-0.4472399970178359,0.4911986883206733,MULTI_STRIP,HIGH,3,"6,7,8",ALL_386_COMPLETE_TREE_LEVEL_INVENTORY,True,False,False,False,False,NO_ANOMALY,NO_CONCORDANT_WATER_ANOMALY,HIGH,True,False,False,False,False,False,False,False,False,True,True,NO_CONCORDANT_BIOCHEMICAL_DECLINE,True,2.3544493198394774,0.385139524936676,2.323797607421875,0.0306517124176024,127,1.0,PASS,,False,False,False,NO_LOW_STATURE_EVIDENCE,NONE,NO_CONCORDANT_ANOMALY,NO_CONCORDANT_ANOMALY,NO_LOW_STATURE_EVIDENCE,False,False,False,False,False,False,False,True,3,0,NO_SUPPORTED_MAJOR_DOMAIN_ANOMALY,COMPLETE_3_OF_3,NO_SUPPORTED_ANOMALY,"These are orchard-relative screening patterns and internal cross-domain corroboration. They do not establish causal diagnosis, disease identity, physiological drought, nutrient deficiency, or treatment need without independent field validation."
418,0.3791356579792533,0.2083470793263746,0.5450851012818285,0.0866279844219733,0.9546565230531124,-0.0773295990895956,0.2159572725142135,1.519542361570302,3.410202043514528,0.055008626931992,725.6558667601369,6,PIXELWISE_INDEX_THEN_CROWN_STATISTIC_THEN_MULTISTRIP_AGGREGATION,True,0.0011990035682976,0.0017215578593699,0.0091035581535626,0.0149834587125812,0.0768110394758077,0.0073165810642764,8.031212156214829e-05,0.0001105668648897,0.3051261608252276,0.0093995511485035,0.0439614518998041,-0.1909783126823083,0.2598094844767997,SINGLE_STRIP,MODERATE,1,8,ALL_386_COMPLETE_TREE_LEVEL_INVENTORY,True,True,False,False,False,NO_ANOMALY,ISOLATED_DIRECT_WATER_ANOMALY,MODERATE,True,False,False,False,False,False,False,False,False,False,True,NO_CONCORDANT_BIOCHEMICAL_DECLINE,True,1.2968337476253509,0.6828723847866058,1.3589935302734375,-0.0621597826480866,10,1.0,WARN,surface cells < 20,True,True,False,CORROBORATED_LOW_STRUCTURAL_STATURE,CORROBORATED,SCREENING_ANOMALY,NO_CONCORDANT_ANOMALY,LOW_STATURE_CORROBORATED,False,False,True,True,True,False,True,True,3,1,STRUCTURE_ONLY,COMPLETE_3_OF_3,SINGLE_DOMAIN_PRIORITY,"These are orchard-relative screening patterns and internal cross-domain corroboration. They do not establish causal diagnosis, disease identity, physiological drought, nutrient deficiency, or treatment need without independent field validation."
419,0.4482899312612491,0.2496056291382166,0.7381660143770028,0.0780551666252372,1.009472084497929,-0.0810845042277747,0.2158616374726908,1.4978027032119108,5.127830841083411,0.0509730275308321,726.9494050934555,6,PIXELWISE_INDEX_THEN_CROWN_STATISTIC_THEN_MULTISTRIP_AGGREGATION,True,0.0344731867450116,0.0264415897200563,0.1156179071129936,0.013348880042179,0.0775698514870147,0.0057900584207813,0.0245759711276378,0.0495374099280549,0.8011108943478439,0.0124716308478385,0.3509428763902161,-0.2350278035014142,0.3212206998933214,SINGLE_STRIP,MODERATE,1,7,ALL_386_COMPLETE_TREE_LEVEL_INVENTORY,True,False,False,False,False,NO_ANOMALY,NO_CONCORDANT_WATER_ANOMALY,MODERATE,True,False,False,False,False,False,False,False,False,True,True,NO_CONCORDANT_BIOCHEMICAL_DECLINE,True,2.377057027816772,0.8935267776250839,2.3771514892578125,-9.446144104030552e-05,35,1.0,PASS,,False,False,False,NO_LOW_STATURE_EVIDENCE,NONE,NO_CONCORDANT_ANOMALY,NO_CONCORDANT_ANOMALY,NO_LOW_STATURE_EVIDENCE,False,False,False,False,False,False,False,True,3,0,NO_SUPPORTED_MAJOR_DOMAIN_ANOMALY,COMPLETE_3_OF_3,NO_SUPPORTED_ANOMALY,"These are orchard-relative screening patterns and internal cross-domain corroboration. They do not establish causal diagnosis, disease identity, physiological drought, nutrient deficiency, or treatment need without independent field validation."
420,0.4807848995167269,0.254433745999863,0.729410058317973,0.1261143484696213,0.9902263091505674,-0.0849786931470756,0.1669115833815521,1.3837405132162837,3.5608338284835925,0.0826854050028856,725.8544221041614,6,PIXELWISE_INDEX_THEN_CROWN_STATISTIC_THEN_MULTISTRIP_AGGREGATION,True,0.0026508344468595,0.0017917133647434,0.010282507529863,0.0057467955644254,0.0072329831872856,0.0025472395485673,4.788632162339157e-05,0.0023302800820756,0.3572921159410251,0.007366851641594,0.3242738761608166,-0.2678067565743071,0.3198512124592621,MULTI_STRIP,HIGH,2,"7,8",ALL_386_COMPLETE_TREE_LEVEL_INVENTORY,True,False,False,False,False,NO_ANOMALY,NO_CONCORDANT_WATER_ANOMALY,HIGH,True,False,False,False,False,False,False,False,False,False,True,NO_CONCORDANT_BIOCHEMICAL_DECLINE,True,2.2887245416641235,1.563257783651352,1.656800842285156,0.6319236993789674,56,1.0,PASS,,False,False,True,NO_LOW_STATURE_EVIDENCE,NONE,NO_CONCORDANT_ANOMALY,NO_CONCORDANT_ANOMALY,NO_LOW_STATURE_EVIDENCE,False,False,False,False,False,False,False,True,3,0,NO_SUPPORTED_MAJOR_DOMAIN_ANOMALY,COMPLETE_3_OF_3,NO_SUPPORTED_ANOMALY,"These are orchard-relative screening patterns and internal cross-domain corroboration. They do not establish causal diagnosis, disease identity, physiological drought, nutrient deficiency, or treatment need without independent field validation."
421,0.4653773073823126,0.2472659874835371,0.7650424428026442,0.1254510730116332,0.98441418721529,-0.0883587790079469,0.1865561389288677,1.5789606826267926,2.9437055881560115,0.0843671228589687,725.4157904083933,6,PIXELWISE_INDEX_THEN_CROWN_STATISTIC_THEN_MULTISTRIP_AGGREGATION,True,0.0072329303231351,0.0022205460413891,0.0117480047686171,0.0117784460661145,0.0021364914147813,0.0006715165650263,6.085504949983402e-05,0.0080314626974353,0.3262745892947315,0.0094619589662332,0.2745962813504284,-0.3074759000002008,0.3282339737794636,MULTI_STRIP,HIGH,2,"7,8",ALL_386_COMPLETE_TREE_LEVEL_INVENTORY,True,False,False,False,False,NO_ANOMALY,NO_CONCORDANT_WATER_ANOMALY,HIGH,True,False,False,False,False,False,False,False,False,False,True,NO_CONCORDANT_BIOCHEMICAL_DECLINE,True,2.117983675003052,1.5815976560115814,1.992339324951172,0.12564435005188,67,1.0,PASS,,False,False,True,NO_LOW_STATURE_EVIDENCE,NONE,NO_CONCORDANT_ANOMALY,NO_CONCORDANT_ANOMALY,NO_LOW_STATURE_EVIDENCE,False,False,False,False,False,False,False,True,3,0,NO_SUPPORTED_MAJOR_DOMAIN_ANOMALY,COMPLETE_3_OF_3,NO_SUPPORTED_ANOMALY,"These are orchard-relative screening patterns and internal cross-domain corroboration. They do not establish causal diagnosis, disease identity, physiological drought, nutrient deficiency, or treatment need without independent field validation."
423,0.4836733482657619,0.2653928530734842,0.7731709107038052,0.1070911624126353,1.0045112743374451,-0.0887493177859256,0.1733674807788514,1.386810687195207,4.25467976209964,0.0706702393052139,726.1042752848722,6,PIXELWISE_INDEX_THEN_CROWN_STATISTIC_THEN_MULTISTRIP_AGGREGATION,True,0.0228988310957062,0.0143657246906756,0.0716946404424447,0.0037093826269728,0.0426023179939265,0.0041946646302839,0.0113976799795292,0.0001303136902267,0.1116191111984505,0.0039111936634449,0.1756004646837254,-0.2695873071359788,0.3191571905124273,SINGLE_STRIP,MODERATE,1,7,ALL_386_COMPLETE_TREE_LEVEL_INVENTORY,True,False,False,False,False,NO_ANOMALY,NO_CONCORDANT_WATER_ANOMALY,MODERATE,True,False,False,False,False,False,False,False,False,False,True,NO_CONCORDANT_BIOCHEMICAL_DECLINE,True,1.960511255264282,1.2819525375962255,1.956046295166016,0.0044649600982664,40,1.0,PASS,,False,False,False,NO_LOW_STATURE_EVIDENCE,NONE,NO_CONCORDANT_ANOMALY,NO_CONCORDANT_ANOMALY,NO_LOW_STATURE_EVIDENCE,False,False,False,False,False,False,False,True,3,0,NO_SUPPORTED_MAJOR_DOMAIN_ANOMALY,COMPLETE_3_OF_3,NO_SUPPORTED_ANOMALY,"These are orchard-relative screening patterns and internal cross-domain corroboration. They do not establish causal diagnosis, disease identity, physiological drought, nutrient deficiency, or treatment need without independent field validation."
424,0.2846245391499342,0.1454104540430379,0.3697479050653839,0.0579901458405704,0.9333854725967854,-0.0849649061181247,0.2857246497347736,1.935489269478817,4.05742668994395,0.0275167203271654,724.8746331953175,6,PIXELWISE_INDEX_THEN_CROWN_STATISTIC_THEN_MULTISTRIP_AGGREGATION,True,0.0267735846300097,0.0225172724123188,0.0824852143790297,0.0009269266819019,0.0669973073325351,0.0019971944256316,0.0285015061550384,0.1052282675338038,0.0842733692708064,0.0020262203029445,1.019648062484464,-0.0582136678389095,0.1464614673556422,MULTI_STRIP,HIGH,2,"7,8",ALL_386_COMPLETE_TREE_LEVEL_INVENTORY,True,True,False,True,True,ANOMALOUS_CONCORDANT,SUPPORTED_WATER_STATUS_ANOMALY,HIGH,True,True,True,True,True,True,True,True,True,False,True,CONCORDANT_BIOCHEMICAL_DECLINE,True,0.5959481030702587,0.0525946095585823,0.2740020751953125,0.3219460278749462,10,1.0,WARN,surface cells < 20,True,True,False,CORROBORATED_LOW_STRUCTURAL_STATURE,CORROBORATED,SUPPORTED_ANOMALY,SUPPORTED_ANOMALY,LOW_STATURE_CORROBORATED,True,True,True,True,False,False,False,True,3,3,WATER_BIOCHEMICAL_STRUCTURE,COMPLETE_3_OF_3,HIGH_MULTI_DOMAIN_PRIORITY,"These are orchard-relative screening patterns and internal cross-domain corroboration. They do not establish causal diagnosis, disease identity, physiological drought, nutrient deficiency, or treatment need without independent field validation."
426,0.5770113102088441,0.330545192189523,1.012937347270891,0.0982712712200633,0.960280971348424,-0.0812855047824092,0.1249795763698229,1.2086597701151565,5.140751576840789,0.0715606435643495,727.7296722189051,6,PIXELWISE_INDEX_THEN_CROWN_STATISTIC_THEN_MULTISTRIP_AGGREGATION,True,0.0220780281061875,0.0130055275521569,0.0522756636577103,0.0015839367198647,0.0097931479780548,0.0020272735057605,0.0167514602498796,0.0389752562037809,0.0695845587648449,0.0025013312039375,0.4049071660252821,-0.353638483660383,0.4212957346295531,MULTI_STRIP,HIGH,2,"6,7",ALL_386_COMPLETE_TREE_LEVEL_INVENTORY,True,True,False,False,False,NO_ANOMALY,ISOLATED_DIRECT_WATER_ANOMALY,HIGH,True,False,False,False,False,False,False,False,False,True,True,NO_CONCORDANT_BIOCHEMICAL_DECLINE,True,1.4465024471282957,0.1271290481090545,0.41934814453125,1.0271543025970455,17,1.0,WARN,surface cells < 20,True,True,False,CORROBORATED_LOW_STRUCTURAL_STATURE,CORROBORATED,SCREENING_ANOMALY,NO_CONCORDANT_ANOMALY,LOW_STATURE_CORROBORATED,False,False,True,True,True,False,True,True,3,1,STRUCTURE_ONLY,COMPLETE_3_OF_3,SINGLE_DOMAIN_PRIORITY,"These are orchard-relative screening patterns and internal cross-domain corroboration. They do not establish causal diagnosis, disease identity, physiological drought, nutrient deficiency, or treatment need without independent field validation."
429,0.4246185782246268,0.2223878023432491,0.6486834345083988,0.1149532260402282,1.026355540802831,-0.0900678050013865,0.2094047305329821,1.6610983676763214,3.2895055195038703,0.0733526849971436,725.2721190375839,6,PIXELWISE_INDEX_THEN_CROWN_STATISTIC_THEN_MULTISTRIP_AGGREGATION,True,0.0165504846343564,0.0077758524088875,0.0326263703042392,0.0146985084480765,0.0554273724868051,0.0007989367746607,0.0054425785523821,0.0047072902364776,0.2816052009052321,0.0113471672353356,0.0896467409544925,-0.263992056663445,0.2863664026086517,MULTI_STRIP,HIGH,2,"7,8",ALL_386_COMPLETE_TREE_LEVEL_INVENTORY,True,False,True,False,False,NO_ANOMALY,NO_CONCORDANT_WATER_ANOMALY,HIGH,True,False,False,True,False,False,False,True,False,False,True,NO_CONCORDANT_BIOCHEMICAL_DECLINE,True,2.4449145436286925,1.658173851668835,2.1445037841796872,0.3004107594490053,48,1.0,PASS,,False,False,True,NO_LOW_STATURE_EVIDENCE,NONE,NO_CONCORDANT_ANOMALY,NO_CONCORDANT_ANOMALY,NO_LOW_STATURE_EVIDENCE,False,False,False,False,False,False,False,True,3,0,NO_SUPPORTED_MAJOR_DOMAIN_ANOMALY,COMPLETE_3_OF_3,NO_SUPPORTED_ANOMALY,"These are orchard-relative screening patterns and internal cross-domain corroboration. They do not establish causal diagnosis, disease identity, physiological drought, nutrient deficiency, or treatment need without independent field validation."
430,0.3426712555787853,0.1707328677649697,0.4572198135177731,0.0912447873674196,0.9858464628749936,-0.1060446742677657,0.2771292206007177,2.022969935129455,3.753363460627764,0.0581686345341583,723.9774502454246,6,PIXELWISE_INDEX_THEN_CROWN_STATISTIC_THEN_MULTISTRIP_AGGREGATION,True,0.0254601648789387,0.0072343435859458,0.0246461506588726,0.0267244729490757,0.02530133039543,9.24304679400246e-05,0.0115692980622511,0.0543206456583685,0.424327612509297,0.0165587857414289,0.4032437240961831,-0.1973413748110289,0.220414747074257,MULTI_STRIP,HIGH,2,"7,8",ALL_386_COMPLETE_TREE_LEVEL_INVENTORY,True,False,True,False,True,PARTIAL_DISCORDANT,SWIR_DISCORDANT_INSUFFICIENT_EVIDENCE,HIGH,True,True,True,True,True,True,True,True,True,False,True,CONCORDANT_BIOCHEMICAL_DECLINE,True,2.589296197891235,1.7461163699626925,1.979695129394531,0.6096010684967039,47,1.0,PASS,,False,False,True,NO_LOW_STATURE_EVIDENCE,NONE,INCONCLUSIVE,SUPPORTED_ANOMALY,NO_LOW_STATURE_EVIDENCE,False,True,False,False,False,False,False,True,3,1,BIOCHEMICAL_ONLY,COMPLETE_3_OF_3,SINGLE_DOMAIN_PRIORITY,"These are orchard-relative screening patterns and internal cross-domain corroboration. They do not establish causal diagnosis, disease identity, physiological drought, nutrient deficiency, or treatment need without independent field validation."
431,0.3144162311036836,0.1623471793892763,0.4332739705864895,0.06468025653052,0.9690500019249836,-0.0984957938606318,0.2914734079193576,2.0239265734318144,3.507477779827465,0.04107160922226,725.0141300130792,6,PIXELWISE_INDEX_THEN_CROWN_STATISTIC_THEN_MULTISTRIP_AGGREGATION,True,0.0056463923508328,0.0062918466339716,0.022627145898705,0.0062263311475075,0.00329273067203,0.0018744427155557,0.0061927916274721,0.0101473594502363,0.3545931903870063,0.0049951959599989,0.0217280478915995,-0.1353731856401972,0.1803255324485698,MULTI_STRIP,HIGH,2,"7,8",ALL_386_COMPLETE_TREE_LEVEL_INVENTORY,True,True,True,True,True,ANOMALOUS_CONCORDANT,STRONG_INTERNAL_WATER_EVIDENCE,HIGH,True,True,True,True,True,True,True,True,True,False,True,CONCORDANT_BIOCHEMICAL_DECLINE,True,1.7249463081359864,1.3732505142688751,1.432452392578125,0.2924939155578614,29,1.0,PASS,,False,False,False,NO_LOW_STATURE_EVIDENCE,NONE,SUPPORTED_ANOMALY,SUPPORTED_ANOMALY,NO_LOW_STATURE_EVIDENCE,True,True,False,False,False,False,False,True,3,2,WATER_BIOCHEMICAL_ONLY,COMPLETE_3_OF_3,MULTI_DOMAIN_PRIORITY,"These are orchard-relative screening patterns and internal cross-domain corroboration. They do not establish causal diagnosis, disease identity, physiological drought, nutrient deficiency, or treatment need without independent field validation."
433,0.3486863822991533,0.1823200297149032,0.5047795420900176,0.0616988963893383,1.0824191626347353,-0.0826563614132464,0.2725664454607203,1.8131290404050733,5.129322089123395,0.035628008200803,724.2678170157922,6,PIXELWISE_INDEX_THEN_CROWN_STATISTIC_THEN_MULTISTRIP_AGGREGATION,True,0.074695543890683,0.0448920079188555,0.1762939401880095,0.0266052174445941,0.0527303414307781,0.0042530580033197,0.0628056578131482,0.2591557038576219,1.079154528689715,0.0219501976622429,1.6315064689171663,-0.1965923592894725,0.2580912978292898,SINGLE_STRIP,MODERATE,1,7,ALL_386_COMPLETE_TREE_LEVEL_INVENTORY,True,False,False,False,False,NO_ANOMALY,NO_CONCORDANT_WATER_ANOMALY,MODERATE,True,True,True,True,True,True,True,True,True,True,True,STRONG_CONCORDANT_BIOCHEMICAL_DECLINE,True,2.214699649810791,1.376175232231617,1.4775444030761715,0.7371552467346192,42,1.0,PASS,,False,False,False,NO_LOW_STATURE_EVIDENCE,NONE,NO_CONCORDANT_ANOMALY,SUPPORTED_ANOMALY,NO_LOW_STATURE_EVIDENCE,False,True,False,False,False,False,False,True,3,1,BIOCHEMICAL_ONLY,COMPLETE_3_OF_3,SINGLE_DOMAIN_PRIORITY,"These are orchard-relative screening patterns and internal cross-domain corroboration. They do not establish causal diagnosis, disease identity, physiological drought, nutrient deficiency, or treatment need without independent field validation."
434,0.574340145562733,0.3623289010611135,1.2296340627758984,0.0725423354597322,1.027725788540332,-0.0647004556667761,0.1202404233083912,1.255971256737078,3.955951509110685,0.0591112180759944,728.9313492856006,6,PIXELWISE_INDEX_THEN_CROWN_STATISTIC_THEN_MULTISTRIP_AGGREGATION,True,0.0248881136043971,0.0232700365692911,0.1131738320555104,0.0016683287190416,0.0141893448774226,0.0006574498348705,0.0141885685059923,0.042603304679876,0.1878279973458994,0.0007446695609166,0.4838565772100196,-0.3427497325990037,0.4121141622847553,MULTI_STRIP,HIGH,2,"6,7",ALL_386_COMPLETE_TREE_LEVEL_INVENTORY,True,False,False,False,False,NO_ANOMALY,NO_CONCORDANT_WATER_ANOMALY,HIGH,True,False,False,False,False,False,False,False,False,False,True,NO_CONCORDANT_BIOCHEMICAL_DECLINE,True,0.860557135939598,0.1279465332627296,0.57550048828125,0.285056647658348,80,1.0,PASS,,True,True,False,CORROBORATED_LOW_STRUCTURAL_STATURE,CORROBORATED,NO_CONCORDANT_ANOMALY,NO_CONCORDANT_ANOMALY,LOW_STATURE_CORROBORATED,False,False,True,True,False,False,False,True,3,1,STRUCTURE_ONLY,COMPLETE_3_OF_3,SINGLE_DOMAIN_PRIORITY,"These are orchard-relative screening patterns and internal cross-domain corroboration. They do not establish causal diagnosis, disease identity, physiological drought, nutrient deficiency, or treatment need without independent field validation."
436,0.3886643894147097,0.2008994114179699,0.5575899247488242,0.0912124019279425,1.0092659171993346,-0.090575468368503,0.2350888098664692,1.7055517618357396,3.855275111596741,0.0578669908573903,725.0949455283859,6,PIXELWISE_INDEX_THEN_CROWN_STATISTIC_THEN_MULTISTRIP_AGGREGATION,True,0.0088093254071413,0.0040887506639008,0.0152610463746844,0.0103708173745131,0.0079711626832576,0.0040784977490235,0.0020940313965369,0.0006632702974648,0.4274168347983036,0.0092675445261629,0.1906167220919244,-0.2394729327528512,0.2771454408430762,MULTI_STRIP,HIGH,2,"7,8",ALL_386_COMPLETE_TREE_LEVEL_INVENTORY,True,False,True,False,False,NO_ANOMALY,NO_CONCORDANT_WATER_ANOMALY,HIGH,True,False,False,True,False,False,False,True,False,False,True,NO_CONCORDANT_BIOCHEMICAL_DECLINE,True,2.16941876411438,1.5950008928775787,2.0681945800781247,0.1012241840362553,47,1.0,PASS,,False,False,True,NO_LOW_STATURE_EVIDENCE,NONE,NO_CONCORDANT_ANOMALY,NO_CONCORDANT_ANOMALY,NO_LOW_STATURE_EVIDENCE,False,False,False,False,False,False,False,True,3,0,NO_SUPPORTED_MAJOR_DOMAIN_ANOMALY,COMPLETE_3_OF_3,NO_SUPPORTED_ANOMALY,"These are orchard-relative screening patterns and internal cross-domain corroboration. They do not establish causal diagnosis, disease identity, physiological drought, nutrient deficiency, or treatment need without independent field validation."
437,0.418980056773229,0.2207477236615562,0.624463161331884,0.101299748300756,1.027816494633792,-0.087427003291905,0.2065511067493868,1.586989095641188,3.921919599577982,0.0635900202716916,725.7162057489367,6,PIXELWISE_INDEX_THEN_CROWN_STATISTIC_THEN_MULTISTRIP_AGGREGATION,True,0.0280779215723374,0.0179756427005345,0.0761620947834788,0.0100809880916184,0.0519915562312058,0.0003598092105339,0.0159070235006504,0.0289467852893892,0.0762242375785067,0.0072113432208058,0.1205173661617209,-0.3019030541823315,0.3461904416979554,MULTI_STRIP,HIGH,2,"6,7",ALL_386_COMPLETE_TREE_LEVEL_INVENTORY,True,False,False,False,False,NO_ANOMALY,NO_CONCORDANT_WATER_ANOMALY,HIGH,True,False,False,False,False,False,False,False,False,False,True,NO_CONCORDANT_BIOCHEMICAL_DECLINE,True,1.654368793964386,1.1594125479459765,1.6240921020507812,0.0302766919136046,55,1.0,PASS,,False,False,False,NO_LOW_STATURE_EVIDENCE,NONE,NO_CONCORDANT_ANOMALY,NO_CONCORDANT_ANOMALY,NO_LOW_STATURE_EVIDENCE,False,False,False,False,False,False,False,True,3,0,NO_SUPPORTED_MAJOR_DOMAIN_ANOMALY,COMPLETE_3_OF_3,NO_SUPPORTED_ANOMALY,"These are orchard-relative screening patterns and internal cross-domain corroboration. They do not establish causal diagnosis, disease identity, physiological drought, nutrient deficiency, or treatment need without independent field validation."
438,0.403465803990376,0.2230411280911986,0.6468754937766885,0.086934459439504,1.0013470169357297,-0.0915094199796957,0.2300874980136633,1.7176863922974932,3.756987925974133,0.0578792780725653,725.7886339435022,6,PIXELWISE_INDEX_THEN_CROWN_STATISTIC_THEN_MULTISTRIP_AGGREGATION,True,0.0140416160214053,0.0077940137332601,0.0324525871337929,0.0089026580156969,0.0151631184203043,0.0038508093760464,0.0034603092130828,0.0143224889206321,0.4429630208291648,0.0090279633625934,0.1835802179630263,-0.2249208954835732,0.2566140940218671,MULTI_STRIP,HIGH,2,"7,8",ALL_386_COMPLETE_TREE_LEVEL_INVENTORY,True,False,True,False,False,NO_ANOMALY,NO_CONCORDANT_WATER_ANOMALY,HIGH,True,False,False,False,False,False,False,True,False,False,True,NO_CONCORDANT_BIOCHEMICAL_DECLINE,True,2.608078110218048,2.015751615166664,2.328082275390625,0.2799958348274227,54,1.0,PASS,,False,False,True,NO_LOW_STATURE_EVIDENCE,NONE,NO_CONCORDANT_ANOMALY,NO_CONCORDANT_ANOMALY,NO_LOW_STATURE_EVIDENCE,False,False,False,False,False,False,False,True,3,0,NO_SUPPORTED_MAJOR_DOMAIN_ANOMALY,COMPLETE_3_OF_3,NO_SUPPORTED_ANOMALY,"These are orchard-relative screening patterns and internal cross-domain corroboration. They do not establish causal diagnosis, disease identity, physiological drought, nutrient deficiency, or treatment need without independent field validation."
439,0.4707229836711789,0.242968380471443,0.7051370313692266,0.126656547858481,1.0121627306594785,-0.0917402675233796,0.1826560260810794,1.4535187324659788,3.3655757459304807,0.0823311784892901,724.6867026211926,6,PIXELWISE_INDEX_THEN_CROWN_STATISTIC_THEN_MULTISTRIP_AGGREGATION,True,0.0197296531735445,0.0141024010389537,0.0664142733312125,0.002237135836272,0.0671512995913082,0.0017143204987857,0.0098493397825591,0.0036334857525318,0.2253870068358132,0.0029225281844379,0.1964148311531062,-0.2959420059998503,0.3363881446849961,SINGLE_STRIP,MODERATE,1,7,ALL_386_COMPLETE_TREE_LEVEL_INVENTORY,True,False,True,False,False,NO_ANOMALY,NO_CONCORDANT_WATER_ANOMALY,MODERATE,True,False,False,True,False,False,False,False,False,False,True,NO_CONCORDANT_BIOCHEMICAL_DECLINE,True,2.2049381732940674,1.579501032829285,2.1357948303222654,0.069143342971802,61,1.0,PASS,,False,False,True,NO_LOW_STATURE_EVIDENCE,NONE,NO_CONCORDANT_ANOMALY,NO_CONCORDANT_ANOMALY,NO_LOW_STATURE_EVIDENCE,False,False,False,False,False,False,False,True,3,0,NO_SUPPORTED_MAJOR_DOMAIN_ANOMALY,COMPLETE_3_OF_3,NO_SUPPORTED_ANOMALY,"These are orchard-relative screening patterns and internal cross-domain corroboration. They do not establish causal diagnosis, disease identity, physiological drought, nutrient deficiency, or treatment need without independent field validation."
440,0.4884223205444366,0.2592183385859042,0.7852671902671791,0.1321192291234334,0.9979133460318396,-0.0847977623850759,0.1681726435380889,1.4509276315544142,3.4369860291686907,0.0858169276635869,726.1144892137492,6,PIXELWISE_INDEX_THEN_CROWN_STATISTIC_THEN_MULTISTRIP_AGGREGATION,True,0.0151799805198565,0.006723073700327,0.0314223269158282,0.0102449477509211,0.0223745465045444,0.0074066747715293,0.0029412829953867,0.0010524263036065,0.4623586862198428,0.0111400378360671,0.0486062848711981,-0.339710052186116,0.3716863159495471,MULTI_STRIP,HIGH,2,"7,8",ALL_386_COMPLETE_TREE_LEVEL_INVENTORY,True,False,False,False,False,NO_ANOMALY,NO_CONCORDANT_WATER_ANOMALY,HIGH,True,False,False,False,False,False,False,False,False,False,True,NO_CONCORDANT_BIOCHEMICAL_DECLINE,True,2.505618321895599,1.9757327809929848,2.389394378662109,0.1162239432334901,74,1.0,PASS,,False,False,True,NO_LOW_STATURE_EVIDENCE,NONE,NO_CONCORDANT_ANOMALY,NO_CONCORDANT_ANOMALY,NO_LOW_STATURE_EVIDENCE,False,False,False,False,False,False,False,True,3,0,NO_SUPPORTED_MAJOR_DOMAIN_ANOMALY,COMPLETE_3_OF_3,NO_SUPPORTED_ANOMALY,"These are orchard-relative screening patterns and internal cross-domain corroboration. They do not establish causal diagnosis, disease identity, physiological drought, nutrient deficiency, or treatment need without independent field validation."
441,0.3307531813979517,0.1749918178267144,0.507848534204183,0.059208071324351,0.9856465632861332,-0.1047872540124429,0.2939288774656609,2.104662574096684,4.045948847676248,0.039257417804455,724.9191736485714,6,PIXELWISE_INDEX_THEN_CROWN_STATISTIC_THEN_MULTISTRIP_AGGREGATION,True,0.0328544932320417,0.0167956309623469,0.0626456850347373,0.0130210951109473,0.0268387590427492,0.0005584054095732,0.0151472560011556,0.0777294110190482,0.3973894269454117,0.0117045480074292,0.3838143527722764,-0.1450365433256195,0.1678380057794846,MULTI_STRIP,HIGH,2,"7,8",ALL_386_COMPLETE_TREE_LEVEL_INVENTORY,True,False,True,True,True,ANOMALOUS_CONCORDANT,ISOLATED_DIRECT_WATER_ANOMALY,HIGH,True,True,True,True,True,True,True,True,True,False,True,CONCORDANT_BIOCHEMICAL_DECLINE,True,2.2781468749046323,1.6842020228505137,1.8529052734375,0.4252416014671325,50,1.0,PASS,,False,False,True,NO_LOW_STATURE_EVIDENCE,NONE,SCREENING_ANOMALY,SUPPORTED_ANOMALY,NO_LOW_STATURE_EVIDENCE,False,True,False,False,True,False,True,True,3,1,BIOCHEMICAL_ONLY,COMPLETE_3_OF_3,SINGLE_DOMAIN_PRIORITY,"These are orchard-relative screening patterns and internal cross-domain corroboration. They do not establish causal diagnosis, disease identity, physiological drought, nutrient deficiency, or treatment need without independent field validation."
442,0.4602566110546089,0.2513272108344868,0.7527119851339895,0.1060920110780477,0.9751621904951984,-0.0851040143284515,0.1916748900986503,1.5418481585478536,3.5973019278088705,0.0702952149020223,725.9636050680087,6,PIXELWISE_INDEX_THEN_CROWN_STATISTIC_THEN_MULTISTRIP_AGGREGATION,True,0.0021972531057514,0.0032178050715927,0.0150936696495381,0.0055594265486132,0.0586595684178906,0.0079749969808874,0.0001329773772314,0.0118431560034255,0.3935439262648872,0.0069421022772983,0.3858434970642861,-0.2549050459122674,0.2938451523357355,MULTI_STRIP,HIGH,2,"7,8",ALL_386_COMPLETE_TREE_LEVEL_INVENTORY,True,True,False,False,False,NO_ANOMALY,ISOLATED_DIRECT_WATER_ANOMALY,HIGH,True,False,False,False,False,False,False,False,False,False,True,NO_CONCORDANT_BIOCHEMICAL_DECLINE,True,2.4431354641914367,1.91738460958004,2.1261001586914063,0.3170353055000303,70,1.0,PASS,,False,False,True,NO_LOW_STATURE_EVIDENCE,NONE,SCREENING_ANOMALY,NO_CONCORDANT_ANOMALY,NO_LOW_STATURE_EVIDENCE,False,False,False,False,True,False,True,True,3,0,NO_SUPPORTED_MAJOR_DOMAIN_ANOMALY,COMPLETE_3_OF_3,SCREENING_PRIORITY,"These are orchard-relative screening patterns and internal cross-domain corroboration. They do not establish causal diagnosis, disease identity, physiological drought, nutrient deficiency, or treatment need without independent field validation."
443,0.4241999947234749,0.2265171486882661,0.6494866241538622,0.0907265767261019,1.000002888864949,-0.0883755602063017,0.2018200348277592,1.5182692476134114,4.2065217203716685,0.0575751539796636,725.9502125185306,6,PIXELWISE_INDEX_THEN_CROWN_STATISTIC_THEN_MULTISTRIP_AGGREGATION,True,0.0197595274569898,0.0143635261046724,0.0637216113595827,0.0018034542326657,0.0093561873070288,0.0003430325155048,0.0141680206880187,0.0444483757199718,0.0515257379220233,0.0019097526281579,0.3870653312615673,-0.2357067727057198,0.2871467107791763,SINGLE_STRIP,MODERATE,1,7,ALL_386_COMPLETE_TREE_LEVEL_INVENTORY,True,False,False,False,False,NO_ANOMALY,NO_CONCORDANT_WATER_ANOMALY,MODERATE,True,False,False,False,False,False,False,False,False,False,True,NO_CONCORDANT_BIOCHEMICAL_DECLINE,True,2.5850500106811523,1.4677290171384811,1.697100830078125,0.8879491806030273,39,1.0,PASS,,False,False,True,NO_LOW_STATURE_EVIDENCE,NONE,NO_CONCORDANT_ANOMALY,NO_CONCORDANT_ANOMALY,NO_LOW_STATURE_EVIDENCE,False,False,False,False,False,False,False,True,3,0,NO_SUPPORTED_MAJOR_DOMAIN_ANOMALY,COMPLETE_3_OF_3,NO_SUPPORTED_ANOMALY,"These are orchard-relative screening patterns and internal cross-domain corroboration. They do not establish causal diagnosis, disease identity, physiological drought, nutrient deficiency, or treatment need without independent field validation."
444,0.3910893273756123,0.2288646747135196,0.6122855919494181,0.0607066999521024,1.0363892873253713,-0.0700904193615984,0.2150032951055174,1.478170816746971,4.273466971874518,0.0375728192217262,727.5937872871126,5,PIXELWISE_INDEX_THEN_CROWN_STATISTIC_THEN_MULTISTRIP_AGGREGATION,True,0.0178222277260245,0.0099884257416784,0.0349426404186758,0.0041049672118569,0.0275730020161267,0.0012472750652658,0.0179884915256769,0.0533609567363549,0.3556916989423082,0.0043465355772788,0.2024346367155658,-0.1457807391741698,0.2584550870334999,MULTI_STRIP,HIGH,2,"6,7",ALL_386_COMPLETE_TREE_LEVEL_INVENTORY,True,False,False,True,False,PARTIAL_DISCORDANT,SWIR_DISCORDANT_INSUFFICIENT_EVIDENCE,HIGH,True,False,False,False,False,False,False,False,False,False,True,NO_CONCORDANT_BIOCHEMICAL_DECLINE,True,0.3736697375774383,0.045371800661087,0.363983154296875,0.0096865832805633,7,1.0,WARN,surface cells < 20,True,True,False,CORROBORATED_LOW_STRUCTURAL_STATURE,CORROBORATED,INCONCLUSIVE,NO_CONCORDANT_ANOMALY,LOW_STATURE_CORROBORATED,False,False,True,True,False,False,False,True,3,1,STRUCTURE_ONLY,COMPLETE_3_OF_3,SINGLE_DOMAIN_PRIORITY,"These are orchard-relative screening patterns and internal cross-domain corroboration. They do not establish causal diagnosis, disease identity, physiological drought, nutrient deficiency, or treatment need without independent field validation."
445,0.3729891168258624,0.198810937086956,0.5278596977106139,0.0751246194992315,0.9446545557596746,-0.087692268236042,0.2311926911937915,1.5852576630530406,5.296906685737274,0.0418779492489262,727.205389313496,5,PIXELWISE_INDEX_THEN_CROWN_STATISTIC_THEN_MULTISTRIP_AGGREGATION,True,0.0287117610712777,0.0313968270310764,0.1189201644351435,0.0004097499582488,0.0179695885011542,0.006799821812978,0.0216970897678391,0.0304683157899121,0.3908980700926543,0.0036528464207315,0.8670528851403105,-0.1886778608120177,0.2563967601619794,MULTI_STRIP,HIGH,2,"7,8",ALL_386_COMPLETE_TREE_LEVEL_INVENTORY,True,True,False,False,False,NO_ANOMALY,ISOLATED_DIRECT_WATER_ANOMALY,HIGH,True,False,True,False,False,False,False,False,False,True,True,NO_CONCORDANT_BIOCHEMICAL_DECLINE,True,0.404162448644638,0.0475242882966995,0.31298828125,0.091174167394638,7,1.0,WARN,surface cells < 20,True,True,False,CORROBORATED_LOW_STRUCTURAL_STATURE,CORROBORATED,SCREENING_ANOMALY,NO_CONCORDANT_ANOMALY,LOW_STATURE_CORROBORATED,False,False,True,True,True,False,True,True,3,1,STRUCTURE_ONLY,COMPLETE_3_OF_3,SINGLE_DOMAIN_PRIORITY,"These are orchard-relative screening patterns and internal cross-domain corroboration. They do not establish causal diagnosis, disease identity, physiological drought, nutrient deficiency, or treatment need without independent field validation."
446,0.3679488983226482,0.1916380280528409,0.5567823475561527,0.080212518188352,0.9860091629460404,-0.0850751993864294,0.2488021511865825,1.7702295854082954,4.107228996845137,0.0493044888382342,724.9461575176846,5,PIXELWISE_INDEX_THEN_CROWN_STATISTIC_THEN_MULTISTRIP_AGGREGATION,True,0.0778925265417847,0.0512887282077668,0.1990357512153376,0.0233275908317374,0.0501619450133074,0.0024528093391146,0.0488067067796597,0.2097493628094077,0.7022174450026168,0.0206498288554437,0.5559715515895085,-0.2437622223583394,0.2902715418463511,SINGLE_STRIP,MODERATE,1,7,ALL_386_COMPLETE_TREE_LEVEL_INVENTORY,True,False,False,False,False,NO_ANOMALY,NO_CONCORDANT_WATER_ANOMALY,MODERATE,True,True,False,True,False,False,True,True,True,False,True,SENESCENCE_PIGMENT_ONLY,True,2.629685997962952,1.906568631529808,1.8966506958007807,0.7330353021621709,62,1.0,PASS,,False,False,True,NO_LOW_STATURE_EVIDENCE,NONE,NO_CONCORDANT_ANOMALY,SCREENING_ANOMALY,NO_LOW_STATURE_EVIDENCE,False,False,False,False,False,True,True,True,3,0,NO_SUPPORTED_MAJOR_DOMAIN_ANOMALY,COMPLETE_3_OF_3,SCREENING_PRIORITY,"These are orchard-relative screening patterns and internal cross-domain corroboration. They do not establish causal diagnosis, disease identity, physiological drought, nutrient deficiency, or treatment need without independent field validation."
447,0.5767654827708331,0.3380095305564573,1.1011711563940552,0.1061989147634648,0.8768754351923445,-0.07832915248406,0.1130190806534569,1.2394382944108748,3.622658169402894,0.0773740470556026,727.5907018649825,5,PIXELWISE_INDEX_THEN_CROWN_STATISTIC_THEN_MULTISTRIP_AGGREGATION,True,0.0101852923629795,0.0110383382427747,0.0645428992444192,0.0019349104922104,0.1695925825913318,0.0019324027257686,0.0086221401926918,0.0176874044438735,0.3566643413175911,0.0020647888456801,0.0980293765184683,-0.4136590022970438,0.4499414483718374,MULTI_STRIP,HIGH,2,"6,7",ALL_386_COMPLETE_TREE_LEVEL_INVENTORY,True,True,False,False,False,NO_ANOMALY,ISOLATED_DIRECT_WATER_ANOMALY,HIGH,True,False,False,False,False,False,False,False,False,False,True,NO_CONCORDANT_BIOCHEMICAL_DECLINE,True,2.858585608005524,1.074052482843399,2.1433929443359374,0.7151926636695864,82,1.0,PASS,,False,False,False,NO_LOW_STATURE_EVIDENCE,NONE,SCREENING_ANOMALY,NO_CONCORDANT_ANOMALY,NO_LOW_STATURE_EVIDENCE,False,False,False,False,True,False,True,True,3,0,NO_SUPPORTED_MAJOR_DOMAIN_ANOMALY,COMPLETE_3_OF_3,SCREENING_PRIORITY,"These are orchard-relative screening patterns and internal cross-domain corroboration. They do not establish causal diagnosis, disease identity, physiological drought, nutrient deficiency, or treatment need without independent field validation."
448,0.5015814579112946,0.2680292751307072,0.8271558609823755,0.1316152566269185,1.0140111787154231,-0.0891042788377478,0.1693795567700942,1.4536981513311606,3.636302168896121,0.087030308817807,726.0100716431009,5,PIXELWISE_INDEX_THEN_CROWN_STATISTIC_THEN_MULTISTRIP_AGGREGATION,True,0.0006752190431777,0.0017736794292769,0.0059824213952884,0.0036638980821274,0.040040521199448,0.005993141578471,0.0048473410854092,0.0180100741690919,0.4539476000128959,0.006363741235701,0.0056703674395635,-0.344057919146872,0.3647396788639286,MULTI_STRIP,HIGH,2,"7,8",ALL_386_COMPLETE_TREE_LEVEL_INVENTORY,True,False,False,False,False,NO_ANOMALY,NO_CONCORDANT_WATER_ANOMALY,HIGH,True,False,False,False,False,False,False,False,False,False,True,NO_CONCORDANT_BIOCHEMICAL_DECLINE,True,2.77092273235321,1.10873681306839,2.8377456665039062,-0.066822934150696,83,1.0,PASS,,False,False,False,NO_LOW_STATURE_EVIDENCE,NONE,NO_CONCORDANT_ANOMALY,NO_CONCORDANT_ANOMALY,NO_LOW_STATURE_EVIDENCE,False,False,False,False,False,False,False,True,3,0,NO_SUPPORTED_MAJOR_DOMAIN_ANOMALY,COMPLETE_3_OF_3,NO_SUPPORTED_ANOMALY,"These are orchard-relative screening patterns and internal cross-domain corroboration. They do not establish causal diagnosis, disease identity, physiological drought, nutrient deficiency, or treatment need without independent field validation."
449,0.5500413631370321,0.334771139077784,1.0606023107857383,0.0976201153980244,0.946238899810456,-0.0681779726142757,0.1248220298331795,1.2422186009052807,2.932587687736189,0.0774372137647808,728.0778490715876,5,PIXELWISE_INDEX_THEN_CROWN_STATISTIC_THEN_MULTISTRIP_AGGREGATION,True,0.0489201844891267,0.0252256834993554,0.0939947448807442,0.0230798192908775,0.0497984640299566,0.0054338378791535,0.024264208645039,0.066247679541862,0.4701029497182354,0.0235252696854457,0.1653163793152318,-0.2515879333562234,0.3163427230191374,SINGLE_STRIP,MODERATE,1,7,ALL_386_COMPLETE_TREE_LEVEL_INVENTORY,True,True,False,False,False,NO_ANOMALY,ISOLATED_DIRECT_WATER_ANOMALY,MODERATE,True,False,False,False,False,False,False,False,False,False,True,NO_CONCORDANT_BIOCHEMICAL_DECLINE,True,1.8349856376647948,1.2070345282554626,0.3465995788574219,1.488386058807373,28,1.0,PASS,,False,True,False,NO_LOW_STATURE_EVIDENCE,NONE,SCREENING_ANOMALY,NO_CONCORDANT_ANOMALY,NO_LOW_STATURE_EVIDENCE,False,False,False,False,True,False,True,True,3,0,NO_SUPPORTED_MAJOR_DOMAIN_ANOMALY,COMPLETE_3_OF_3,SCREENING_PRIORITY,"These are orchard-relative screening patterns and internal cross-domain corroboration. They do not establish causal diagnosis, disease identity, physiological drought, nutrient deficiency, or treatment need without independent field validation."
450,0.3674271977804261,0.2093923836226728,0.6189933027128606,0.0556890872305727,1.0384059622551485,-0.0966843991167591,0.2488346297950163,1.728956241202325,4.530656187463919,0.0354086857781809,726.1753781358366,5,PIXELWISE_INDEX_THEN_CROWN_STATISTIC_THEN_MULTISTRIP_AGGREGATION,True,0.0257901811406335,0.0223613847345444,0.1058772684319302,0.0003992100868164,0.0159283663030309,0.0042804233179553,0.0264689822901826,0.0650424742515968,0.360273547004907,0.0029955842100602,0.1208750851414492,-0.1855853778138293,0.2335721421244239,MULTI_STRIP,HIGH,2,"6,7",ALL_386_COMPLETE_TREE_LEVEL_INVENTORY,True,False,True,False,True,PARTIAL_DISCORDANT,SWIR_DISCORDANT_INSUFFICIENT_EVIDENCE,HIGH,True,False,False,False,False,False,True,True,True,True,True,SENESCENCE_PIGMENT_ONLY,True,1.81976335644722,1.2090424671769142,1.4832000732421875,0.3365632832050322,50,1.0,PASS,,False,False,False,NO_LOW_STATURE_EVIDENCE,NONE,INCONCLUSIVE,SCREENING_ANOMALY,NO_LOW_STATURE_EVIDENCE,False,False,False,False,False,True,True,True,3,0,NO_SUPPORTED_MAJOR_DOMAIN_ANOMALY,COMPLETE_3_OF_3,SCREENING_PRIORITY,"These are orchard-relative screening patterns and internal cross-domain corroboration. They do not establish causal diagnosis, disease identity, physiological drought, nutrient deficiency, or treatment need without independent field validation."
451,0.3211296181798614,0.1688718564420626,0.4275965891021139,0.0762389505103805,1.137708553176481,-0.0943709985133023,0.266492400721,1.7434124958771773,3.983287687791549,0.0415853189328217,721.1222181380853,5,PIXELWISE_INDEX_THEN_CROWN_STATISTIC_THEN_MULTISTRIP_AGGREGATION,True,0.029220141937447,0.0215942355711699,0.0741964677272858,0.0068871868634521,0.1108977048727628,0.0039312488074311,0.0136688339427539,0.0417184061573029,0.2569050221079807,0.0008008949209763,4.06531327551852,-0.1262066082758496,0.1860404463929501,SINGLE_STRIP,MODERATE,1,7,ALL_386_COMPLETE_TREE_LEVEL_INVENTORY,True,False,True,True,True,ANOMALOUS_CONCORDANT,ISOLATED_DIRECT_WATER_ANOMALY,MODERATE,True,True,True,True,True,True,True,True,True,False,True,CONCORDANT_BIOCHEMICAL_DECLINE,True,2.020892238616942,1.088047832250595,1.441041564941406,0.579850673675536,29,1.0,PASS,,False,False,False,NO_LOW_STATURE_EVIDENCE,NONE,SCREENING_ANOMALY,SUPPORTED_ANOMALY,NO_LOW_STATURE_EVIDENCE,False,True,False,False,True,False,True,True,3,1,BIOCHEMICAL_ONLY,COMPLETE_3_OF_3,SINGLE_DOMAIN_PRIORITY,"These are orchard-relative screening patterns and internal cross-domain corroboration. They do not establish causal diagnosis, disease identity, physiological drought, nutrient deficiency, or treatment need without independent field validation."
452,0.4270602572079036,0.2440329517108289,0.7336588599167222,0.0812464959205814,1.0108883421894388,-0.0848326199662095,0.2084339466318636,1.5421320124178115,3.761004866507688,0.0548347709440043,726.483375538781,5,PIXELWISE_INDEX_THEN_CROWN_STATISTIC_THEN_MULTISTRIP_AGGREGATION,True,0.0158285111673166,0.0106086869336883,0.0434794790112708,0.006477076437421,0.0257695363451521,0.0027173909361169,0.007501673790811,0.0035165845649334,0.5033660286784052,0.0081630503598914,0.0689325982647233,-0.2351268081048991,0.2735914661054725,MULTI_STRIP,HIGH,2,"7,8",ALL_386_COMPLETE_TREE_LEVEL_INVENTORY,True,False,False,False,False,NO_ANOMALY,NO_CONCORDANT_WATER_ANOMALY,HIGH,True,False,False,False,False,False,False,False,False,False,True,NO_CONCORDANT_BIOCHEMICAL_DECLINE,True,2.511531472206116,1.0948119759559631,1.1274826049804687,1.384048867225647,46,1.0,PASS,,False,True,False,NO_LOW_STATURE_EVIDENCE,NONE,NO_CONCORDANT_ANOMALY,NO_CONCORDANT_ANOMALY,NO_LOW_STATURE_EVIDENCE,False,False,False,False,False,False,False,True,3,0,NO_SUPPORTED_MAJOR_DOMAIN_ANOMALY,COMPLETE_3_OF_3,NO_SUPPORTED_ANOMALY,"These are orchard-relative screening patterns and internal cross-domain corroboration. They do not establish causal diagnosis, disease identity, physiological drought, nutrient deficiency, or treatment need without independent field validation."
453,0.4785655129638532,0.2716856158366592,0.8177140294551049,0.0929969702005947,1.024264363125327,-0.0816654288570529,0.1690711047198649,1.3914932328192382,3.863670868448054,0.0635355389755378,726.9654932358279,5,PIXELWISE_INDEX_THEN_CROWN_STATISTIC_THEN_MULTISTRIP_AGGREGATION,True,0.0157899133002527,0.0125503099453297,0.0621673209203407,0.0024397683569533,0.0180993481593414,0.0016651771498778,0.0138593546098055,0.0251511637802521,0.211910833127555,0.0023677758371382,0.4086515222655862,-0.3049740230026997,0.356405497118096,MULTI_STRIP,HIGH,2,"6,7",ALL_386_COMPLETE_TREE_LEVEL_INVENTORY,True,False,False,False,False,NO_ANOMALY,NO_CONCORDANT_WATER_ANOMALY,HIGH,True,False,False,False,False,False,False,False,False,False,True,NO_CONCORDANT_BIOCHEMICAL_DECLINE,True,2.845567464828491,1.6609548926353457,2.130685424804688,0.7148820400238036,57,1.0,PASS,,False,False,True,NO_LOW_STATURE_EVIDENCE,NONE,NO_CONCORDANT_ANOMALY,NO_CONCORDANT_ANOMALY,NO_LOW_STATURE_EVIDENCE,False,False,False,False,False,False,False,True,3,0,NO_SUPPORTED_MAJOR_DOMAIN_ANOMALY,COMPLETE_3_OF_3,NO_SUPPORTED_ANOMALY,"These are orchard-relative screening patterns and internal cross-domain corroboration. They do not establish causal diagnosis, disease identity, physiological drought, nutrient deficiency, or treatment need without independent field validation."
454,0.4127793127739099,0.2270172170441219,0.636771317745543,0.0840553179680576,1.0116021054165767,-0.0847899929310163,0.2153993089044972,1.5385390963648993,3.663352110939127,0.0551185911934446,726.0147209574122,5,PIXELWISE_INDEX_THEN_CROWN_STATISTIC_THEN_MULTISTRIP_AGGREGATION,True,0.018763961787302,0.0156749497607356,0.0646551499533639,0.0024220038515397,0.0140919862551319,0.0013082484493766,0.0143431758897648,0.0336334141886838,0.1528661632786914,0.0021841638602543,0.1491573893051736,-0.2277179841319427,0.2950822282270554,MULTI_STRIP,HIGH,2,"6,7",ALL_386_COMPLETE_TREE_LEVEL_INVENTORY,True,False,False,False,False,NO_ANOMALY,NO_CONCORDANT_WATER_ANOMALY,HIGH,True,False,False,False,False,False,False,False,False,False,True,NO_CONCORDANT_BIOCHEMICAL_DECLINE,True,1.89064724445343,1.3245741873979568,1.8720901489257813,0.0185570955276486,47,1.0,PASS,,False,False,False,NO_LOW_STATURE_EVIDENCE,NONE,NO_CONCORDANT_ANOMALY,NO_CONCORDANT_ANOMALY,NO_LOW_STATURE_EVIDENCE,False,False,False,False,False,False,False,True,3,0,NO_SUPPORTED_MAJOR_DOMAIN_ANOMALY,COMPLETE_3_OF_3,NO_SUPPORTED_ANOMALY,"These are orchard-relative screening patterns and internal cross-domain corroboration. They do not establish causal diagnosis, disease identity, physiological drought, nutrient deficiency, or treatment need without independent field validation."
455,0.4478986260021024,0.256373803502923,0.8326420273502304,0.0831834922792315,1.0720144927040391,-0.0888635343670379,0.2087863089187464,1.7847299064053337,4.434415076193542,0.0584568966749897,727.8229938470649,5,PIXELWISE_INDEX_THEN_CROWN_STATISTIC_THEN_MULTISTRIP_AGGREGATION,True,0.1990075429188333,0.1314023591506808,0.5202321811566514,0.0459422495952515,0.0626201397983008,0.0136414335922621,0.1135126648928515,0.5684269583197022,0.9301889909135486,0.044057412150901,3.177273669793908,-0.1814821939094976,0.2132450929000062,SINGLE_STRIP,MODERATE,1,7,ALL_386_COMPLETE_TREE_LEVEL_INVENTORY,True,False,False,False,True,PARTIAL_DISCORDANT,SWIR_DISCORDANT_INSUFFICIENT_EVIDENCE,MODERATE,True,False,False,False,False,False,False,True,False,False,True,NO_CONCORDANT_BIOCHEMICAL_DECLINE,True,2.8203641414642333,2.115894317626953,2.7500465393066404,0.0703176021575928,63,1.0,PASS,,False,False,True,NO_LOW_STATURE_EVIDENCE,NONE,INCONCLUSIVE,NO_CONCORDANT_ANOMALY,NO_LOW_STATURE_EVIDENCE,False,False,False,False,False,False,False,True,3,0,NO_SUPPORTED_MAJOR_DOMAIN_ANOMALY,COMPLETE_3_OF_3,DATA_LIMITED_REVIEW,"These are orchard-relative screening patterns and internal cross-domain corroboration. They do not establish causal diagnosis, disease identity, physiological drought, nutrient deficiency, or treatment need without independent field validation."
456,0.2965174353596233,0.1552015418357346,0.3917026409823618,0.0458514566886438,0.9821324041675944,-0.0967267622041248,0.3054422392242686,1.933012126970601,4.51163641044874,0.0239310961490871,725.1056233938116,5,PIXELWISE_INDEX_THEN_CROWN_STATISTIC_THEN_MULTISTRIP_AGGREGATION,True,0.0092548701287857,0.0065251537866587,0.0253303153164164,0.0033675811127351,0.0511585899928666,0.0046169026791653,0.0125962501589522,0.0380490093194748,0.0678778755030897,0.0005607144282881,0.0201525877425297,-0.1250888048123919,0.209543966127912,MULTI_STRIP,HIGH,2,"6,7",ALL_386_COMPLETE_TREE_LEVEL_INVENTORY,True,False,True,True,True,ANOMALOUS_CONCORDANT,ISOLATED_DIRECT_WATER_ANOMALY,HIGH,True,True,True,True,True,True,True,True,True,False,True,CONCORDANT_BIOCHEMICAL_DECLINE,True,1.852397149801254,0.0759215578436851,1.59044189453125,0.2619552552700042,32,1.0,WARN,Upper-tail structural variability,False,False,False,NO_LOW_STATURE_EVIDENCE,NONE,SCREENING_ANOMALY,SUPPORTED_ANOMALY,NO_LOW_STATURE_EVIDENCE,False,True,False,False,True,False,True,True,3,1,BIOCHEMICAL_ONLY,COMPLETE_3_OF_3,SINGLE_DOMAIN_PRIORITY,"These are orchard-relative screening patterns and internal cross-domain corroboration. They do not establish causal diagnosis, disease identity, physiological drought, nutrient deficiency, or treatment need without independent field validation."
458,0.4795627901722647,0.264510356275963,0.7932718310821104,0.1040685144055657,1.006816933724207,-0.0825861106495024,0.1829726299857994,1.4660129325729294,4.513503406514399,0.0697168268514741,726.4513621201132,5,PIXELWISE_INDEX_THEN_CROWN_STATISTIC_THEN_MULTISTRIP_AGGREGATION,True,0.0121316126462054,0.0103553900903284,0.0405738669501484,0.0060378241661328,0.0473711461930533,0.0062247764199925,0.0071162759590934,0.0261992175254339,0.6015599621639924,0.0082607324276016,0.2472705696531205,-0.2380527260270948,0.289383865526943,MULTI_STRIP,HIGH,2,"7,8",ALL_386_COMPLETE_TREE_LEVEL_INVENTORY,True,False,False,False,False,NO_ANOMALY,NO_CONCORDANT_WATER_ANOMALY,HIGH,True,False,False,False,False,False,False,False,False,False,True,NO_CONCORDANT_BIOCHEMICAL_DECLINE,True,3.253713297843933,1.7663381099700928,2.9030464172363275,0.3506668806076054,63,1.0,PASS,,False,False,True,NO_LOW_STATURE_EVIDENCE,NONE,NO_CONCORDANT_ANOMALY,NO_CONCORDANT_ANOMALY,NO_LOW_STATURE_EVIDENCE,False,False,False,False,False,False,False,True,3,0,NO_SUPPORTED_MAJOR_DOMAIN_ANOMALY,COMPLETE_3_OF_3,NO_SUPPORTED_ANOMALY,"These are orchard-relative screening patterns and internal cross-domain corroboration. They do not establish causal diagnosis, disease identity, physiological drought, nutrient deficiency, or treatment need without independent field validation."
459,0.5375961138555734,0.3064589870239885,0.9604438497270428,0.1133381385638985,0.985295555601468,-0.072993829208781,0.1467744220558382,1.3036148015359197,4.036231226114762,0.0803886815062631,727.0888910554507,5,PIXELWISE_INDEX_THEN_CROWN_STATISTIC_THEN_MULTISTRIP_AGGREGATION,True,0.0431296829210271,0.0268615251697665,0.1314660825510218,0.0120037127453511,0.0504578104509678,0.0058490311515253,0.017729839272161,0.0400571181445571,0.2000060196568497,0.0068859679009508,0.3413178492390162,-0.3832449893305522,0.4204714533599305,MULTI_STRIP,HIGH,2,"7,8",ALL_386_COMPLETE_TREE_LEVEL_INVENTORY,True,False,False,False,False,NO_ANOMALY,NO_CONCORDANT_WATER_ANOMALY,HIGH,True,False,False,False,False,False,False,False,False,False,True,NO_CONCORDANT_BIOCHEMICAL_DECLINE,True,2.4070531249046327,1.7534513548016548,4.976196289062498,-2.569143164157865,152,1.0,PASS,,False,False,True,NO_LOW_STATURE_EVIDENCE,NONE,NO_CONCORDANT_ANOMALY,NO_CONCORDANT_ANOMALY,NO_LOW_STATURE_EVIDENCE,False,False,False,False,False,False,False,True,3,0,NO_SUPPORTED_MAJOR_DOMAIN_ANOMALY,COMPLETE_3_OF_3,NO_SUPPORTED_ANOMALY,"These are orchard-relative screening patterns and internal cross-domain corroboration. They do not establish causal diagnosis, disease identity, physiological drought, nutrient deficiency, or treatment need without independent field validation."
460,0.3657576103282649,0.1984291035072575,0.5169233426654791,0.0754608046090096,0.9936012525720004,-0.0847479453552789,0.2436148064395663,1.611212128467534,3.950086192488661,0.0449024344933199,725.9040702443496,5,PIXELWISE_INDEX_THEN_CROWN_STATISTIC_THEN_MULTISTRIP_AGGREGATION,True,0.0217413395595303,0.0114728811247938,0.0323504736822209,0.0030116950370609,0.0200246530882515,0.0008482171090318,0.0120788761221383,0.0925906556243656,0.1024813616209432,0.0036421129647334,0.028334577492842,-0.1739422180893742,0.2484796429506976,MULTI_STRIP,HIGH,2,"6,7",ALL_386_COMPLETE_TREE_LEVEL_INVENTORY,True,False,False,True,True,ANOMALOUS_CONCORDANT,ISOLATED_DIRECT_WATER_ANOMALY,HIGH,True,True,True,False,True,False,True,False,False,False,True,NO_CONCORDANT_BIOCHEMICAL_DECLINE,True,1.3101264238357542,0.0707638189196586,0.3701004028320312,0.9400260210037228,24,1.0,PASS,,True,True,False,CORROBORATED_LOW_STRUCTURAL_STATURE,CORROBORATED,SCREENING_ANOMALY,NO_CONCORDANT_ANOMALY,LOW_STATURE_CORROBORATED,False,False,True,True,True,False,True,True,3,1,STRUCTURE_ONLY,COMPLETE_3_OF_3,SINGLE_DOMAIN_PRIORITY,"These are orchard-relative screening patterns and internal cross-domain corroboration. They do not establish causal diagnosis, disease identity, physiological drought, nutrient deficiency, or treatment need without independent field validation."
462,0.3248012858588789,0.1748620068937605,0.45975315006898,0.0542735165866797,0.991218881474135,-0.0903494707543195,0.2844549255953291,1.7875072393815303,4.411138528614817,0.0289428138276055,725.319069152619,5,PIXELWISE_INDEX_THEN_CROWN_STATISTIC_THEN_MULTISTRIP_AGGREGATION,True,0.0077297019018193,0.0009587017218666,0.020054317389212,0.0030511824212736,0.0456463763278698,0.0003687275968718,0.0024454383744256,0.0829196750834455,0.1471001558451696,0.0024389437335878,0.3422230259848788,-0.0824054137172618,0.1680874735149788,SINGLE_STRIP,MODERATE,1,7,ALL_386_COMPLETE_TREE_LEVEL_INVENTORY,True,False,True,True,True,ANOMALOUS_CONCORDANT,ISOLATED_DIRECT_WATER_ANOMALY,MODERATE,True,True,True,False,True,False,True,True,True,False,True,SENESCENCE_PIGMENT_ONLY,True,0.3963147044181824,0.0424048602581024,0.399993896484375,-0.0036791920661926,23,1.0,PASS,,True,True,False,CORROBORATED_LOW_STRUCTURAL_STATURE,CORROBORATED,SCREENING_ANOMALY,SCREENING_ANOMALY,LOW_STATURE_CORROBORATED,False,False,True,True,True,True,True,True,3,1,STRUCTURE_ONLY,COMPLETE_3_OF_3,SINGLE_DOMAIN_PRIORITY,"These are orchard-relative screening patterns and internal cross-domain corroboration. They do not establish causal diagnosis, disease identity, physiological drought, nutrient deficiency, or treatment need without independent field validation."
464,0.6184444133952229,0.4156779794202768,1.9011847367965835,0.0833635997724691,1.2191763649803369,-0.0698184089085609,0.1021370478514706,1.2198633726353865,3.7943015296558342,0.0702955777416682,728.7526182798797,5,PIXELWISE_INDEX_THEN_CROWN_STATISTIC_THEN_MULTISTRIP_AGGREGATION,True,0.0155756611304466,0.0109832725623801,0.0886858961443889,0.0004031819334787,0.1214685886404382,0.0014160658274829,0.0067917682177651,0.0126344319385227,0.0779438575969011,3.304513522779449e-05,0.1832649171459682,-0.5102854748301417,0.5160599735710377,MULTI_STRIP,HIGH,2,"6,7",ALL_386_COMPLETE_TREE_LEVEL_INVENTORY,True,False,False,False,False,NO_ANOMALY,NO_CONCORDANT_WATER_ANOMALY,HIGH,True,False,False,False,False,False,False,False,False,False,True,NO_CONCORDANT_BIOCHEMICAL_DECLINE,True,3.667606317996978,3.1498690098524094,3.70279541015625,-0.0351890921592712,154,1.0,PASS,,False,False,True,NO_LOW_STATURE_EVIDENCE,NONE,NO_CONCORDANT_ANOMALY,NO_CONCORDANT_ANOMALY,NO_LOW_STATURE_EVIDENCE,False,False,False,False,False,False,False,True,3,0,NO_SUPPORTED_MAJOR_DOMAIN_ANOMALY,COMPLETE_3_OF_3,NO_SUPPORTED_ANOMALY,"These are orchard-relative screening patterns and internal cross-domain corroboration. They do not establish causal diagnosis, disease identity, physiological drought, nutrient deficiency, or treatment need without independent field validation."
466,0.7807158204527147,0.537782707291583,2.513847544294711,0.0926077044480492,1.154807362687453,-0.0450278850414436,0.0222375719084837,1.032988024551841,3.449965231345497,0.0752290035939478,730.5282819316515,5,PIXELWISE_INDEX_THEN_CROWN_STATISTIC_THEN_MULTISTRIP_AGGREGATION,True,0.0154048386402139,0.0173714576159332,0.200676953819139,0.0056705272208016,0.0129198873278467,0.0030572554296827,0.0039331524003272,0.0059087470492307,0.3333841799478534,0.0055611739231613,0.1049668591150521,-0.6811512301078388,0.6671566777372141,MULTI_STRIP,HIGH,2,"6,7",ALL_386_COMPLETE_TREE_LEVEL_INVENTORY,True,False,False,False,False,NO_ANOMALY,NO_CONCORDANT_WATER_ANOMALY,HIGH,True,False,False,False,False,False,False,False,False,False,True,NO_CONCORDANT_BIOCHEMICAL_DECLINE,True,4.46320333480835,3.329158425331116,4.287799072265625,0.1754042625427248,93,1.0,PASS,,False,False,True,NO_LOW_STATURE_EVIDENCE,NONE,NO_CONCORDANT_ANOMALY,NO_CONCORDANT_ANOMALY,NO_LOW_STATURE_EVIDENCE,False,False,False,False,False,False,False,True,3,0,NO_SUPPORTED_MAJOR_DOMAIN_ANOMALY,COMPLETE_3_OF_3,NO_SUPPORTED_ANOMALY,"These are orchard-relative screening patterns and internal cross-domain corroboration. They do not establish causal diagnosis, disease identity, physiological drought, nutrient deficiency, or treatment need without independent field validation."
