field_file_id,tree_id,wavelength_nm,ground_interpolated,uav_representative,uav_minus_ground
0000,267,398.305,0.0183695,0.0409884389337963,0.0226189389337963
0000,267,400.064,0.0183,0.0401816303590137,0.021881630359013696
0000,267,401.823,0.018382299999999997,0.0389241727542829,0.020541872754282903
0000,267,403.582,0.0185582,0.0379255618381091,0.0193673618381091
0000,267,405.34,0.018833999999999997,0.0366360658472485,0.017802065847248506
0000,267,407.099,0.0190099,0.0359692084643921,0.016959308464392097
0000,267,408.858,0.0192716,0.0350403926081634,0.0157687926081634
0000,267,410.617,0.019461700000000002,0.0337769894298528,0.014315289429852798
0000,267,412.376,0.0195376,0.0323527474655018,0.0128151474655018
0000,267,414.134,0.0198134,0.0321753350314619,0.012361935031461904
0000,267,415.893,0.02007859999999999,0.0316574338822935,0.01157883388229351
0000,267,417.652,0.0203304,0.0310404582047863,0.0107100582047863
0000,267,419.411,0.0205822,0.0308977180219463,0.010315518021946302
0000,267,421.17,0.020817000000000002,0.0303534559540654,0.009536455954065399
0000,267,422.928,0.021085599999999996,0.0305328587891919,0.009447258789191903
0000,267,424.687,0.021337400000000003,0.0306543391873122,0.009316939187312197
0000,267,426.446,0.0215446,0.0311095722364267,0.009564972236426699
0000,267,428.205,0.021740999999999996,0.0309933757181587,0.009252375718158703
0000,267,429.964,0.021996400000000003,0.0311846000205844,0.009188200020584396
0000,267,431.722,0.0222722,0.031621728373901,0.009349528373901003
0000,267,433.481,0.022448100000000002,0.0319532769039426,0.009505176903942595
0000,267,435.24,0.022624000000000002,0.0324790024479657,0.009855002447965697
0000,267,436.999,0.0227999,0.0327526796887046,0.009952779688704599
0000,267,438.758,0.023051599999999995,0.0324163042205903,0.009364704220590308
0000,267,440.516,0.0232516,0.0327767773202231,0.009525177320223097
0000,267,442.275,0.023527499999999996,0.0329579852398216,0.009430485239821606
0000,267,444.034,0.0237068,0.033807154019124,0.010100354019124
0000,267,445.793,0.024058600000000003,0.0339166275885886,0.009858027588588596
0000,267,447.552,0.024310400000000003,0.0344506836813902,0.010140283681390194
0000,267,449.311,0.024562199999999996,0.0344711207228198,0.009908920722819802
0000,267,451.069,0.024813800000000004,0.0350416865654363,0.010227886565436294
0000,267,452.828,0.025165599999999996,0.0350884937157357,0.009922893715735702
0000,267,454.587,0.025417399999999996,0.0356264042125379,0.010209004212537901
0000,267,456.346,0.0256346,0.0352037385023231,0.009569138502323098
0000,267,458.105,0.0258105,0.0358147591953109,0.0100042591953109
0000,267,459.863,0.0259863,0.0357520046302578,0.0097657046302578
0000,267,461.622,0.0261622,0.0362959206708413,0.010133720670841301
0000,267,463.381,0.026338099999999996,0.0362489611501342,0.009910861150134204
0000,267,465.14,0.026514,0.0368142074707971,0.010300207470797098
0000,267,466.899,0.0266899,0.036542527033323,0.009852627033323003
0000,267,468.657,0.0268657,0.0371433755545294,0.010277675554529402
0000,267,470.416,0.0271416,0.036897409974415,0.009755809974415
0000,267,472.175,0.0273175,0.0374163199873494,0.010098819987349399
0000,267,473.934,0.0274934,0.0376309558220584,0.0101375558220584
0000,267,475.693,0.027669299999999997,0.0381522629144501,0.010482962914450101
0000,267,477.451,0.0278451,0.0379676261094199,0.0101225261094199
0000,267,479.21,0.028041999999999994,0.0385264172422294,0.010484417242229403
0000,267,480.969,0.0282969,0.0384524579354609,0.010155557935460899
0000,267,482.728,0.0284728,0.0391208585047138,0.0106480585047138
0000,267,484.487,0.028797400000000004,0.0388791126933445,0.010081712693344496
0000,267,486.246,0.029149199999999997,0.0394202474787169,0.010271047478716901
0000,267,488.004,0.0294008,0.0392176051541087,0.0098168051541087
0000,267,489.763,0.029752599999999997,0.0397450638422064,0.009992463842206402
0000,267,491.522,0.0301044,0.0401202214073231,0.010015821407323103
0000,267,493.281,0.0305562,0.0408298588711849,0.0102736588711849
0000,267,495.04,0.031012000000000005,0.0408088217701134,0.009796821770113394
0000,267,496.798,0.0316192,0.041261344613043,0.009642144613042997
0000,267,498.557,0.032322800000000006,0.0414180897804042,0.009095289780404192
0000,267,500.316,0.03305799999999998,0.0421284015412537,0.009070401541253714
0000,267,502.075,0.033944999999999996,0.0424395507352416,0.008494550735241607
0000,267,503.834,0.034917000000000004,0.0433285344975139,0.008411534497513896
0000,267,505.592,0.03601439999999999,0.043940186462557,0.00792578646255701
0000,267,507.351,0.037315900000000006,0.0449237987272275,0.007607898727227495
0000,267,509.11,0.03889900000000001,0.045535490420085,0.0066364904200849895
0000,267,510.869,0.04048210000000002,0.0466335806627997,0.006151480662799677
0000,267,512.628,0.04245360000000005,0.0473182568378963,0.004864656837896247
0000,267,514.386,0.04456319999999996,0.0485077263257012,0.0039445263257012406
0000,267,516.145,0.04680299999999998,0.0495778820835554,0.002774882083555426
0000,267,517.904,0.0492656,0.0511143279561172,0.0018487279561172007
0000,267,519.663,0.05206080000000002,0.0525919610264296,0.000531161026429583
0000,267,521.422,0.05491740000000004,0.0543675857751291,-0.000549814224870937
0000,267,523.18,0.05775199999999993,0.0560091801555567,-0.0017428198444432302
0000,267,524.939,0.06002679999999996,0.057526091529617,-0.002500708470382959
0000,267,526.698,0.06292619999999996,0.058459944359278,-0.004466255640721957
0000,267,528.457,0.06655969999999999,0.0600238212791576,-0.006535878720842388
0000,267,530.216,0.06962400000000002,0.0611636813402313,-0.00846031865976872
0000,267,531.975,0.07216500000000003,0.0627335543634792,-0.009431445636520833
0000,267,533.733,0.07420629999999993,0.0637791378612815,-0.01042716213871843
0000,267,535.492,0.07589199999999996,0.0648433178278846,-0.011048682172115354
0000,267,537.251,0.07775099999999997,0.0656301509478435,-0.012120849052156477
0000,267,539.01,0.079507,0.0668614277106807,-0.012645572289319298
0000,267,540.769,0.0806614,0.0672644918472979,-0.0133969081527021
0000,267,542.527,0.08156350000000002,0.0682809963488559,-0.013282503651144126
0000,267,544.286,0.08218579999999999,0.0689971331531944,-0.013188666846805586
0000,267,546.045,0.08282699999999997,0.0702603606341115,-0.012566639365888477
0000,267,547.804,0.08372160000000001,0.0704940413521857,-0.013227558647814303
0000,267,549.563,0.08431259999999999,0.0715024842106047,-0.012810115789395282
0000,267,551.321,0.08466420000000001,0.0715793494620657,-0.013084850537934303
0000,267,553.08,0.0849,0.0729436907950173,-0.01195630920498271
0000,267,554.839,0.08498390000000001,0.0728155407591948,-0.012168359240805213
0000,267,556.598,0.0853794,0.0733664848458845,-0.012012915154115497
0000,267,558.357,0.08563570000000001,0.0733246525644528,-0.012311047435547215
0000,267,560.115,0.0854655,0.0738565894557861,-0.011608910544213896
0000,267,561.874,0.08485039999999999,0.0736364529287852,-0.011213947071214786
0000,267,563.633,0.08424679999999998,0.0739446911938654,-0.01030210880613458
0000,267,565.392,0.08360399999999998,0.0736259475822076,-0.009978052417792385
0000,267,567.151,0.08259430000000002,0.073569705270307,-0.009024594729693025
0000,267,568.91,0.08136300000000003,0.0731258174977274,-0.008237182502272636
0000,267,570.668,0.07989879999999999,0.0732085125498728,-0.006690287450127189
0000,267,572.427,0.07811569999999998,0.0727636363332035,-0.005352063666796483
0000,267,574.186,0.07643259999999998,0.07279909147387,-0.0036335085261299804
0000,267,575.945,0.07484949999999996,0.0719789422815788,-0.0028705577184211517
0000,267,577.704,0.07350720000000004,0.0722983631255447,-0.0012088368744553324
0000,267,579.462,0.07227660000000001,0.0716794776858559,-0.0005971223141441051
0000,267,581.221,0.0711674,0.0718771713868863,0.0007097713868862987
0000,267,582.98,0.07021,0.0712306629763147,0.0010206629763147013
0000,267,584.739,0.06933049999999998,0.0713584868283735,0.002027986828373518
0000,267,586.498,0.06855099999999997,0.07125003064971,0.002699030649710027
0000,267,588.256,0.06789760000000002,0.0713891698534604,0.0034915698534603856
0000,267,590.015,0.067297,0.0711044070686549,0.0038074070686549
0000,267,591.774,0.06686779999999999,0.0710772735313366,0.004209473531336605
0000,267,593.533,0.0664934,0.0710376236244701,0.004544223624470101
0000,267,595.292,0.06627079999999999,0.0718077749565744,0.005536974956574403
0000,267,597.05,0.06609500000000001,0.071533948337625,0.0054389483376249825
0000,267,598.809,0.0658382,0.0720302379072273,0.006192037907227305
0000,267,600.568,0.0656432,0.0717194819086732,0.006076281908673195
0000,267,602.327,0.0653019,0.0720807019954911,0.006778801995491107
0000,267,604.086,0.06487419999999999,0.072204508853894,0.007330308853894005
0000,267,605.844,0.06434679999999998,0.0726974177185766,0.00835061771857662
0000,267,607.603,0.06359850000000002,0.0721495886745101,0.008551088674510085
0000,267,609.362,0.06281900000000001,0.0723497610329269,0.009530761032926882
0000,267,611.121,0.06193950000000001,0.0718875606892492,0.009948060689249194
0000,267,612.88,0.06106,0.0720777459180881,0.011017745918088101
0000,267,614.639,0.0602444,0.0716453835610269,0.011400983561026902
0000,267,616.397,0.05944119999999998,0.0718717972423811,0.012430597242381124
0000,267,618.156,0.05873760000000002,0.0718789758441731,0.013141375844173082
0000,267,619.915,0.05812550000000001,0.0720188738978492,0.013893373897849184
0000,267,621.674,0.05766520000000001,0.0716055989879011,0.013940398987901094
0000,267,623.433,0.057356700000000004,0.0721699275262414,0.014813227526241403
0000,267,625.191,0.0571809,0.0714458629258792,0.014264962925879206
0000,267,626.95,0.0571,0.0717730404377836,0.0146730404377836
0000,267,628.709,0.057,0.0720346397429879,0.015034639742987903
0000,267,630.468,0.057,0.0724593151513257,0.015459315151325696
0000,267,632.227,0.057077300000000004,0.0726427179841006,0.015565417984100598
0000,267,633.985,0.05680299999999999,0.0731552302513854,0.016352230251385408
0000,267,635.744,0.05637679999999999,0.0729676101638629,0.016590810163862907
0000,267,637.503,0.055648499999999976,0.0734693931930023,0.017820893193002327
0000,267,639.262,0.054742800000000036,0.0728821674819411,0.01813936748194106
0000,267,641.021,0.05378740000000003,0.0729966778902267,0.019209277890226667
0000,267,642.779,0.052732600000000004,0.0727745035209114,0.020041903520911397
0000,267,644.538,0.05167719999999999,0.0726965931323148,0.02101939313231481
0000,267,646.297,0.05062179999999998,0.0718285601012962,0.021206760101296213
0000,267,648.056,0.04967759999999998,0.0721383556920403,0.02246075569204032
0000,267,649.815,0.048973999999999976,0.0717963171301004,0.022822317130100425
0000,267,651.574,0.04848520000000001,0.0719931043275859,0.023507904327585892
0000,267,653.332,0.0481668,0.071590817687674,0.023424017687674
0000,267,655.091,0.0478909,0.0719892034245633,0.024098303424563303
0000,267,656.85,0.04762999999999999,0.0714475362314075,0.023817536231407505
0000,267,658.609,0.04695639999999998,0.0712999526019458,0.024343552601945817
0000,267,660.368,0.04621599999999997,0.0714708379483491,0.02525483794834913
0000,267,662.126,0.045337000000000016,0.0720761622875529,0.02673916228755288
0000,267,663.885,0.0446345,0.0713298986416145,0.0266953986416145
0000,267,665.644,0.0441712,0.0713404641550146,0.027169264155014604
0000,267,667.403,0.0439597,0.0710194312372274,0.0270597312372274
0000,267,669.162,0.04376759999999999,0.0713701421147048,0.02760254211470481
0000,267,670.92,0.04341600000000001,0.0710266032718604,0.027610603271860393
0000,267,672.679,0.0431321,0.0714167155465732,0.028284615546573195
0000,267,674.438,0.0431,0.071024122587091,0.027924122587090996
0000,267,676.197,0.0432197,0.0716678800102905,0.028448180010290494
0000,267,677.956,0.0434912,0.0716214181369087,0.028130218136908698
0000,267,679.714,0.04384280000000001,0.0726546400643061,0.028811840064306087
0000,267,681.473,0.04448919999999998,0.0722324703002959,0.027743270300295927
0000,267,683.232,0.045362399999999976,0.0734520361057345,0.028089636105734526
0000,267,684.991,0.046692799999999986,0.0732503913999908,0.026557591399990817
0000,267,686.75,0.049025000000000006,0.0748747364977037,0.02584973649770369
0000,267,688.508,0.052265200000000074,0.0762800919366015,0.024014891936601425
0000,267,690.267,0.05624760000000015,0.0788945853592084,0.022646985359208255
0000,267,692.026,0.06170139999999982,0.0821508133006891,0.02044941330068928
0000,267,693.785,0.06887549999999987,0.085963096598293,0.017087596598293134
0000,267,695.544,0.07768319999999991,0.0890346965972212,0.011351496597221289
0000,267,697.303,0.08737859999999999,0.0934396246102247,0.006061024610224716
0000,267,699.061,0.09862090000000025,0.0969053912923533,-0.0017155087076469455
0000,267,700.82,0.11084000000000035,0.1018503046403435,-0.008989695359656852
0000,267,702.579,0.12295299999999966,0.1059866604521679,-0.016966339547831763
0000,267,704.338,0.13539979999999976,0.1107433166248074,-0.02465648337519237
0000,267,706.097,0.14735959999999987,0.1150027951186007,-0.032356804881399165
0000,267,707.855,0.15948500000000013,0.1200977991027238,-0.03938720089727632
0000,267,709.614,0.17183660000000023,0.1239683317595667,-0.047868268240433526
0000,267,711.373,0.18290070000000028,0.1296178698935725,-0.053282830106427786
0000,267,713.132,0.19349199999999966,0.1324220257703799,-0.06106997422961977
0000,267,714.891,0.2037786999999998,0.1364024748575598,-0.06737622514244002
0000,267,716.649,0.2152675,0.1384000707436913,-0.07686742925630871
0000,267,718.408,0.2285784000000001,0.1432840247067928,-0.0852943752932073
0000,267,720.167,0.23935130000000013,0.1478308940947786,-0.09152040590522154
0000,267,721.926,0.2451928000000001,0.1533501062611607,-0.09184269373883941
0000,267,723.685,0.25470999999999966,0.1576493797109472,-0.09706062028905246
0000,267,725.443,0.26440489999999994,0.1618852188779653,-0.10251968112203463
0000,267,727.202,0.27208879999999996,0.1653851848388516,-0.10670361516114837
0000,267,728.961,0.27963620000000006,0.1696677562108382,-0.10996844378916185
0000,267,730.72,0.28568800000000005,0.1733079286266784,-0.11238007137332165
0000,267,732.479,0.2900538000000001,0.1777909205807282,-0.11226287941927188
0000,267,734.238,0.2942378000000002,0.180395920330392,-0.11384187966960821
0000,267,735.996,0.2996875999999999,0.1843154273761594,-0.11537217262384047
0000,267,737.755,0.30463850000000003,0.1860816260695035,-0.11855687393049655
0000,267,739.514,0.309585,0.1886669737577596,-0.1209180262422404
0000,267,741.273,0.31372790000000006,0.1902291035066582,-0.12349879649334186
0000,267,743.032,0.3170672000000001,0.19298837703405,-0.1240788229659501
0000,267,744.79,0.32083799999999996,0.1934331568325162,-0.12740484316748377
0000,267,746.549,0.32427839999999997,0.1964310395423122,-0.12784736045768777
0000,267,748.308,0.3274852,0.1961878513297097,-0.13129734867029028
0000,267,750.067,0.3307139,0.1982550147216225,-0.13245888527837751
0000,267,751.826,0.33345640000000004,0.1990283893247074,-0.13442801067529264
0000,267,753.584,0.3357592,0.2007649305014359,-0.13499426949856408
0000,267,755.343,0.337843,0.2017999625690191,-0.1360430374309809
0000,267,757.102,0.3395671999999999,0.1992350784994661,-0.1403321215005338
0000,267,758.861,0.3505489999999999,0.1958405953657404,-0.1547084046342595
0000,267,760.62,0.359408,0.1940264697769342,-0.16538153022306581
0000,267,762.378,0.36277800000000004,0.1936570214518487,-0.16912097854815134
0000,267,764.137,0.36471919999999997,0.1978663984800314,-0.16685280151996856
0000,267,765.896,0.3629640000000001,0.2087052379434291,-0.15425876205657102
0000,267,767.655,0.35481800000000013,0.2141295892948867,-0.14068841070511343
0000,267,769.414,0.3518344,0.2154757405339264,-0.1363586594660736
0000,267,771.172,0.35178600000000004,0.2151473674390025,-0.13663863256099754
0000,267,772.931,0.3529448,0.2121959983389008,-0.1407488016610992
0000,267,774.69,0.35421400000000003,0.2117296169041988,-0.14248438309580122
0000,267,776.449,0.35554899999999995,0.2117156847866388,-0.14383331521336115
0000,267,778.208,0.35740799999999995,0.2113082580562319,-0.14609974194376804
0000,267,779.967,0.35897359999999995,0.2116671442020436,-0.14730645579795634
0000,267,781.725,0.36028,0.2124483365926576,-0.14783166340734238
0000,267,783.484,0.36223240000000007,0.2139194285270277,-0.14831297147297237
0000,267,785.243,0.363943,0.2136512060656899,-0.1502917939343101
0000,267,787.002,0.3662029999999999,0.2129854048247192,-0.1532175951752807
0000,267,788.761,0.36876539999999997,0.2147743416533316,-0.15399105834666837
0000,267,790.519,0.3709228,0.2145116628677513,-0.1564111371322487
0000,267,792.278,0.372778,0.2172516422731547,-0.1555263577268453
0000,267,794.037,0.37432220000000005,0.2149429407804293,-0.15937925921957075
0000,267,795.796,0.37545720000000005,0.2160357036812751,-0.15942149631872496
0000,267,797.555,0.3762775,0.2171411247095966,-0.1591363752904034
0000,267,799.313,0.37745039999999996,0.2175120865512346,-0.15993831344876536
0000,267,801.072,0.3785072,0.2185107246186691,-0.15999647538133088
0000,267,802.831,0.3787662,0.2199503390942972,-0.1588158609057028
0000,267,804.59,0.37943600000000005,0.2194751640525451,-0.15996083594745494
0000,267,806.349,0.38000470000000003,0.221500395389022,-0.15850430461097803
0000,267,808.107,0.38049999999999995,0.2206684950068844,-0.15983150499311555
0000,267,809.866,0.3803268,0.2223160470471732,-0.15801075295282682
0000,267,811.625,0.3805375,0.2198679410695911,-0.16066955893040888
0000,267,813.384,0.38026160000000003,0.2211882760084523,-0.15907332399154772
0000,267,815.143,0.3801715,0.2197367653849504,-0.1604347346150496
0000,267,816.902,0.38105100000000003,0.2218428316780764,-0.15920816832192364
0000,267,818.66,0.38206199999999996,0.222799663563358,-0.15926233643664195
0000,267,820.419,0.3825419,0.2230319549233101,-0.1595099450766899
0000,267,822.178,0.3825178,0.2259885518487079,-0.15652924815129213
0000,267,823.937,0.383537,0.2268207692281363,-0.15671623077186372
0000,267,825.696,0.3843696,0.2257984778312842,-0.15857112216871577
0000,267,827.454,0.3841546,0.2261355338758655,-0.15801906612413452
0000,267,829.213,0.3843852,0.2281057401957382,-0.15627945980426178
0000,267,830.972,0.3850888,0.2277583934942254,-0.15733040650577462
0000,267,832.731,0.3856193,0.2263621387514169,-0.1592571612485831
0000,267,834.49,0.38649600000000006,0.2295757821548397,-0.15692021784516036
0000,267,836.248,0.3867496,0.2319356349318158,-0.15481396506818423
0000,267,838.007,0.3873007,0.230767299073632,-0.156533400926368
0000,267,839.766,0.3877064,0.2307980832203508,-0.1569083167796492
0000,267,841.525,0.388305,0.2330714208569747,-0.15523357914302532
0000,267,843.284,0.3889704,0.2323900287182624,-0.1565803712817376
0000,267,845.042,0.3894042,0.2326760826186761,-0.1567281173813239
0000,267,846.801,0.3897403,0.230038959789592,-0.159701340210408
0000,267,848.56,0.390212,0.2342785105254556,-0.1559334894745444
0000,267,850.319,0.39085949999999997,0.2326791147124537,-0.15818038528754627
0000,267,852.078,0.3913922,0.2340321005116619,-0.15736009948833812
0000,267,853.836,0.3911328,0.2344307397620151,-0.1567020602379849
0000,267,855.595,0.391676,0.2348408313195956,-0.15683516868040442
0000,267,857.354,0.3923,0.2330336410141845,-0.15926635898581548
0000,267,859.113,0.39245650000000004,0.2344766908148476,-0.15797980918515245
0000,267,860.872,0.3931616,0.2371117784622349,-0.1560498215377651
0000,267,862.631,0.3936893,0.2367040527273062,-0.1569852472726938
0000,267,864.389,0.39403889999999997,0.2363881562212027,-0.15765074377879726
0000,267,866.148,0.3943444,0.2378109183149269,-0.15653348168507308
0000,267,867.907,0.39496280000000006,0.2367823910631319,-0.15818040893686816
0000,267,869.666,0.39526680000000003,0.2386533779408143,-0.15661342205918574
0000,267,871.425,0.3953425,0.241607170663239,-0.15373532933676098
0000,267,873.183,0.39565490000000003,0.2405733680807254,-0.15508153191927462
0000,267,874.942,0.3959942,0.2409391475801206,-0.1550550524198794
0000,267,876.701,0.39654019999999995,0.2394240163396196,-0.15711618366038035
0000,267,878.46,0.39649999999999996,0.2397551844228413,-0.15674481557715866
0000,267,880.219,0.3966438,0.2386921328481269,-0.1579516671518731
0000,267,881.977,0.3969954,0.2417916172001641,-0.1552037827998359
0000,267,883.736,0.3974472,0.2413104196316396,-0.1561367803683604
0000,267,885.495,0.3975505,0.2400627911540904,-0.15748770884590957
0000,267,887.254,0.3977762,0.2376800331260098,-0.16009616687399023
0000,267,889.013,0.3981013,0.2443436588180809,-0.1537576411819191
0000,267,890.771,0.3981229,0.2432981888199309,-0.1548247111800691
0000,267,892.53,0.3979,0.2426119823561727,-0.15528801764382727
0000,267,894.289,0.39748439999999996,0.2420925892333272,-0.15539181076667277
0000,267,896.048,0.3969952,0.2382098795882774,-0.15878532041172258
0000,267,897.807,0.39657719999999996,0.2380624324120495,-0.15851476758795047
0000,267,899.566,0.3963698,0.2435199443502199,-0.1528498556497801
0000,267,901.324,0.39662959999999997,0.2429353945845292,-0.15369420541547077
0000,267,903.083,0.3977581,0.2430196059580049,-0.1547384940419951
0000,267,904.842,0.3984842,0.2459093851000744,-0.1525748148999256
0000,267,906.601,0.3973793,0.2417985528952063,-0.1555807471047937
0000,267,908.36,0.3967,0.2415181613294513,-0.1551818386705487
0000,267,910.118,0.39717080000000005,0.2390951683973072,-0.15807563160269283
0000,267,911.877,0.39743690000000004,0.2401458870927836,-0.15729101290721645
0000,267,913.636,0.3971,0.2452373942854203,-0.1518626057145797
0000,267,915.395,0.3971605,0.2423939197265904,-0.15476658027340962
0000,267,917.154,0.3971384,0.2463479459405254,-0.1507904540594746
0000,267,918.912,0.3975296,0.2472357276323786,-0.15029387236762137
0000,267,920.671,0.3987355000000001,0.245063728534672,-0.15367177146532807
0000,267,922.43,0.39859900000000004,0.2465332684957588,-0.15206573150424124
0000,267,924.189,0.39784329999999996,0.2486765572527187,-0.14916674274728126
0000,267,925.948,0.3975052,0.2440648833669206,-0.15344031663307942
0000,267,927.706,0.3963646,0.2406436381507459,-0.1557209618492541
0000,267,929.465,0.39431649999999996,0.2383063321353474,-0.15601016786465255
0000,267,931.224,0.3912967999999999,0.2311168134638364,-0.1601799865361635
0000,267,932.983,0.38754080000000013,0.2285091821574398,-0.15903161784256034
0000,267,934.742,0.38522900000000004,0.2310786081833586,-0.15415039181664145
0000,267,936.5,0.3856,0.2296396501997723,-0.1559603498002277
0000,267,938.259,0.38654750000000004,0.2483685030336454,-0.13817899696635463
0000,267,940.018,0.3883874,0.2524499930185448,-0.13593740698145518
0000,267,941.777,0.3873892,0.2598835661750589,-0.12750563382494107
0000,267,943.536,0.3864568000000001,0.2494626054389569,-0.1369941945610432
0000,267,945.295,0.3849330000000001,0.2554220823429868,-0.12951091765701328
0000,267,947.053,0.38273710000000005,0.2459082894296621,-0.13682881057033794
0000,267,948.812,0.3844556,0.2440395154177982,-0.1404160845822018
0000,267,950.571,0.38510029999999995,0.2448337626853091,-0.14026653731469085
0000,267,952.33,0.38194199999999995,0.2539408418397214,-0.12800115816027857
0000,267,954.089,0.3788753999999999,0.2488116139206165,-0.13006378607938343
0000,267,955.847,0.37768470000000004,0.2541834738863848,-0.12350122611361525
0000,267,957.606,0.3778788,0.2450275188343387,-0.1328512811656613
0000,267,959.365,0.37662549999999995,0.2537971203783858,-0.12282837962161414
0000,267,961.124,0.3753736000000001,0.2497412651334165,-0.1256323348665836
0000,267,962.883,0.3777479000000001,0.2561448555016066,-0.12160304449839349
0000,267,964.641,0.3783231,0.2511662766184849,-0.12715682338151513
0000,267,966.4,0.37778,0.2512024279595313,-0.1265775720404687
0000,267,968.159,0.3788318,0.2534990206978033,-0.12533277930219672
0000,267,969.918,0.3780819999999999,0.2511361822858237,-0.12694581771417623
0000,267,971.677,0.3785,0.2486966661666982,-0.1298033338333018
0000,267,973.435,0.3784825,0.2414073035613766,-0.1370751964386234
0000,267,975.194,0.37759699999999996,0.2320406457520175,-0.14555635424798247
0000,267,976.953,0.3787624,0.2432057881013702,-0.1355566118986298
0000,267,978.712,0.3786864,0.238334035982304,-0.140352364017696
0000,267,980.471,0.3794478,0.2486711850341857,-0.1307766149658143
0000,267,982.23,0.37947899999999996,0.2448875780347275,-0.13459142196527246
0000,267,983.988,0.37660959999999993,0.2467975381591342,-0.12981206184086574
0000,267,985.747,0.3757506,0.2447338493303889,-0.1310167506696111
0000,267,987.506,0.3764928,0.2504141127588308,-0.12607868724116922
0000,267,989.265,0.3788214999999999,0.2481981926092736,-0.13062330739072633
0000,267,991.024,0.3831528,0.2533503169477429,-0.1298024830522571
0000,267,992.782,0.38678580000000007,0.2482049607497229,-0.13858083925027717
0000,267,994.541,0.38879510000000006,0.2480805645644661,-0.14071453543553397
0000,267,996.3,0.39063,0.2474442203984659,-0.14318577960153409
0000,267,998.059,0.3924649,0.2491039626545322,-0.14336093734546781
0000,267,999.818,0.394318,0.2480666485256615,-0.14625135147433851
0000,267,1001.58,0.39580600000000005,0.2470614700099145,-0.14874452999008556
0001,233,398.305,0.0225,0.0435425583432958,0.021042558343295797
0001,233,400.064,0.022506400000000003,0.0420223888158667,0.0195159888158667
0001,233,401.823,0.0226823,0.041860237848453,0.019177937848452998
0001,233,403.582,0.0228582,0.0411365637820777,0.018278363782077704
0001,233,405.34,0.023033999999999995,0.0401049784395013,0.017070978439501307
0001,233,407.099,0.0233099,0.0386937984511708,0.015383898451170795
0001,233,408.858,0.0235716,0.0369749734221639,0.0134033734221639
0001,233,410.617,0.0237617,0.0363896765556265,0.012627976555626499
0001,233,412.376,0.023975199999999995,0.03489785665571,0.010922656655710003
0001,233,414.134,0.0242134,0.0345850882213956,0.010371688221395604
0001,233,415.893,0.024478599999999996,0.0337393591673488,0.009260759167348802
0001,233,417.652,0.024730399999999996,0.0335943110493252,0.008863911049325202
0001,233,419.411,0.0249822,0.0333047941151336,0.008322594115133603
0001,233,421.17,0.025234000000000003,0.0333919985737984,0.008157998573798394
0001,233,422.928,0.0255856,0.0336862789702772,0.008100678970277199
0001,233,424.687,0.0258687,0.0335951869600893,0.007726486960089297
0001,233,426.446,0.0261446,0.0337766779804969,0.0076320779804968965
0001,233,428.205,0.026440999999999996,0.0338805037437819,0.007439503743781908
0001,233,429.964,0.026792800000000002,0.0342566861182491,0.0074638861182490975
0001,233,431.722,0.0271444,0.0346970877595265,0.0075526877595265
0001,233,433.481,0.0273962,0.035289063259771,0.007892863259771
0001,233,435.24,0.027648000000000002,0.0359585877700611,0.008310587770061096
0001,233,436.999,0.027999800000000002,0.0362182364063339,0.008218436406333896
0001,233,438.758,0.028351599999999994,0.0357626335617083,0.007411033561708306
0001,233,440.516,0.028603200000000006,0.0363930575646602,0.007789857564660194
0001,233,442.275,0.0289275,0.0366343028565079,0.0077068028565079015
0001,233,444.034,0.029206799999999998,0.0375054383011976,0.008298638301197599
0001,233,445.793,0.0295586,0.0373548161798334,0.007796216179833396
0001,233,447.552,0.029910400000000004,0.0378826355748384,0.007972235574838393
0001,233,449.311,0.030231099999999997,0.0381709807712341,0.0079398807712341
0001,233,451.069,0.030513800000000004,0.0387733703613401,0.008259570361340094
0001,233,452.828,0.030865599999999993,0.0388011778261143,0.007935577826114308
0001,233,454.587,0.0311587,0.0393507038082475,0.008192003808247496
0001,233,456.346,0.0314692,0.0390572897493168,0.007588089749316795
0001,233,458.105,0.031810500000000005,0.0397589301077087,0.007948430107708696
0001,233,459.863,0.0320726,0.0399852796540155,0.0079126796540155
0001,233,461.622,0.0323244,0.0405535482627352,0.0082291482627352
0001,233,463.381,0.03257619999999999,0.0406752164992518,0.008099016499251807
0001,233,465.14,0.032914,0.0411106979245142,0.008196697924514204
0001,233,466.899,0.0331798,0.0408530954317444,0.007673295431744401
0001,233,468.657,0.0334657,0.0414965611005779,0.0080308611005779
0001,233,470.416,0.0337416,0.041427714921758,0.007686114921758004
0001,233,472.175,0.034017500000000006,0.0420260682228189,0.008008568222818896
0001,233,473.934,0.034286800000000006,0.0421658401069601,0.00787904010696009
0001,233,475.693,0.034538599999999996,0.0426068285456108,0.008068228545610803
0001,233,477.451,0.034845100000000004,0.0427094757438813,0.007864375743881297
0001,233,479.21,0.03514199999999999,0.0431929832162777,0.008050983216277709
0001,233,480.969,0.0353969,0.0431867933931249,0.0077898933931249
0001,233,482.728,0.0356728,0.0437253525617777,0.008052552561777705
0001,233,484.487,0.035997400000000006,0.0435107556073388,0.007513355607338797
0001,233,486.246,0.0363492,0.0440673032366116,0.007718103236611602
0001,233,488.004,0.0367008,0.0440600912380573,0.0073592912380573
0001,233,489.763,0.0370526,0.04488064698169,0.007828046981690005
0001,233,491.522,0.0374044,0.045354762971354,0.007950362971354
0001,233,493.281,0.037756200000000004,0.0459858460727513,0.008229646072751298
0001,233,495.04,0.03811200000000001,0.0457848783100946,0.00767287831009459
0001,233,496.798,0.0385596,0.0463358862224235,0.0077762862224235035
0001,233,498.557,0.03901140000000001,0.0466362752477286,0.007624875247728591
0001,233,500.316,0.03946319999999999,0.0474006948400029,0.00793749484000291
0001,233,502.075,0.040014999999999995,0.0479083690301188,0.007893369030118808
0001,233,503.834,0.0404502,0.0486504975960499,0.0082002975960499
0001,233,505.592,0.040977599999999996,0.0492939424558755,0.008316342455875501
0001,233,507.351,0.0414053,0.0503100154808494,0.008904715480849403
0001,233,509.11,0.04194400000000001,0.0510195191851391,0.009075519185139089
0001,233,510.869,0.04256070000000001,0.0521024921379642,0.009541792137964196
0001,233,512.628,0.04318840000000001,0.053147002835452,0.00995860283545199
0001,233,514.386,0.04385439999999999,0.0545306289276119,0.010676228927611914
0001,233,516.145,0.044458,0.0556295448901536,0.011171544890153602
0001,233,517.904,0.045161599999999996,0.0573990874011631,0.012237487401163101
0001,233,519.663,0.0458652,0.0590119160513777,0.013146716051377696
0001,233,521.422,0.04656880000000001,0.0611706602543542,0.014601860254354192
0001,233,523.18,0.047353999999999986,0.0630168865436837,0.015662886543683717
0001,233,524.939,0.047975599999999986,0.0646093712264492,0.01663377122644922
0001,233,526.698,0.048579199999999996,0.0656869483457736,0.017107748345773603
0001,233,528.457,0.0493285,0.0675634370106292,0.0182349370106292
0001,233,530.216,0.0501864,0.0688132002344679,0.018626800234467895
0001,233,531.975,0.050792500000000004,0.0706837292144405,0.01989122921444049
0001,233,533.733,0.051393199999999986,0.0717266097900837,0.020333409790083717
0001,233,535.492,0.05199679999999998,0.0730813506365565,0.021084550636556523
0001,233,537.251,0.05270039999999999,0.0740914312678391,0.02139103126783911
0001,233,539.01,0.05340299999999999,0.0751761372232778,0.02177313722327781
0001,233,540.769,0.053930700000000005,0.0758639808124425,0.021933280812442495
0001,233,542.527,0.05435810000000001,0.0771049976112341,0.022746897611234086
0001,233,544.286,0.054885799999999985,0.0777323811004755,0.02284658110047552
0001,233,546.045,0.055413499999999984,0.0790774181100449,0.023663918110044917
0001,233,547.804,0.05602159999999999,0.079633100070468,0.023611500070468014
0001,233,549.563,0.056725199999999996,0.080669507447248,0.023944307447248007
0001,233,551.321,0.05729630000000001,0.0809283472621029,0.023632047262102898
0001,233,553.08,0.057724000000000004,0.0822595886568027,0.0245355886568027
0001,233,554.839,0.05825170000000002,0.0824899756270468,0.02423827562704678
0001,233,556.598,0.058619599999999994,0.0829089053419627,0.024289305341962705
0001,233,558.357,0.059107099999999996,0.0829188691942241,0.023811769194224106
0001,233,560.115,0.059534500000000004,0.0834437204303625,0.02390922043036249
0001,233,561.874,0.0599748,0.0833777070482312,0.023402907048231204
0001,233,563.633,0.060226600000000005,0.0834430223471957,0.02321642234719569
0001,233,565.392,0.06057840000000001,0.0831511987523899,0.022572798752389885
0001,233,567.151,0.06091509999999999,0.0830119598939326,0.022096859893932612
0001,233,568.91,0.061182,0.0824020739458739,0.0212200739458739
0001,233,570.668,0.0613668,0.0825442048886679,0.0211774048886679
0001,233,572.427,0.0616427,0.082142524773707,0.020499824773706994
0001,233,574.186,0.0618372,0.082149384252586,0.020312184252585998
0001,233,575.945,0.062094500000000004,0.0812868639149293,0.019192363914929296
0001,233,577.704,0.0623704,0.0814862158500896,0.019115815850089597
0001,233,579.462,0.0626462,0.0811417732119109,0.018495573211910907
0001,233,581.221,0.06294419999999999,0.0808941656132796,0.017949965613279606
0001,233,582.98,0.063198,0.0803096363804314,0.017111636380431394
0001,233,584.739,0.06354780000000002,0.0809040292733564,0.01735622927335638
0001,233,586.498,0.0638498,0.0805880094581554,0.016738209458155406
0001,233,588.256,0.06415119999999999,0.0805148507997745,0.016363650799774504
0001,233,590.015,0.064503,0.0803063998489964,0.015803399848996397
0001,233,591.774,0.0648548,0.0804320980515886,0.015577298051588598
0001,233,593.533,0.0652066,0.0805088295585746,0.01530222955857459
0001,233,595.292,0.06555840000000002,0.08137098244491,0.01581258244490999
0001,233,597.05,0.06591,0.0811558292432031,0.015245829243203099
0001,233,598.809,0.0662618,0.0813293742760187,0.015067574276018708
0001,233,600.568,0.0666136,0.0813925459807638,0.014778945980763805
0001,233,602.327,0.0669654,0.0817775292645461,0.0148121292645461
0001,233,604.086,0.06731720000000001,0.0819491837269517,0.014631983726951694
0001,233,605.844,0.0675844,0.0820128015460466,0.01442840154604659
0001,233,607.603,0.0679206,0.0818228478948467,0.013902247894846703
0001,233,609.362,0.0681362,0.0820218880558927,0.0138856880558927
0001,233,611.121,0.0684121,0.0817023008120786,0.0132902008120786
0001,233,612.88,0.068676,0.0819487183983061,0.0132727183983061
0001,233,614.639,0.0688639,0.0814088005666583,0.012544900566658287
0001,233,616.397,0.0691397,0.0814198602555504,0.012280160255550399
0001,233,618.156,0.0694156,0.0817390388061063,0.012323438806106313
0001,233,619.915,0.069683,0.0816759197581526,0.011992919758152601
0001,233,621.674,0.0698674,0.0816840084779214,0.011816608477921403
0001,233,623.433,0.0701866,0.0819853328544053,0.011798732854405303
0001,233,625.191,0.0705382,0.0816692553586186,0.011131055358618608
0001,233,626.95,0.07089000000000001,0.0821782300404738,0.011288230040473787
0001,233,628.709,0.07121269999999999,0.0823027943114426,0.011090094311442616
0001,233,630.468,0.07149359999999999,0.0827007335403192,0.011207133540319214
0001,233,632.227,0.07194539999999999,0.0827827391532538,0.010837339153253814
0001,233,633.985,0.072297,0.0836108954660614,0.011313895466061402
0001,233,635.744,0.0726488,0.0833097798113867,0.010660979811386695
0001,233,637.503,0.07295030000000001,0.0839840152912093,0.011033715291209292
0001,233,639.262,0.07322619999999999,0.0835355633409635,0.01030936334096351
0001,233,641.021,0.07340209999999998,0.0834520141047255,0.010049914104725513
0001,233,642.779,0.0736558,0.0833397355914592,0.009683935591459206
0001,233,644.538,0.07375380000000001,0.0833267683870827,0.009572968387082686
0001,233,646.297,0.07405940000000001,0.0825086079070579,0.008449207907057887
0001,233,648.056,0.07420560000000001,0.0829232125996684,0.008717612599668384
0001,233,649.815,0.07429999999999999,0.0822379666599695,0.007937966659969514
0001,233,651.574,0.0747722,0.0826100955894246,0.007837895589424604
0001,233,653.332,0.0751664,0.0822093156440861,0.007042915644086101
0001,233,655.091,0.07521819999999999,0.08272857923208,0.0075103792320800195
0001,233,656.85,0.07557,0.0822917923883624,0.006721792388362402
0001,233,658.609,0.0760218,0.0821629648069353,0.006141164806935301
0001,233,660.368,0.0764736,0.0823502339950376,0.0058766339950376
0001,233,662.126,0.07688740000000001,0.0827721911323607,0.005884791132360692
0001,233,663.885,0.0768,0.0823372060153698,0.0055372060153698055
0001,233,665.644,0.07702880000000001,0.0821899434042837,0.005161143404283697
0001,233,667.403,0.0771403,0.0817569645897451,0.004616664589745106
0001,233,669.162,0.07746480000000001,0.0822279695007427,0.004763169500742681
0001,233,670.92,0.07807599999999999,0.0821979422309175,0.004121942230917511
0001,233,672.679,0.0785037,0.082256326805613,0.003752626805613002
0001,233,674.438,0.0788314,0.0823236294902459,0.003492229490245899
0001,233,676.197,0.07923939999999999,0.0830283852624182,0.003788985262418207
0001,233,677.956,0.0796868,0.082713412229259,0.0030266122292589986
0001,233,679.714,0.08011420000000001,0.0839309851109691,0.0038167851109690842
0001,233,681.473,0.08054189999999999,0.083498089681197,0.0029561896811970134
0001,233,683.232,0.08106959999999999,0.0846892363205173,0.0036196363205173027
0001,233,684.991,0.08169639999999999,0.0847075562443408,0.0030111562443408124
0001,233,686.75,0.082375,0.0862548706320608,0.0038798706320608
0001,233,688.508,0.08350480000000003,0.088337310248747,0.004832510248746966
0001,233,690.267,0.08458690000000003,0.0910765873058715,0.006489687305871461
0001,233,692.026,0.08581819999999997,0.0943960452636596,0.008577845263659636
0001,233,693.785,0.08720649999999998,0.0989099850528624,0.011703485052862422
0001,233,695.544,0.08894399999999998,0.1022828612273302,0.013338861227330218
0001,233,697.303,0.09070299999999999,0.1073714340410996,0.016668434041099606
0001,233,699.061,0.09267320000000004,0.1115924645207984,0.018919264520798368
0001,233,700.82,0.09486600000000008,0.1174308069869017,0.022564806986901623
0001,233,702.579,0.09715269999999994,0.1224869126400305,0.025334212640030565
0001,233,704.338,0.09943939999999996,0.1283362454607367,0.02889684546073673
0001,233,706.097,0.10172609999999997,0.1332852777839065,0.03155917778390653
0001,233,707.855,0.10409700000000002,0.139135096878636,0.03503809687863599
0001,233,709.614,0.10665960000000005,0.1436768607543799,0.03701726075437986
0001,233,711.373,0.10912220000000006,0.1502393565733024,0.04111715657330234
0001,233,713.132,0.11168479999999993,0.1539086999011236,0.04222389990112367
0001,233,714.891,0.11405829999999995,0.1588408779062247,0.04478257790622475
0001,233,716.649,0.1163086,0.1615388330418214,0.0452302330418214
0001,233,718.408,0.11909360000000004,0.1672814504809308,0.04818785048093076
0001,233,720.167,0.12230060000000005,0.1730165413499564,0.05071594134995634
0001,233,721.926,0.12509640000000008,0.180011405257706,0.05491500525770593
0001,233,723.685,0.12752749999999993,0.1849692963283752,0.05744179632837526
0001,233,725.443,0.13030879999999997,0.190136091630084,0.05982729163008402
0001,233,727.202,0.13300299999999998,0.1937360890511962,0.060733089051196204
0001,233,728.961,0.13564150000000003,0.1993670663847955,0.06372556638479548
0001,233,730.72,0.13820800000000005,0.2041030846087459,0.06589508460874585
0001,233,732.479,0.14067060000000006,0.2093084564959286,0.06863785649592855
0001,233,734.238,0.14288560000000008,0.2124014919576949,0.06951589195769481
0001,233,735.996,0.14499519999999996,0.2165980760749146,0.07160287607491464
0001,233,737.755,0.1469305,0.2184612644989038,0.0715307644989038
0001,233,739.514,0.1489654,0.2216886381026581,0.0727232381026581
0001,233,741.273,0.15077300000000002,0.2236195271034468,0.07284652710344677
0001,233,743.032,0.15242560000000005,0.2266150677360178,0.07418946773601776
0001,233,744.79,0.153911,0.2273438062975788,0.07343280629757881
0001,233,746.549,0.1552843,0.2303881295440484,0.0751038295440484
0001,233,748.308,0.1565156,0.2298097776693231,0.07329417766932309
0001,233,750.067,0.1577402,0.2323663208604382,0.07462612086043821
0001,233,751.826,0.15879560000000004,0.2331090196393038,0.07431341963930377
0001,233,753.584,0.15985039999999998,0.2355613749778114,0.07571097497781143
0001,233,755.343,0.16077149999999998,0.2379445979831116,0.07717309798311162
0001,233,757.102,0.1614102,0.2340907164297511,0.0726805164297511
0001,233,758.861,0.16124170000000002,0.2296650076254234,0.0684233076254234
0001,233,760.62,0.16179600000000002,0.2270964963442336,0.06530049634423357
0001,233,762.378,0.16267560000000003,0.2264107261338637,0.06373512613386367
0001,233,764.137,0.16373699999999994,0.2319022257927891,0.06816522579278916
0001,233,765.896,0.16531679999999996,0.2464015585079314,0.08108475850793145
0001,233,767.655,0.1663275,0.2529055489240108,0.0865780489240108
0001,233,769.414,0.1672656,0.2537486274583412,0.08648302745834122
0001,233,771.172,0.167886,0.2524743993153675,0.08458839931536752
0001,233,772.931,0.16867240000000003,0.2488220971403266,0.08014969714032658
0001,233,774.69,0.16927600000000004,0.2488713334355837,0.07959533343558367
0001,233,776.449,0.16997959999999998,0.2471666642717152,0.0771870642717152
0001,233,778.208,0.17068319999999998,0.2479346549696749,0.07725145496967492
0001,233,779.967,0.17129009999999997,0.2475382607041578,0.07624816070415782
0001,233,781.725,0.17189,0.2490763732082673,0.07718637320826732
0001,233,783.484,0.1725936,0.2501761374090023,0.07758253740900228
0001,233,785.243,0.1731729,0.2505828368179114,0.07740993681791139
0001,233,787.002,0.1737006,0.2498366217197679,0.07613602171976788
0001,233,788.761,0.1742283,0.2519873608411117,0.07775906084111167
0001,233,790.519,0.1747076,0.2507358307117765,0.07602823071177653
0001,233,792.278,0.175439,0.2544950149119976,0.0790560149119976
0001,233,794.037,0.17621110000000004,0.2526416776510461,0.07643057765104608
0001,233,795.796,0.1767388,0.2540824009497391,0.0773436009497391
0001,233,797.555,0.17726649999999997,0.2556939564043274,0.07842745640432744
0001,233,799.313,0.1778565,0.255404596213841,0.07754809621384098
0001,233,801.072,0.1786216,0.2564475727183601,0.07782597271836011
0001,233,802.831,0.1790662,0.2569245397759404,0.07785833977594037
0001,233,804.59,0.17963600000000002,0.2564494728700596,0.07681347287005957
0001,233,806.349,0.18033960000000002,0.2591626778059053,0.07882307780590528
0001,233,808.107,0.18102140000000003,0.2597399177513481,0.07871851775134805
0001,233,809.866,0.1812866,0.2611682054459951,0.07988160544599512
0001,233,811.625,0.181725,0.2585519167468532,0.07682691674685319
0001,233,813.384,0.1819384,0.2580560772970882,0.07611767729708818
0001,233,815.143,0.1822429,0.2572751953280489,0.07503229532804886
0001,233,816.902,0.18295100000000003,0.2586050957845974,0.07565409578459736
0001,233,818.66,0.183664,0.2599531260304161,0.0762891260304161
0001,233,820.419,0.18428380000000003,0.2617622626404916,0.0774784626404916
0001,233,822.178,0.1845534,0.2645179785354917,0.07996457853549169
0001,233,823.937,0.18536219999999998,0.2653286525671321,0.07996645256713214
0001,233,825.696,0.1860392,0.2664655033939483,0.08042630339394832
0001,233,827.454,0.1863454,0.2660723195576219,0.0797269195576219
0001,233,829.213,0.1868426,0.2677549421704275,0.0809123421704275
0001,233,830.972,0.18729159999999997,0.2673110684100565,0.0800194684100565
0001,233,832.731,0.1878462,0.2663597580236673,0.0785135580236673
0001,233,834.49,0.188596,0.2679332233522453,0.07933722335224527
0001,233,836.248,0.1890744,0.2721560116977437,0.08308161169774372
0001,233,838.007,0.1896021,0.2708443158873543,0.08124221588735431
0001,233,839.766,0.1902064,0.2701612505647481,0.0799548505647481
0001,233,841.525,0.19075749999999997,0.2703392578590481,0.07958175785904814
0001,233,843.284,0.1914136,0.2721917203118509,0.08077812031185092
0001,233,845.042,0.1918042,0.27438312813316,0.08257892813316
0001,233,846.801,0.1921403,0.2728322573560049,0.0806919573560049
0001,233,848.56,0.192768,0.2737279772375238,0.0809599772375238
0001,233,850.319,0.1934957,0.2732959261169594,0.07980022611695942
0001,233,852.078,0.19390000000000002,0.2746897865912538,0.0807897865912538
0001,233,853.836,0.19398359999999998,0.277660675483627,0.08367707548362702
0001,233,855.595,0.19469750000000002,0.2778190674611537,0.08312156746115368
0001,233,857.354,0.1952708,0.2771642454773039,0.0818934454773039
0001,233,859.113,0.1956565,0.2787888586757951,0.0831323586757951
0001,233,860.872,0.1963616,0.279751026479116,0.08338942647911599
0001,233,862.631,0.1968262,0.2790010774151339,0.0821748774151339
0001,233,864.389,0.1971389,0.2787754838534075,0.0816365838534075
0001,233,866.148,0.1977444,0.2786943025223218,0.08094990252232181
0001,233,867.907,0.19827209999999998,0.2796976757051814,0.08142557570518141
0001,233,869.666,0.1985666,0.2809158148913654,0.0823492148913654
0001,233,871.425,0.1990275,0.2828845966811286,0.08385709668112859
0001,233,873.183,0.19943660000000002,0.2815068191074557,0.08207021910745566
0001,233,874.942,0.1997884,0.2817055338348152,0.08191713383481522
0001,233,876.701,0.2002701,0.281118076382176,0.080847976382176
0001,233,878.46,0.20059200000000002,0.2818893737641303,0.08129737376413029
0001,233,880.219,0.2009438,0.2808814064542715,0.0799376064542715
0001,233,881.977,0.20149079999999997,0.2857265824909645,0.08423578249096453
0001,233,883.736,0.20192079999999998,0.2830035090089499,0.0810827090089499
0001,233,885.495,0.2022,0.2815583172190193,0.07935831721901931
0001,233,887.254,0.2023762,0.2826411224665136,0.08026492246651357
0001,233,889.013,0.2028039,0.2856973231958181,0.08289342319581808
0001,233,890.771,0.20325419999999997,0.2856418068335605,0.08238760683356053
0001,233,892.53,0.203506,0.2847745064786473,0.08126850647864733
0001,233,894.289,0.2033422,0.2820747840721138,0.07873258407211378
0001,233,896.048,0.2032096,0.2769667835130966,0.07375718351309662
0001,233,897.807,0.20331929999999998,0.2774866165578352,0.0741673165578352
0001,233,899.566,0.20361320000000002,0.2828715393119028,0.07925833931190276
0001,233,901.324,0.20426199999999997,0.2849660220620843,0.08070402206208435
0001,233,903.083,0.20502489999999998,0.286779323260681,0.08175442326068103
0001,233,904.842,0.2053,0.2887453197103288,0.08344531971032879
0001,233,906.601,0.20516009999999998,0.2870582567364516,0.0818981567364516
0001,233,908.36,0.205264,0.2829596184010947,0.07769561840109468
0001,233,910.118,0.20545900000000003,0.2796178953384431,0.07415889533844308
0001,233,911.877,0.2058123,0.2790394390622159,0.0732271390622159
0001,233,913.636,0.2059272,0.2892997056383436,0.08337250563834361
0001,233,915.395,0.2062395,0.2873862396308984,0.08114673963089838
0001,233,917.154,0.20634619999999998,0.2908788704327446,0.0845326704327446
0001,233,918.912,0.2071472,0.2940745653618258,0.0869273653618258
0001,233,920.671,0.2079684,0.2955170636306248,0.0875486636306248
0001,233,922.43,0.20811400000000002,0.2962542621739694,0.08814026217396936
0001,233,924.189,0.2078189,0.2990438419390632,0.09122494193906319
0001,233,925.948,0.20808959999999999,0.2956155299967847,0.08752592999678471
0001,233,927.706,0.2078588,0.287570936346684,0.079712136346684
0001,233,929.465,0.207021,0.2826545531001672,0.07563355310016717
0001,233,931.224,0.20547599999999994,0.2748832908430794,0.06940729084307945
0001,233,932.983,0.20381530000000003,0.2679419089147031,0.06412660891470306
0001,233,934.742,0.203,0.2772828803152615,0.07428288031526148
0001,233,936.5,0.20345,0.2754081042852696,0.07195810428526958
0001,233,938.259,0.2049849,0.2905991390002891,0.08561423900028911
0001,233,940.018,0.20569459999999998,0.3019068759319628,0.09621227593196283
0001,233,941.777,0.2053223,0.3087609954115325,0.1034386954115325
0001,233,943.536,0.20466400000000007,0.3025751257019976,0.09791112570199756
0001,233,945.295,0.204382,0.2921182707368629,0.08773627073686291
0001,233,947.053,0.2039318,0.282941890835336,0.079010090835336
0001,233,948.812,0.2054744,0.2862523537636628,0.08077795376366281
0001,233,950.571,0.20551479999999997,0.2887399390383399,0.08322513903833992
0001,233,952.33,0.20330099999999998,0.2831942749485786,0.07989327494857859
0001,233,954.089,0.20265340000000004,0.2819642821110937,0.07931088211109366
0001,233,955.847,0.2033694,0.2941085882333236,0.09073918823332358
0001,233,957.606,0.20366060000000002,0.2904040811566077,0.08674348115660768
0001,233,959.365,0.2035635,0.2923113008125853,0.08874780081258526
0001,233,961.124,0.2027744,0.2976030308268685,0.09482863082686852
0001,233,962.883,0.20418300000000003,0.2911367972925746,0.08695379729257455
0001,233,964.641,0.2050718,0.2821057477687269,0.07703394776872688
0001,233,966.4,0.20526,0.294595445638201,0.089335445638201
0001,233,968.159,0.2056159,0.2995070521796605,0.09389115217966051
0001,233,969.918,0.20551640000000002,0.2972110455731672,0.09169464557316717
0001,233,971.677,0.2060031,0.3003229974306924,0.09431989743069241
0001,233,973.435,0.20656950000000002,0.2919129368654938,0.08534343686549378
0001,233,975.194,0.20645819999999998,0.2854092690350653,0.07895106903506532
0001,233,976.953,0.2067953,0.2927160643429706,0.08592076434297061
0001,233,978.712,0.2066,0.2912738650699579,0.08467386506995789
0001,233,980.471,0.2075826,0.297049167765968,0.08946656776596801
0001,233,982.23,0.20776999999999998,0.2992293939480099,0.09145939394800992
0001,233,983.988,0.20660479999999998,0.2975083350985497,0.0909035350985497
0001,233,985.747,0.2065482,0.2889074151467204,0.08235921514672043
0001,233,987.506,0.2082494,0.2942621375822756,0.0860127375822756
0001,233,989.265,0.20867699999999997,0.2872926992592024,0.07861569925920245
0001,233,991.024,0.21297919999999998,0.2928880867322048,0.07990888673220481
0001,233,992.782,0.21799860000000013,0.2837414781447834,0.06574287814478327
0001,233,994.541,0.21911640000000002,0.2934512198404955,0.07433481984049548
0001,233,996.3,0.21969,0.288009610473441,0.06831961047344098
0001,233,998.059,0.2202118,0.2957694974765336,0.07555769747653357
0001,233,999.818,0.2206454,0.2930545473686929,0.07240914736869292
0001,233,1001.58,0.22144800000000003,0.2931721173518201,0.07172411735182005
0002,401,398.305,0.022769499999999998,0.0457559007545487,0.022986400754548705
0002,401,400.064,0.022606400000000002,0.0440601164356493,0.021453716435649296
0002,401,401.823,0.0227,0.0426854229875335,0.0199854229875335
0002,401,403.582,0.0228582,0.0418350284066082,0.018976828406608203
0002,401,405.34,0.023067999999999995,0.0407302028419526,0.017662202841952603
0002,401,407.099,0.0233099,0.039149373577699,0.015839473577699
0002,401,408.858,0.0234858,0.0385636612347901,0.015077861234790102
0002,401,410.617,0.023661700000000004,0.0376736170769081,0.014011917076908093
0002,401,412.376,0.023875199999999996,0.036599749720771,0.012724549720771004
0002,401,414.134,0.024126800000000004,0.0359512067292474,0.011824406729247394
0002,401,415.893,0.024389299999999996,0.0353139094312871,0.010924609431287105
0002,401,417.652,0.024730399999999996,0.0348642668664201,0.010133866866420104
0002,401,419.411,0.0249822,0.034563377645798,0.009581177645797998
0002,401,421.17,0.025217000000000003,0.0344547424491034,0.009237742449103394
0002,401,422.928,0.025485599999999997,0.0347784777976488,0.009292877797648806
0002,401,424.687,0.025737400000000004,0.0341990587968839,0.008461658796883893
0002,401,426.446,0.0259446,0.0347007393886503,0.008756139388650299
0002,401,428.205,0.026140999999999994,0.034494342933339,0.008353342933339006
0002,401,429.964,0.0263964,0.0348781927930646,0.008481792793064602
0002,401,431.722,0.0265722,0.0354919304495263,0.008919730449526302
0002,401,433.481,0.0267481,0.035939662351579,0.009191562351578999
0002,401,435.24,0.026924000000000003,0.03635790896933,0.009433908969329996
0002,401,436.999,0.027099900000000003,0.0368447515777857,0.0097448515777857
0002,401,438.758,0.027351599999999997,0.0367228129138476,0.009371212913847606
0002,401,440.516,0.027551600000000002,0.037273941033861,0.009722341033861
0002,401,442.275,0.027827499999999998,0.0371184741770901,0.0092909741770901
0002,401,444.034,0.028106799999999998,0.0380573961792665,0.0099505961792665
0002,401,445.793,0.0285379,0.0379106859931769,0.0093727859931769
0002,401,447.552,0.028910400000000003,0.0386017211931025,0.009691321193102495
0002,401,449.311,0.029193299999999995,0.0387190481910921,0.009525748191092104
0002,401,451.069,0.029613800000000006,0.0395081050434516,0.009894305043451592
0002,401,452.828,0.029965599999999995,0.0394642584555436,0.009498658455543603
0002,401,454.587,0.030317399999999998,0.0399865111335535,0.0096691111335535
0002,401,456.346,0.0305692,0.039526067349555,0.008956867349555
0002,401,458.105,0.0309105,0.0403560152084997,0.009445515208499698
0002,401,459.863,0.0311726,0.0404840696950955,0.009311469695095498
0002,401,461.622,0.03136220000000001,0.0409018865807632,0.009539686580763193
0002,401,463.381,0.03157619999999999,0.0411162791152429,0.009540079115242905
0002,401,465.14,0.031814,0.0415321652985553,0.0097181652985553
0002,401,466.899,0.0320798,0.0413533049112226,0.0092735049112226
0002,401,468.657,0.0322657,0.0419033391860922,0.0096376391860922
0002,401,470.416,0.0325832,0.0419837896870612,0.0094005896870612
0002,401,472.175,0.032834999999999996,0.0425430960730777,0.009708096073077703
0002,401,473.934,0.0330934,0.0424843520584544,0.009390952058454395
0002,401,475.693,0.0334386,0.0430069539452116,0.009568353945211598
0002,401,477.451,0.0337451,0.0429172098721703,0.009172109872170299
0002,401,479.21,0.034041999999999996,0.0434634465675747,0.009421446567574703
0002,401,480.969,0.0343938,0.0433900053660866,0.008996205366086599
0002,401,482.728,0.034645600000000006,0.0438860682399207,0.009240468239920696
0002,401,484.487,0.03519480000000001,0.043654520266347,0.00845972026634699
0002,401,486.246,0.03587379999999999,0.044142800202408,0.008269000202408013
0002,401,488.004,0.036301200000000006,0.044187048612533,0.007885848612532997
0002,401,489.763,0.03690519999999999,0.0448638756069305,0.007958675606930511
0002,401,491.522,0.037661,0.0452113162227327,0.007550316222732702
0002,401,493.281,0.0385124,0.0458646273329146,0.007352227332914595
0002,401,495.04,0.03942800000000001,0.0458214437195658,0.0063934437195657876
0002,401,496.798,0.0407384,0.0462767594492863,0.005538359449286302
0002,401,498.557,0.04214560000000001,0.0465806588655393,0.004435058865539285
0002,401,500.316,0.04384759999999997,0.0474269886777611,0.003579388677761128
0002,401,502.075,0.04578999999999999,0.0477581219290688,0.0019681219290688112
0002,401,503.834,0.047984200000000005,0.048921364211958,0.000937164211957997
0002,401,505.592,0.050387999999999974,0.0496583659137569,-0.000729634086243075
0002,401,507.351,0.0533318,0.0510639537018439,-0.002267846298156101
0002,401,509.11,0.056620000000000024,0.0518993412157807,-0.004720658784219324
0002,401,510.869,0.06022490000000006,0.0531674921801364,-0.007057407819863658
0002,401,512.628,0.06443280000000011,0.0544725211102466,-0.00996027888975351
0002,401,514.386,0.0693193999999999,0.0561121011545876,-0.013207298845412309
0002,401,516.145,0.07463499999999995,0.0574226405932968,-0.017212359406703154
0002,401,517.904,0.08018319999999998,0.0595323210425537,-0.02065087895744628
0002,401,519.663,0.08622050000000005,0.0614820939454308,-0.02473840605456925
0002,401,521.422,0.0925614000000001,0.0639413005182617,-0.028620099481738395
0002,401,523.18,0.09911199999999983,0.066262448227772,-0.03284955177222783
0002,401,524.939,0.10490479999999988,0.0683341284321263,-0.03657067156787358
0002,401,526.698,0.11143159999999991,0.0697462828868022,-0.041685317113197715
0002,401,528.457,0.11849089999999998,0.0720530708706293,-0.04643782912937068
0002,401,530.216,0.12394800000000003,0.0737288636890834,-0.05021913631091664
0002,401,531.975,0.12932250000000006,0.0760026650714968,-0.05331983492850326
0002,401,533.733,0.13465239999999984,0.0773360757508368,-0.05731632424916304
0002,401,535.492,0.1390807999999999,0.0788316378750637,-0.060249162124936195
0002,401,537.251,0.14307729999999994,0.0797995340810873,-0.06327776591891264
0002,401,539.01,0.147221,0.0812536256326926,-0.06596737436730739
0002,401,540.769,0.15083800000000003,0.0822421524535273,-0.06859584754647273
0002,401,542.527,0.1544067000000001,0.0834163368782133,-0.07099036312178679
0002,401,544.286,0.15737179999999992,0.084291184165132,-0.07308061583486793
0002,401,546.045,0.15947199999999992,0.0858916787382182,-0.07358032126178173
0002,401,547.804,0.16244719999999996,0.0866838509949446,-0.07576334900505535
0002,401,549.563,0.16518819999999998,0.0877367288123889,-0.07745147118761107
0002,401,551.321,0.16685680000000003,0.0881764599853951,-0.07868034001460493
0002,401,553.08,0.16815600000000003,0.0894276016868092,-0.07872839831319083
0002,401,554.839,0.16913560000000002,0.0894791119420609,-0.07965648805793912
0002,401,556.598,0.1692402,0.0899886182276627,-0.0792515817723373
0002,401,558.357,0.1686858,0.089802629229156,-0.078883170770844
0002,401,560.115,0.16748500000000002,0.0901805362889013,-0.07730446371109873
0002,401,561.874,0.16555119999999995,0.0900709196481855,-0.07548028035181445
0002,401,563.633,0.16282389999999994,0.0900673386864005,-0.07275656131359944
0002,401,565.392,0.15961599999999987,0.0895741633485992,-0.07004183665140067
0002,401,567.151,0.1559527000000001,0.0889904307592321,-0.06696226924076801
0002,401,568.91,0.15190700000000007,0.0884760312796736,-0.06343096872032647
0002,401,570.668,0.1474632,0.0883059082129487,-0.059157291787051286
0002,401,572.427,0.14317519999999995,0.0874954004750736,-0.05567979952492634
0002,401,574.186,0.1390907999999999,0.087329082337238,-0.0517617176627619
0002,401,575.945,0.1354099999999999,0.0862735693432313,-0.04913643065676859
0002,401,577.704,0.1320328000000001,0.0860125236914333,-0.04602027630856678
0002,401,579.462,0.12891460000000002,0.0851878835565957,-0.04372671644340431
0002,401,581.221,0.12619059999999999,0.0850643330599605,-0.041126266940039485
0002,401,582.98,0.12372799999999996,0.0846382533183023,-0.039089746681697665
0002,401,584.739,0.12151319999999996,0.084617919925988,-0.036895280074011966
0002,401,586.498,0.11955219999999996,0.0840600916374476,-0.03549210836255236
0002,401,588.256,0.11774400000000003,0.0837946953001879,-0.033949304699812125
0002,401,590.015,0.1159865,0.0834810706944246,-0.0325054293055754
0002,401,591.774,0.1145582,0.0833285642606478,-0.031229635739352196
0002,401,593.533,0.11328019999999998,0.0833465727122647,-0.029933627287735284
0002,401,595.292,0.11222479999999999,0.0838435791959201,-0.028381220804079885
0002,401,597.05,0.11127500000000003,0.0837670530636903,-0.02750794693630973
0002,401,598.809,0.11039550000000001,0.0837565697217964,-0.026638930278203604
0002,401,600.568,0.109516,0.0838371073937001,-0.025678892606299908
0002,401,602.327,0.1084711,0.0840704949674529,-0.024400605032547096
0002,401,604.086,0.1072398,0.0837674383961721,-0.0234723616038279
0002,401,605.844,0.10592479999999996,0.0840171065587232,-0.021907693441276757
0002,401,607.603,0.10429700000000006,0.083521200237847,-0.02077579976215306
0002,401,609.362,0.10250180000000003,0.083636471272197,-0.018865328727803027
0002,401,611.121,0.10055480000000001,0.0829863333302716,-0.017568466669728416
0002,401,612.88,0.09853200000000001,0.0827630918381311,-0.015768908161868905
0002,401,614.639,0.09659709999999998,0.0822084920832273,-0.014388607916772683
0002,401,616.397,0.09466329999999995,0.0821617627913474,-0.012501537208652547
0002,401,618.156,0.09285960000000006,0.0821413805049909,-0.01071821949500916
0002,401,619.915,0.09127650000000002,0.0819486214067194,-0.00932787859328063
0002,401,621.674,0.09009560000000003,0.0815914256464728,-0.008504174353527225
0002,401,623.433,0.08922680000000001,0.0817937695524479,-0.007433030447552114
0002,401,625.191,0.0887618,0.0812688463262745,-0.007492953673725503
0002,401,626.95,0.08840999999999999,0.0816592769851361,-0.006750723014863888
0002,401,628.709,0.0883,0.081827001000331,-0.006472998999669008
0002,401,630.468,0.08815320000000001,0.0819473663471174,-0.006205833652882617
0002,401,632.227,0.0878092,0.0819374259119017,-0.005871774088098303
0002,401,633.985,0.08690899999999999,0.0826721572619078,-0.004236842738092189
0002,401,635.744,0.08545599999999998,0.0821376682640334,-0.003318331735966573
0002,401,637.503,0.08314549999999994,0.0826301387218731,-0.0005153612781268468
0002,401,639.262,0.0803546000000001,0.0818629359393825,0.0015083359393824047
0002,401,641.021,0.07716010000000006,0.081786211415685,0.004626111415684933
0002,401,642.779,0.07381990000000001,0.0814058051555148,0.0075859051555147855
0002,401,644.538,0.07068539999999998,0.081141129454819,0.010455729454819013
0002,401,646.297,0.06788419999999996,0.0802243363741957,0.012340136374195732
0002,401,648.056,0.06543839999999995,0.0802014170549346,0.014763017054934643
0002,401,649.815,0.06374799999999996,0.0796505980939913,0.015902598093991346
0002,401,651.574,0.062283400000000044,0.0797002068903362,0.01741680689033616
0002,401,653.332,0.061100400000000006,0.0789742278567549,0.01787382785675489
0002,401,655.091,0.0607727,0.0792513418066247,0.0184786418066247
0002,401,656.85,0.06015999999999999,0.078582425459141,0.01842242545914101
0002,401,658.609,0.05879099999999996,0.0784150704890549,0.019624070489054936
0002,401,660.368,0.05699519999999994,0.07816168865227,0.021166488652270055
0002,401,662.126,0.054936200000000025,0.07853816340676,0.02360196340675997
0002,401,663.885,0.05291500000000001,0.0779174028415587,0.025002402841558684
0002,401,665.644,0.0514492,0.0773608891100083,0.025911689110008296
0002,401,667.403,0.050117899999999986,0.0770351983454085,0.02691729834540852
0002,401,669.162,0.04898659999999998,0.0772164611257799,0.028229861125779923
0002,401,670.92,0.04812400000000001,0.0767840691450682,0.028660069145068197
0002,401,672.679,0.0477321,0.0770967495744687,0.0293646495744687
0002,401,674.438,0.0478438,0.0767314037933069,0.028887603793306897
0002,401,676.197,0.0480394,0.0775803350014921,0.029540935001492095
0002,401,677.956,0.0484868,0.0770712592848045,0.028584459284804506
0002,401,679.714,0.049328400000000036,0.0781129302965855,0.028784530296585467
0002,401,681.473,0.050672999999999954,0.0781007380371034,0.027427738037103452
0002,401,683.232,0.05287119999999995,0.0794936941045123,0.026622494104512354
0002,401,684.991,0.05628019999999996,0.0791324268776423,0.022852226877642337
0002,401,686.75,0.062275,0.0808513201126511,0.018576320112651104
0002,401,688.508,0.0714432000000002,0.0831148588028941,0.011671658802893892
0002,401,690.267,0.0824292000000004,0.086508891679801,0.004079691679800601
0002,401,692.026,0.09716259999999953,0.0901292299540028,-0.007033370045996731
0002,401,693.785,0.11587049999999964,0.095255820357706,-0.020614679642293646
0002,401,695.544,0.13834399999999977,0.0995101059767429,-0.038833894023256876
0002,401,697.303,0.16231469999999995,0.1052276895579701,-0.05708701044202985
0002,401,699.061,0.1893882000000006,0.1107696787833676,-0.07861852121663299
0002,401,700.82,0.21804800000000082,0.1178829442749422,-0.10016505572505863
0002,401,702.579,0.24534819999999924,0.1243601126513164,-0.12098808734868284
0002,401,704.338,0.27313899999999947,0.1313840113712954,-0.14175498862870406
0002,401,706.097,0.2991258999999997,0.1374233344388502,-0.16170256556114954
0002,401,707.855,0.3250540000000003,0.1448236401967148,-0.1802303598032855
0002,401,709.614,0.3507416000000005,0.1505531873844621,-0.20018841261553838
0002,401,711.373,0.37456090000000064,0.1582428202433261,-0.21631807975667455
0002,401,713.132,0.39835559999999925,0.163614518548274,-0.23474108145172526
0002,401,714.891,0.42050289999999957,0.1693110596121725,-0.25119184038782705
0002,401,716.649,0.4416423,0.1734786758590265,-0.2681636241409735
0002,401,718.408,0.46463040000000017,0.1797863064289093,-0.28484409357109086
0002,401,720.167,0.48817060000000034,0.1866309407373005,-0.3015396592626999
0002,401,721.926,0.5072600000000005,0.1947904651320059,-0.31246953486799456
0002,401,723.685,0.5248239999999995,0.2005226204020892,-0.3243013795979103
0002,401,725.443,0.5433413999999999,0.20678902962253,-0.3365523703774699
0002,401,727.202,0.560018,0.2111160635580432,-0.34890193644195683
0002,401,728.961,0.5756568000000002,0.2177362257695504,-0.35792057423044976
0002,401,730.72,0.5894560000000002,0.2228675244454229,-0.3665884755545773
0002,401,732.479,0.6019572000000003,0.2284650464711727,-0.3734921535288276
0002,401,734.238,0.6128804000000002,0.2326704466987668,-0.3802099533012334
0002,401,735.996,0.6229771999999999,0.2382445164810957,-0.3847326835189042
0002,401,737.755,0.6320994999999999,0.2403494189041658,-0.3917500810958341
0002,401,739.514,0.6405102,0.2434256199663748,-0.39708458003362523
0002,401,741.273,0.6478193000000001,0.2461445681713204,-0.4016747318286797
0002,401,743.032,0.6545024000000002,0.2501161644689578,-0.40438623553104236
0002,401,744.79,0.65997,0.2510691195738636,-0.40890088042613637
0002,401,746.549,0.6646078,0.2545791291144282,-0.41002867088557177
0002,401,748.308,0.6686084,0.2550136717206528,-0.4135947282793472
0002,401,750.067,0.6724273000000001,0.2571188135591813,-0.41530848644081875
0002,401,751.826,0.6755216,0.258794609169179,-0.41672699083082104
0002,401,753.584,0.6781759999999999,0.2614885314135178,-0.4166874685864821
0002,401,755.343,0.6804087,0.2634127202946573,-0.4169959797053427
0002,401,757.102,0.681049,0.2600595954107577,-0.42098940458924233
0002,401,758.861,0.6803417,0.2560124208042815,-0.42432927919571856
0002,401,760.62,0.686884,0.25328925581463,-0.43359474418537003
0002,401,762.378,0.6890378,0.2523464075860714,-0.4366913924139286
0002,401,764.137,0.6906095999999999,0.2566702677261943,-0.43393933227380566
0002,401,765.896,0.6914792,0.2704891683753863,-0.4209900316246137
0002,401,767.655,0.6910035000000001,0.2780358567666334,-0.4129676432333667
0002,401,769.414,0.6913414,0.2781303995831452,-0.41321100041685477
0002,401,771.172,0.6916516,0.2780419784297309,-0.41360962157026915
0002,401,772.931,0.6924586,0.2745620755287339,-0.41789652447126613
0002,401,774.69,0.693038,0.2736792121321018,-0.41935878786789826
0002,401,776.449,0.6935245,0.2731661466321508,-0.4203583533678492
0002,401,778.208,0.6944624,0.272700617302492,-0.421761782697508
0002,401,779.967,0.6948934,0.2729527643277946,-0.4219406356722054
0002,401,781.725,0.6952175,0.274028615498082,-0.42118888450191805
0002,401,783.484,0.6959936,0.2759012746571868,-0.4200923253428132
0002,401,785.243,0.6964486,0.2750524328759796,-0.4213961671240204
0002,401,787.002,0.6972004,0.2740977755453037,-0.4231026244546964
0002,401,788.761,0.6974760999999999,0.2769202925454477,-0.42055580745455223
0002,401,790.519,0.6977557000000001,0.2754879832910998,-0.4222677167089003
0002,401,792.278,0.698539,0.2788979365134146,-0.4196410634865854
0002,401,794.037,0.6993111000000001,0.276526825416735,-0.42278427458326506
0002,401,795.796,0.6998388,0.277786582625325,-0.42205221737467497
0002,401,797.555,0.6999555,0.2792437539483271,-0.42071174605167283
0002,401,799.313,0.7004878,0.2788151614134594,-0.4216726385865406
0002,401,801.072,0.7015072,0.2800492017224473,-0.4214579982775527
0002,401,802.831,0.7016831,0.2810409938120074,-0.4206421061879926
0002,401,804.59,0.702236,0.2812800644057568,-0.42095593559424316
0002,401,806.349,0.7028396,0.2837535280758042,-0.41908607192419584
0002,401,808.107,0.7034,0.2829758388727393,-0.4204241611272607
0002,401,809.866,0.7030536,0.2848087720458101,-0.4182448279541898
0002,401,811.625,0.7035625,0.2816265475641977,-0.4219359524358023
0002,401,813.384,0.7037384,0.2815271395995685,-0.4222112604004315
0002,401,815.143,0.7036858,0.2798962152217635,-0.4237895847782365
0002,401,816.902,0.7047412000000001,0.2822763702357186,-0.42246482976428146
0002,401,818.66,0.705928,0.2822609976016172,-0.4236670023983828
0002,401,820.419,0.7060162,0.283355269546957,-0.422660930453043
0002,401,822.178,0.706189,0.2871164202706183,-0.41907257972938167
0002,401,823.937,0.7072559,0.2884725506328252,-0.4187833493671749
0002,401,825.696,0.7077696,0.2881145002494423,-0.4196550997505577
0002,401,827.454,0.7078,0.2882829030445965,-0.4195170969554035
0002,401,829.213,0.7083212999999999,0.2903148476475697,-0.4180064523524302
0002,401,830.972,0.7087888,0.289032823167207,-0.419755976832793
0002,401,832.731,0.7092462,0.2873925762230868,-0.42185362377691327
0002,401,834.49,0.7100960000000001,0.2907670409623401,-0.41932895903766
0002,401,836.248,0.7103496,0.2940873147540297,-0.4162622852459703
0002,401,838.007,0.7109028000000001,0.2922935054287768,-0.41860929457122326
0002,401,839.766,0.7116064,0.2921398604399593,-0.41946653956004065
0002,401,841.525,0.712005,0.2926732726155491,-0.4193317273844509
0002,401,843.284,0.7127556,0.2932162391743007,-0.41953936082569937
0002,401,845.042,0.7133041999999999,0.2947150232991236,-0.41858917670087636
0002,401,846.801,0.7136403,0.2936619539029624,-0.4199783460970376
0002,401,848.56,0.714368,0.2961347466867056,-0.4182332533132944
0002,401,850.319,0.7151913999999999,0.2939820449080151,-0.4212093550919848
0002,401,852.078,0.7157922,0.2956050453456427,-0.4201871546543573
0002,401,853.836,0.7155328,0.2984027181734125,-0.41713008182658745
0002,401,855.595,0.715976,0.2970115282536499,-0.41896447174635004
0002,401,857.354,0.7167,0.2955277883946179,-0.4211722116053821
0002,401,859.113,0.716713,0.2977834287878312,-0.41892957121216884
0002,401,860.872,0.7179487999999999,0.2998084237972931,-0.41814037620270683
0002,401,862.631,0.7185893,0.3002877724515179,-0.4183015275484821
0002,401,864.389,0.7185833,0.2989802057720687,-0.41960309422793135
0002,401,866.148,0.7193592000000001,0.2997512922420045,-0.4196079077579956
0002,401,867.907,0.7199721,0.2988144499346558,-0.4211576500653442
0002,401,869.666,0.7203,0.2995751822490903,-0.42072481775090975
0002,401,871.425,0.7204425,0.3015567004160941,-0.41888579958390587
0002,401,873.183,0.7207366,0.300998556121597,-0.41973804387840297
0002,401,874.942,0.7209942,0.3034624081967292,-0.4175317918032708
0002,401,876.701,0.7216701,0.3015131298211737,-0.4201569701788263
0002,401,878.46,0.7215,0.302760889157926,-0.41873911084207405
0002,401,880.219,0.7216438000000001,0.3008422855171592,-0.42080151448284087
0002,401,881.977,0.7219954,0.3047555595380377,-0.4172398404619623
0002,401,883.736,0.7224944,0.3024243757596495,-0.4200700242403505
0002,401,885.495,0.7227515000000001,0.3011617140814065,-0.4215897859185936
0002,401,887.254,0.7226508,0.3012416760052864,-0.42140912399471364
0002,401,889.013,0.723,0.305539692497786,-0.41746030750221397
0002,401,890.771,0.7229229,0.304438519114377,-0.418484380885623
0002,401,892.53,0.722712,0.3042491829215092,-0.4184628170784908
0002,401,894.289,0.7224266,0.3009466344012619,-0.4214799655987381
0002,401,896.048,0.7217952000000001,0.2983017455624385,-0.4234934544375616
0002,401,897.807,0.7210544,0.2975123592988921,-0.4235420407011079
0002,401,899.566,0.7214528000000001,0.3027318307344834,-0.4187209692655167
0002,401,901.324,0.7222295999999999,0.3029648203885441,-0.4192647796114558
0002,401,903.083,0.7231083,0.3060232281401351,-0.41708507185986493
0002,401,904.842,0.7232841999999999,0.3090438840115066,-0.4142403159884933
0002,401,906.601,0.7220596,0.3003613763415987,-0.4216982236584013
0002,401,908.36,0.7218000000000001,0.3004662849115069,-0.4213337150884932
0002,401,910.118,0.721659,0.2992016915146704,-0.42245730848532964
0002,401,911.877,0.7211353,0.2967406056776952,-0.4243946943223048
0002,401,913.636,0.7213816,0.3055352632006827,-0.41584633679931726
0002,401,915.395,0.7218000000000001,0.3036078227056381,-0.41819217729436203
0002,401,917.154,0.7217538000000001,0.3037158008107888,-0.4180379991892113
0002,401,918.912,0.721956,0.3073348207647328,-0.41462117923526726
0002,401,920.671,0.7228342000000001,0.3091330798946655,-0.4137011201053346
0002,401,922.43,0.7222700000000001,0.3111834917483612,-0.4110865082516389
0002,401,924.189,0.7213433,0.3114068640565079,-0.4099364359434921
0002,401,925.948,0.7210052,0.3080377548893058,-0.4129674451106942
0002,401,927.706,0.7193822000000001,0.30043348917151,-0.41894871082849006
0002,401,929.465,0.7164769999999999,0.2949747513014024,-0.42150224869859754
0002,401,931.224,0.7121399999999999,0.2844281035740056,-0.4277118964259943
0002,401,932.983,0.7081357000000001,0.2787623123427569,-0.42937338765724326
0002,401,934.742,0.7050354000000001,0.2834347374189395,-0.4216006625810606
0002,401,936.5,0.70465,0.281623950162218,-0.423026049837782
0002,401,938.259,0.7063403000000001,0.2929444223418814,-0.41339587765811875
0002,401,940.018,0.7067910000000001,0.3005202557111865,-0.40627074428881355
0002,401,941.777,0.7062999999999999,0.3151059978010778,-0.39119400219892214
0002,401,943.536,0.7040208000000001,0.3071161909368347,-0.39690460906316544
0002,401,945.295,0.7013280000000001,0.2995123402668512,-0.40181565973314887
0002,401,947.053,0.6990371000000001,0.2876596059823058,-0.4113774940176943
0002,401,948.812,0.7008367999999999,0.2996188764030311,-0.40121792359696884
0002,401,950.571,0.7000437999999999,0.295590244893094,-0.4044535551069059
0002,401,952.33,0.6940109999999999,0.2895905386705635,-0.40442046132943643
0002,401,954.089,0.6902555,0.2875535163906677,-0.40270198360933235
0002,401,955.847,0.6902235,0.3010214218598195,-0.3892020781401805
0002,401,957.606,0.6892122,0.2963171234590004,-0.39289507654099964
0002,401,959.365,0.6864605,0.3023102820602562,-0.38415021793974385
0002,401,961.124,0.6827232000000001,0.2999681402758837,-0.3827550597241164
0002,401,962.883,0.6859777000000001,0.308372537076124,-0.37760516292387614
0002,401,964.641,0.6877026,0.2986322114654679,-0.38907038853453213
0002,401,966.4,0.68706,0.2988429552691724,-0.38821704473082763
0002,401,968.159,0.6875636,0.3032508143583827,-0.38431278564161736
0002,401,969.918,0.6866148000000001,0.3059630353161795,-0.38065176468382056
0002,401,971.677,0.6867,0.3068371883265235,-0.37986281167347646
0002,401,973.435,0.6871695000000001,0.3027321780294569,-0.3844373219705432
0002,401,975.194,0.6862029999999999,0.2977820899714138,-0.3884209100285861
0002,401,976.953,0.6861812,0.3082066274123831,-0.37797457258761696
0002,401,978.712,0.6871424,0.2992954600600271,-0.38784693993997293
0002,401,980.471,0.6881297,0.3052011931861613,-0.38292850681383866
0002,401,982.23,0.6874499999999999,0.306631719033091,-0.3808182809669089
0002,401,983.988,0.6822168,0.2992404111876845,-0.38297638881231544
0002,401,985.747,0.6814506,0.296198346714804,-0.385252253285196
0002,401,987.506,0.6843494,0.303560736538971,-0.380788663461029
0002,401,989.265,0.688337,0.2975590489980196,-0.3907779510019804
0002,401,991.024,0.69938,0.3107380585801957,-0.3886419414198043
0002,401,992.782,0.7106882000000003,0.3012640132441957,-0.4094241867558046
0002,401,994.541,0.7126705,0.3029395697394798,-0.4097309302605202
0002,401,996.3,0.7137399999999999,0.299675697466365,-0.4140643025336349
0002,401,998.059,0.7153649,0.3002839616033079,-0.4150809383966921
0002,401,999.818,0.7172998,0.3059235990672925,-0.41137620093270755
0002,401,1001.58,0.7187060000000001,0.3002966466030082,-0.41840935339699187
0003,390,398.305,0.014499999999999999,0.0468614462277996,0.0323614462277996
0003,390,400.064,0.014499999999999999,0.0460167046192828,0.0315167046192828
0003,390,401.823,0.014499999999999999,0.0452782479809703,0.0307782479809703
0003,390,403.582,0.0146582,0.0432442211003368,0.0285860211003368
0003,390,405.34,0.014733999999999997,0.0431427466159976,0.028408746615997606
0003,390,407.099,0.0148,0.0409633540642671,0.0261633540642671
0003,390,408.858,0.014885800000000001,0.0401296103281894,0.0252438103281894
0003,390,410.617,0.014961700000000001,0.0392557364114178,0.0242940364114178
0003,390,412.376,0.015137599999999998,0.0377763869341703,0.0226387869341703
0003,390,414.134,0.015300000000000001,0.0381142046372982,0.022814204637298198
0003,390,415.893,0.015389299999999998,0.0371199011633531,0.0217306011633531
0003,390,417.652,0.015465199999999998,0.0363493078934196,0.0208841078934196
0003,390,419.411,0.0155411,0.0366067004789929,0.021065600478992898
0003,390,421.17,0.015700000000000002,0.0366934599170168,0.0209934599170168
0003,390,422.928,0.015792800000000003,0.0368829692495819,0.021090169249581896
0003,390,424.687,0.015868700000000003,0.0369731722242051,0.021104472224205095
0003,390,426.446,0.015944600000000003,0.0374453826405275,0.021500782640527495
0003,390,428.205,0.0160205,0.0365254454846342,0.020504945484634197
0003,390,429.964,0.016196400000000003,0.0370565942044621,0.020860194204462095
0003,390,431.722,0.0163,0.0376364392328283,0.0213364392328283
0003,390,433.481,0.016348099999999997,0.0386859279231509,0.0223378279231509
0003,390,435.24,0.016424,0.0394302753018991,0.023006275301899096
0003,390,436.999,0.0165,0.0398721661287225,0.023372166128722498
0003,390,438.758,0.016675799999999998,0.0391848049153508,0.0225090049153508
0003,390,440.516,0.0168,0.0396689029858309,0.022868902985830903
0003,390,442.275,0.0169,0.0399105619265339,0.023010561926533904
0003,390,444.034,0.017003400000000002,0.041064861471399,0.024061461471398995
0003,390,445.793,0.0171,0.0403810376753921,0.023281037675392097
0003,390,447.552,0.017255200000000002,0.041216866602998,0.023961666602997995
0003,390,449.311,0.017431099999999998,0.0414983732572269,0.0240672732572269
0003,390,451.069,0.017506900000000002,0.0425227149190099,0.025015814919009897
0003,390,452.828,0.0176828,0.0422762056723327,0.024593405672332702
0003,390,454.587,0.017858699999999998,0.0426904510188415,0.024831751018841504
0003,390,456.346,0.017934600000000002,0.0426516249750761,0.0247170249750761
0003,390,458.105,0.0181,0.0433011299046027,0.025201129904602698
0003,390,459.863,0.018186300000000002,0.0435753906881998,0.0253890906881998
0003,390,461.622,0.018262200000000003,0.0441955626364022,0.0259333626364022
0003,390,463.381,0.018338099999999996,0.0440042625394153,0.025666162539415303
0003,390,465.14,0.018500000000000003,0.0445172712111888,0.026017271211188797
0003,390,466.899,0.018589900000000003,0.0447135822332485,0.026123682233248496
0003,390,468.657,0.018600000000000002,0.0454064732342788,0.0268064732342788
0003,390,470.416,0.0187,0.0452954628134865,0.0265954628134865
0003,390,472.175,0.018817499999999997,0.0460591598458912,0.027241659845891202
0003,390,473.934,0.0189,0.045849542080376,0.026949542080375997
0003,390,475.693,0.019069299999999997,0.0465669434320423,0.0274976434320423
0003,390,477.451,0.0191451,0.0464127920570894,0.027267692057089395
0003,390,479.21,0.019220999999999995,0.047040955554296,0.027819955554296005
0003,390,480.969,0.019396899999999998,0.0469780977710971,0.0275811977710971
0003,390,482.728,0.0195728,0.0477165507680469,0.0281437507680469
0003,390,484.487,0.0197487,0.0475049181620754,0.0277562181620754
0003,390,486.246,0.0199246,0.0478189966469767,0.027894396646976696
0003,390,488.004,0.020100399999999997,0.0476924688750498,0.0275920688750498
0003,390,489.763,0.020276299999999997,0.0488301247374865,0.0285538247374865
0003,390,491.522,0.0206044,0.0492271134521402,0.028622713452140205
0003,390,493.281,0.020856200000000002,0.0500048113706345,0.029148611370634497
0003,390,495.04,0.021208000000000005,0.0501602429148385,0.028952242914838493
0003,390,496.798,0.021639400000000003,0.0506995531792814,0.029060153179281394
0003,390,498.557,0.022067100000000006,0.050854521737767,0.028787421737766994
0003,390,500.316,0.02259479999999999,0.0516323446884435,0.02903754468844351
0003,390,502.075,0.023129999999999994,0.0520939317823794,0.028963931782379406
0003,390,503.834,0.0237502,0.0532104404399549,0.029460240439954898
0003,390,505.592,0.024495999999999993,0.0539847427669449,0.029488742766944905
0003,390,507.351,0.0254106,0.0553257761934692,0.0299151761934692
0003,390,509.11,0.026366000000000007,0.0560484061273024,0.029682406127302392
0003,390,510.869,0.027421400000000016,0.0573449171688597,0.029923517168859683
0003,390,512.628,0.028639600000000032,0.0584141734603506,0.029774573460350565
0003,390,514.386,0.030008799999999974,0.0596670905857726,0.02965829058577263
0003,390,516.145,0.03153049999999999,0.0609204460334594,0.02938994603345941
0003,390,517.904,0.033204,0.0627049345539519,0.029500934553951905
0003,390,519.663,0.03496300000000001,0.0645401476949395,0.029577147694939493
0003,390,521.422,0.036722000000000025,0.0669859139028688,0.030263913902868776
0003,390,523.18,0.03847999999999995,0.0693231388513123,0.030843138851312353
0003,390,524.939,0.04023899999999997,0.0709013419497056,0.03066234194970563
0003,390,526.698,0.04240739999999998,0.0717951702052666,0.029387770205266624
0003,390,528.457,0.04426559999999999,0.0736181520367832,0.029352552036783205
0003,390,530.216,0.04555120000000001,0.0748358612062111,0.029284661206211086
0003,390,531.975,0.04668500000000001,0.0767361899026408,0.030051189902640794
0003,390,533.733,0.04801309999999996,0.0777779313124664,0.029764831312466433
0003,390,535.492,0.04904599999999998,0.0792962106010368,0.030250210601036817
0003,390,537.251,0.0498753,0.0796269454095783,0.02975164540957831
0003,390,539.01,0.050402999999999996,0.0811381327977441,0.0307351327977441
0003,390,540.769,0.05100760000000001,0.081822276605261,0.030814676605260986
0003,390,542.527,0.05181080000000002,0.0834744915881647,0.03166369158816468
0003,390,544.286,0.052485799999999985,0.0839804135660532,0.03149461356605321
0003,390,546.045,0.05290899999999999,0.0856563195899087,0.03274731958990871
0003,390,547.804,0.0532608,0.0858030243560869,0.032542224356086905
0003,390,549.563,0.0538815,0.086703337695605,0.032821837695605
0003,390,551.321,0.05479260000000002,0.0871264699059939,0.032333869905993885
0003,390,553.08,0.05572400000000001,0.0882679090977381,0.03254390909773809
0003,390,554.839,0.05616780000000001,0.0884980398782446,0.03233023987824459
0003,390,556.598,0.0562,0.0889379747302183,0.032737974730218306
0003,390,558.357,0.0559643,0.0883113214770051,0.0323470214770051
0003,390,560.115,0.055576999999999994,0.089116217283523,0.033539217283523
0003,390,561.874,0.05513779999999999,0.0890509418764673,0.03391314187646731
0003,390,563.633,0.054546799999999986,0.0891112016089296,0.03456440160892962
0003,390,565.392,0.05374319999999998,0.0890547697944829,0.035311569794482925
0003,390,567.151,0.052824500000000024,0.0885637868891455,0.035739286889145475
0003,390,568.91,0.05185400000000002,0.0880248472074086,0.036170847207408575
0003,390,570.668,0.0507324,0.0883625488765905,0.0376301488765905
0003,390,572.427,0.04954379999999999,0.0879362273257079,0.038392427325707905
0003,390,574.186,0.04850699999999999,0.0879714634360002,0.039464463436000206
0003,390,575.945,0.04762749999999997,0.0869631561259245,0.03933565612592454
0003,390,577.704,0.04681840000000002,0.0868387062302063,0.04002030623020628
0003,390,579.462,0.046015200000000006,0.0866047337754355,0.04058953377543549
0003,390,581.221,0.0454337,0.0867127202225653,0.041279020222565306
0003,390,582.98,0.044905999999999995,0.0860229274430835,0.041116927443083505
0003,390,584.739,0.0444522,0.0862758931429201,0.0418236931429201
0003,390,586.498,0.04410039999999999,0.0860923424037349,0.041991942403734904
0003,390,588.256,0.043748800000000004,0.0858787263026341,0.042129926302634096
0003,390,590.015,0.043297,0.0855660441510298,0.04226904415102979
0003,390,591.774,0.0431,0.0859097544544681,0.04280975445446811
0003,390,593.533,0.0429467,0.0860335339456328,0.043086833945632806
0003,390,595.292,0.0428708,0.0871576349294906,0.04428683492949059
0003,390,597.05,0.042800000000000005,0.086476668981854,0.04367666898185399
0003,390,598.809,0.0427191,0.0870686440054367,0.04434954400543669
0003,390,600.568,0.042699999999999995,0.0870188890241506,0.044318889024150605
0003,390,602.327,0.0425346,0.0874780033474716,0.04494340334747161
0003,390,604.086,0.0422914,0.0875124474638442,0.045221047463844206
0003,390,605.844,0.04203119999999999,0.0878316958706739,0.045800495870673905
0003,390,607.603,0.041679400000000005,0.0877162589514078,0.0460368589514078
0003,390,609.362,0.04129140000000001,0.0877346479014006,0.04644324790140059
0003,390,611.121,0.04077580000000001,0.087115410908659,0.04633961090865899
0003,390,612.88,0.040336000000000004,0.0872296508567503,0.0468936508567503
0003,390,614.639,0.0398722,0.0862494330281514,0.0463772330281514
0003,390,616.397,0.03942059999999999,0.0867718728357633,0.04735127283576331
0003,390,618.156,0.039068800000000015,0.0867144567541198,0.04764565675411979
0003,390,619.915,0.03871700000000001,0.0869707192883162,0.0482537192883162
0003,390,621.674,0.0385326,0.0869513773978406,0.048418777397840604
0003,390,623.433,0.0384,0.0870502209966906,0.048650220996690606
0003,390,625.191,0.0384,0.0867382663147863,0.048338266314786306
0003,390,626.95,0.0384,0.0870049429293807,0.0486049429293807
0003,390,628.709,0.0384,0.0874205614752254,0.0490205614752254
0003,390,630.468,0.038446799999999996,0.0878412949422371,0.0493944949422371
0003,390,632.227,0.0384773,0.0876083282006884,0.0491310282006884
0003,390,633.985,0.0384,0.0887562760315435,0.0503562760315435
0003,390,635.744,0.0383,0.0883161279890884,0.0500161279890884
0003,390,637.503,0.03789939999999999,0.0886342168600698,0.0507348168600698
0003,390,639.262,0.03744760000000001,0.0885697071439437,0.05112210714394369
0003,390,641.021,0.036893700000000015,0.0884318479547019,0.05153814795470188
0003,390,642.779,0.0363663,0.0880784585526062,0.0517121585526062
0003,390,644.538,0.0358386,0.0877761324128406,0.051937532412840604
0003,390,646.297,0.03544059999999999,0.086639442975664,0.051198842975664016
0003,390,648.056,0.0352,0.0866792964233029,0.051479296423302894
0003,390,649.815,0.03503699999999999,0.0868950998959375,0.0518580998959375
0003,390,651.574,0.03478520000000001,0.0866521913280457,0.051866991328045696
0003,390,653.332,0.0345668,0.0864424069618557,0.051875606961855704
0003,390,655.091,0.0347,0.086714742904262,0.052014742904261994
0003,390,656.85,0.03453,0.0854996915269171,0.0509696915269171
0003,390,658.609,0.0341391,0.0859126446762309,0.0517735446762309
0003,390,660.368,0.03382639999999999,0.0855084395973694,0.0516820395973694
0003,390,662.126,0.0333748,0.086111396868007,0.052736596868007
0003,390,663.885,0.0331115,0.0852835258819815,0.0521720258819815
0003,390,665.644,0.0330356,0.085067791907965,0.052032191907965
0003,390,667.403,0.03267909999999999,0.0845013107158436,0.051822210715843614
0003,390,669.162,0.03201899999999998,0.0846726548843944,0.05265365488439443
0003,390,670.92,0.0316,0.0838877376763909,0.0522877376763909
0003,390,672.679,0.03220739999999999,0.0844537540559542,0.052246354055954215
0003,390,674.438,0.032887599999999996,0.0841782685098626,0.0512906685098626
0003,390,676.197,0.0332394,0.0848192936894225,0.05157989368942249
0003,390,677.956,0.0334956,0.0846537412711596,0.0511581412711596
0003,390,679.714,0.03384280000000001,0.0855191597204139,0.05167635972041389
0003,390,681.473,0.034294599999999995,0.0858051243550627,0.0515105243550627
0003,390,683.232,0.03489279999999999,0.0876698702402617,0.05277707024026171
0003,390,684.991,0.03559639999999999,0.0874963720250901,0.051899972025090106
0003,390,686.75,0.037075,0.0892546420924389,0.0521796420924389
0003,390,688.508,0.03875720000000003,0.091111268964547,0.05235406896454696
0003,390,690.267,0.04080050000000008,0.0944238836233653,0.053623383623365224
0003,390,692.026,0.043657199999999896,0.0983745922079859,0.05471739220798601
0003,390,693.785,0.04776249999999992,0.1040135931285743,0.05625109312857438
0003,390,695.544,0.052995199999999944,0.1075019405288426,0.054506740528842655
0003,390,697.303,0.05898169999999999,0.1121530203840465,0.053171320384046504
0003,390,699.061,0.06617450000000016,0.1160876286502768,0.04991312865027664
0003,390,700.82,0.07417200000000022,0.1221120845482841,0.04794008454828387
0003,390,702.579,0.08243709999999976,0.1259760950650622,0.043538995065062425
0003,390,704.338,0.09118999999999983,0.1315958344955734,0.040405834495573584
0003,390,706.097,0.09989469999999989,0.1362731146142168,0.0363784146142169
0003,390,707.855,0.1090315000000001,0.142072903294766,0.03304140329476589
0003,390,709.614,0.11867700000000019,0.1457079278325543,0.027030927832554105
0003,390,711.373,0.12811420000000026,0.152009722426877,0.02389552242687673
0003,390,713.132,0.13796559999999972,0.154881220695455,0.016915620695455297
0003,390,714.891,0.1477222999999998,0.1592135147611491,0.011491214761149282
0003,390,716.649,0.1572642,0.1609828591006165,0.0037186591006165004
0003,390,718.408,0.16805200000000012,0.1653816294033672,-0.002670370596632915
0003,390,720.167,0.1795354000000002,0.1701145748730583,-0.009420825126941895
0003,390,721.926,0.18979300000000024,0.1780057421131839,-0.011787257886816338
0003,390,723.685,0.19906749999999968,0.1824626926396537,-0.016604807360345974
0003,390,725.443,0.20918079999999992,0.187558755341021,-0.021622044658978906
0003,390,727.202,0.21875039999999998,0.1892221320544664,-0.029528267945533593
0003,390,728.961,0.22789720000000005,0.195474065466647,-0.03242313453335305
0003,390,730.72,0.23631200000000013,0.1988272953670146,-0.03748470463298553
0003,390,732.479,0.2444034000000002,0.2046734161287157,-0.039729983871284485
0003,390,734.238,0.25170440000000016,0.2066491280356455,-0.04505527196435466
0003,390,735.996,0.25838479999999997,0.2111590143979703,-0.04722578560202967
0003,390,737.755,0.2644915,0.2127116459190943,-0.051779854080905685
0003,390,739.514,0.2702934,0.2147483930443463,-0.05554500695565373
0003,390,741.273,0.27546440000000005,0.2168774983128373,-0.05858690168716274
0003,390,743.032,0.2801736000000001,0.219724696838673,-0.06044890316132709
0003,390,744.79,0.28413799999999995,0.2201758934557464,-0.06396210654425355
0003,390,746.549,0.2875333,0.2229710719345888,-0.0645622280654112
0003,390,748.308,0.2905236,0.2236626195981691,-0.06686098040183089
0003,390,750.067,0.29339380000000004,0.2255046729568564,-0.06788912704314365
0003,390,751.826,0.29577380000000003,0.2258524553681251,-0.06992134463187494
0003,390,753.584,0.29794239999999994,0.2277134511841023,-0.07022894881589764
0003,390,755.343,0.2997087,0.2305363857837415,-0.0691723142162585
0003,390,757.102,0.3011,0.2273088944735949,-0.07379110552640508
0003,390,758.861,0.3004112,0.2197013918355685,-0.08070980816443149
0003,390,760.62,0.30262200000000006,0.2131155189286521,-0.08950648107134795
0003,390,762.378,0.3055622,0.2106713040710209,-0.09489089592897912
0003,390,764.137,0.3066780999999999,0.2198604752890292,-0.08681762471097071
0003,390,765.896,0.30842719999999996,0.2440765330931909,-0.06435066690680905
0003,390,767.655,0.309162,0.2483660219836423,-0.060795978016357693
0003,390,769.414,0.31000700000000003,0.2499008782170662,-0.06010612178293384
0003,390,771.172,0.310786,0.2479585922523196,-0.06282740774768042
0003,390,772.931,0.31175860000000005,0.2423058612944521,-0.06945273870554794
0003,390,774.69,0.31237600000000004,0.2412345771825513,-0.07114142281744873
0003,390,776.449,0.3131245,0.2395176787236276,-0.07360682127637239
0003,390,778.208,0.3140832,0.2398925923540857,-0.07419060764591431
0003,390,779.967,0.3146901,0.2388627789549825,-0.07582732104501747
0003,390,781.725,0.31529,0.2402867140029679,-0.07500328599703213
0003,390,783.484,0.31609360000000003,0.2420781826855278,-0.07401541731447223
0003,390,785.243,0.3167729,0.2421644994021035,-0.07460840059789653
0003,390,787.002,0.3174005999999999,0.23982199995337,-0.07757860004662992
0003,390,788.761,0.3178522,0.2429043547753853,-0.07494784522461467
0003,390,790.519,0.3183076,0.2406820647637322,-0.07762553523626783
0003,390,792.278,0.319139,0.2444465385164656,-0.0746924614835344
0003,390,794.037,0.32001480000000004,0.2425159254427675,-0.07749887455723253
0003,390,795.796,0.3205592,0.2456258773677423,-0.07493332263225769
0003,390,797.555,0.3209665,0.2453263993931349,-0.0756401006068651
0003,390,799.313,0.3216565,0.2471153414201153,-0.07454115857988472
0003,390,801.072,0.3225216,0.2474017077844993,-0.07511989221550072
0003,390,802.831,0.3229662,0.2480626475768062,-0.07490355242319377
0003,390,804.59,0.323695,0.2475267068287331,-0.07616829317126692
0003,390,806.349,0.32433960000000006,0.251021289474735,-0.07331831052526505
0003,390,808.107,0.3249214,0.2498159112341175,-0.07510548876588252
0003,390,809.866,0.3251,0.2500923607386974,-0.0750076392613026
0003,390,811.625,0.32523750000000007,0.2471713229956605,-0.07806617700433957
0003,390,813.384,0.3249616,0.2481835857152701,-0.07677801428472991
0003,390,815.143,0.32498580000000005,0.2453618796568631,-0.07962392034313695
0003,390,816.902,0.32604120000000003,0.2472421754152787,-0.07879902458472132
0003,390,818.66,0.32709599999999994,0.2477087996404879,-0.07938720035951205
0003,390,820.419,0.3277162,0.2504697975733307,-0.0772464024266693
0003,390,822.178,0.3274712,0.2538194894087428,-0.07365171059125719
0003,390,823.937,0.3290181,0.2553020158899903,-0.07371608411000968
0003,390,825.696,0.3295304,0.252486116849304,-0.077044283150696
0003,390,827.454,0.3294454,0.257002025796202,-0.07244337420379798
0003,390,829.213,0.32998520000000003,0.2569876163887202,-0.07299758361127984
0003,390,830.972,0.3305916,0.2549078743121129,-0.07568372568788706
0003,390,832.731,0.3311193,0.2563272487560329,-0.0747920512439671
0003,390,834.49,0.332145,0.258166373632764,-0.07397862636723601
0003,390,836.248,0.33254960000000006,0.2638401076927805,-0.06870949230721957
0003,390,838.007,0.3331014,0.2609568232647696,-0.07214457673523039
0003,390,839.766,0.3335298,0.2589992985633681,-0.07453050143663187
0003,390,841.525,0.3340575,0.2605557106991493,-0.07350178930085072
0003,390,843.284,0.3347988,0.2615637674255461,-0.0732350325744539
0003,390,845.042,0.3353042,0.2647168392602367,-0.0705873607397633
0003,390,846.801,0.3356403,0.2628519116051393,-0.07278838839486068
0003,390,848.56,0.33595600000000003,0.2638174564440403,-0.07213854355595972
0003,390,850.319,0.33679139999999996,0.2612819293467548,-0.07550947065324515
0003,390,852.078,0.3372844,0.2616561751154151,-0.07562822488458487
0003,390,853.836,0.3369328,0.2653172965832876,-0.07161550341671236
0003,390,855.595,0.33799750000000006,0.2641897400595659,-0.07380775994043415
0003,390,857.354,0.33843540000000005,0.2644020289228328,-0.07403337107716723
0003,390,859.113,0.3386678,0.2674068850444474,-0.07126091495555265
0003,390,860.872,0.33946160000000003,0.2666467077950775,-0.07281489220492254
0003,390,862.631,0.34008930000000004,0.2656760587422262,-0.07441324125777382
0003,390,864.389,0.34008330000000003,0.2663953547890271,-0.07368794521097294
0003,390,866.148,0.3405036,0.2666823793727561,-0.07382122062724394
0003,390,867.907,0.3414628,0.2664359830757782,-0.0750268169242218
0003,390,869.666,0.3418,0.2692830301394325,-0.07251696986056749
0003,390,871.425,0.3418,0.2722368695753451,-0.0695631304246549
0003,390,873.183,0.3420366,0.271378852252773,-0.07065774774722705
0003,390,874.942,0.3424826,0.2711099145114735,-0.07137268548852654
0003,390,876.701,0.3431402,0.2667572390993099,-0.07638296090069013
0003,390,878.46,0.3432,0.2721658502675088,-0.07103414973249123
0003,390,880.219,0.3433657,0.27056129307233,-0.07280440692766998
0003,390,881.977,0.34379540000000003,0.2730570721495359,-0.07073832785046413
0003,390,883.736,0.3441208,0.2694540272770315,-0.07466677272296851
0003,390,885.495,0.3443505,0.2679278544263057,-0.07642264557369433
0003,390,887.254,0.3444762,0.267469192288822,-0.07700700771117802
0003,390,889.013,0.3448013,0.2706461555248995,-0.07415514447510047
0003,390,890.771,0.34490000000000004,0.2705613804660782,-0.07433861953392185
0003,390,892.53,0.34454700000000005,0.2719630842410996,-0.07258391575890044
0003,390,894.289,0.34368440000000006,0.2695745721723304,-0.07410982782766967
0003,390,896.048,0.3433048,0.2648317974107075,-0.07847300258929252
0003,390,897.807,0.3433193,0.2633767320141541,-0.07994256798584587
0003,390,899.566,0.34322640000000004,0.2713538304103049,-0.07187256958969512
0003,390,901.324,0.34376199999999996,0.2729922363789204,-0.07076976362107956
0003,390,903.083,0.3449581,0.2775223929990044,-0.0674357070009956
0003,390,904.842,0.3454316,0.2781703079299461,-0.06726129207005388
0003,390,906.601,0.3442596,0.2758053973709533,-0.06845420262904672
0003,390,908.36,0.34409999999999996,0.2708244798512123,-0.07327552014878769
0003,390,910.118,0.3441708,0.2655160778659354,-0.0786547221340646
0003,390,911.877,0.34426150000000005,0.2670117535183293,-0.07724974648167077
0003,390,913.636,0.34412719999999997,0.2725559363090213,-0.07157126369097866
0003,390,915.395,0.3444,0.2710334061171169,-0.07336659388288308
0003,390,917.154,0.3443616,0.2736102544399285,-0.07075134556007151
0003,390,918.912,0.3454296,0.2796658787608713,-0.06576372123912871
0003,390,920.671,0.3461671,0.2780152260003991,-0.06815187399960093
0003,390,922.43,0.34587100000000004,0.280487528788795,-0.06538347121120502
0003,390,924.189,0.3452378,0.2819309629229977,-0.0633068370770023
0003,390,925.948,0.3453052,0.2780921818718171,-0.06721301812818287
0003,390,927.706,0.3436528,0.2711205490140442,-0.07253225098595578
0003,390,929.465,0.34168849999999995,0.2636107365865248,-0.07807776341347517
0003,390,931.224,0.3383847999999999,0.2539617772334452,-0.08442302276655467
0003,390,932.983,0.3347323000000001,0.2466117590865308,-0.0881205409134693
0003,390,934.742,0.33380000000000004,0.2491872923622102,-0.08461270763778983
0003,390,936.5,0.3335,0.2477119254506348,-0.08578807454936521
0003,390,938.259,0.33816260000000004,0.2699728019358178,-0.06818979806418224
0003,390,940.018,0.33767840000000005,0.2732821750385212,-0.06439622496147884
0003,390,941.777,0.3363446,0.2930092787617693,-0.043335321238230695
0003,390,943.536,0.3350568000000001,0.2808645920167384,-0.05419220798326169
0003,390,945.295,0.33472300000000005,0.2773630065242991,-0.05735999347570092
0003,390,947.053,0.3336735,0.2746356825067148,-0.05903781749328524
0003,390,948.812,0.3333624,0.2635823299424621,-0.06978007005753789
0003,390,950.571,0.3329719,0.26198801692648,-0.07098388307352
0003,390,952.33,0.33100199999999996,0.2801999196694107,-0.05080208033058925
0003,390,954.089,0.32921989999999995,0.2810421908278339,-0.04817770917216607
0003,390,955.847,0.3285694,0.2732887141868548,-0.055280685813145214
0003,390,957.606,0.328497,0.2762124504984806,-0.052284549501519395
0003,390,959.365,0.3275,0.2805137064155948,-0.0469862935844052
0003,390,961.124,0.32594880000000004,0.2841004079890374,-0.04184839201096263
0003,390,962.883,0.327,0.2708205377807441,-0.056179462219255905
0003,390,964.641,0.3281718,0.270653307667976,-0.057518492332023996
0003,390,966.4,0.32861999999999997,0.2773358448657134,-0.05128415513428658
0003,390,968.159,0.32923179999999996,0.282206801182884,-0.04702499881711597
0003,390,969.918,0.3287574,0.2796790352166488,-0.0490783647833512
0003,390,971.677,0.32812919999999995,0.2824281832124889,-0.04570101678751104
0003,390,973.435,0.3287435,0.2851551466482902,-0.043588353351709797
0003,390,975.194,0.329097,0.2801630840020579,-0.04893391599794206
0003,390,976.953,0.3294047,0.2805743154397536,-0.04883038456024641
0003,390,978.712,0.32955599999999996,0.278611852862447,-0.050944147137552964
0003,390,980.471,0.32975289999999996,0.2827988220285788,-0.04695407797142115
0003,390,982.23,0.329679,0.2814881160577432,-0.04819088394225679
0003,390,983.988,0.32690839999999993,0.2861703454807333,-0.04073805451926665
0003,390,985.747,0.32632530000000004,0.2812136546390478,-0.045111645360952246
0003,390,987.506,0.3283,0.2842833429142415,-0.04401665708575847
0003,390,989.265,0.3297035,0.2832815554296748,-0.04642194457032517
0003,390,991.024,0.3329504,0.2910779793280518,-0.041872420671948185
0003,390,992.782,0.3360948000000001,0.2814494110890187,-0.05464538891098136
0003,390,994.541,0.3369623,0.2890731627754008,-0.0478891372245992
0003,390,996.3,0.33755,0.2925302608815131,-0.04501973911848689
0003,390,998.059,0.3386413,0.2787178862669072,-0.05992341373309279
0003,390,999.818,0.3398726,0.284871501541898,-0.05500109845810203
0003,390,1001.58,0.34089,0.2845988775583346,-0.05629112244166545
0004,356,398.305,0.0150695,0.043527182320529,0.028457682320528997
0004,356,400.064,0.015006400000000001,0.0422031844628835,0.027196784462883497
0004,356,401.823,0.0151,0.0407906381710206,0.025690638171020595
0004,356,403.582,0.0152,0.0407286437170627,0.025528643717062705
0004,356,405.34,0.015233999999999998,0.0398051419353779,0.024571141935377905
0004,356,407.099,0.0154,0.0393162781394458,0.023916278139445798
0004,356,408.858,0.015485800000000001,0.037550115411816,0.022064315411816
0004,356,410.617,0.015661700000000004,0.0368883229987617,0.021226622998761695
0004,356,412.376,0.0158376,0.0353293869169989,0.019491786916998897
0004,356,414.134,0.0160134,0.0340848266839049,0.018071426683904896
0004,356,415.893,0.0161,0.0336088374039886,0.017508837403988602
0004,356,417.652,0.016265199999999997,0.0335631603707309,0.017297960370730902
0004,356,419.411,0.0164411,0.0336280308630264,0.017186930863026396
0004,356,421.17,0.016617000000000003,0.0330259577756283,0.016408957775628296
0004,356,422.928,0.0167928,0.0334707551802275,0.016677955180227497
0004,356,424.687,0.0169,0.0334950221893936,0.0165950221893936
0004,356,426.446,0.017044600000000003,0.0338382359966662,0.0167936359966662
0004,356,428.205,0.0172205,0.033983138254849,0.016762638254849
0004,356,429.964,0.0173964,0.0345700650247643,0.0171736650247643
0004,356,431.722,0.0174,0.0348822179868978,0.0174822179868978
0004,356,433.481,0.0175481,0.035007419992927,0.017459319992927002
0004,356,435.24,0.0177,0.0351388246290054,0.017438824629005402
0004,356,436.999,0.017799900000000004,0.0355207169761414,0.017720816976141394
0004,356,438.758,0.0179758,0.0356425367950204,0.0176667367950204
0004,356,440.516,0.018051600000000004,0.0360448536399493,0.017993253639949292
0004,356,442.275,0.018127499999999998,0.0358596011507923,0.017732101150792302
0004,356,444.034,0.0183034,0.0366768756926725,0.0183734756926725
0004,356,445.793,0.018479300000000004,0.0367036997179861,0.018224399717986096
0004,356,447.552,0.018600000000000002,0.0373269037472525,0.018726903747252496
0004,356,449.311,0.018731099999999997,0.0374216738467415,0.018690573846741502
0004,356,451.069,0.0190069,0.0380703903376373,0.019063490337637302
0004,356,452.828,0.019182799999999996,0.0379726024075562,0.018789802407556202
0004,356,454.587,0.019299999999999998,0.038614549850034,0.019314549850034002
0004,356,456.346,0.0194346,0.0386043895898,0.019169789589800004
0004,356,458.105,0.0196,0.0394407639442148,0.0198407639442148
0004,356,459.863,0.0196,0.0394400127384258,0.019840012738425804
0004,356,461.622,0.0197,0.0400001089903838,0.020300108990383803
0004,356,463.381,0.019838099999999997,0.0400759714791686,0.020237871479168605
0004,356,465.14,0.019914,0.0404051677675758,0.0204911677675758
0004,356,466.899,0.02,0.0404318617738992,0.0204318617738992
0004,356,468.657,0.020099999999999996,0.0409688153509572,0.020868815350957203
0004,356,470.416,0.0202,0.0409196146467709,0.0207196146467709
0004,356,472.175,0.0203175,0.0414266426457034,0.0211091426457034
0004,356,473.934,0.020493400000000002,0.0415527576015848,0.021059357601584797
0004,356,475.693,0.0205693,0.0419414831555116,0.0213721831555116
0004,356,477.451,0.0207,0.0417962243816574,0.0210962243816574
0004,356,479.21,0.020820999999999996,0.0422843307809347,0.021463330780934705
0004,356,480.969,0.0209969,0.0424654301962203,0.021468530196220303
0004,356,482.728,0.0210728,0.0429647049168571,0.021891904916857097
0004,356,484.487,0.021297400000000005,0.0428356669445232,0.021538266944523193
0004,356,486.246,0.021524599999999998,0.0434713206133556,0.021946720613355605
0004,356,488.004,0.0217004,0.0434981962004308,0.021797796200430798
0004,356,489.763,0.021952599999999996,0.044139584969039,0.022186984969039
0004,356,491.522,0.022304400000000002,0.0441447603843154,0.021840360384315395
0004,356,493.281,0.022556200000000002,0.0446427706166413,0.022086570616641297
0004,356,495.04,0.022912000000000005,0.0447302618530897,0.021818261853089698
0004,356,496.798,0.0234394,0.0452821910610664,0.021842791061066402
0004,356,498.557,0.024067100000000004,0.0455263486910092,0.021459248691009198
0004,356,500.316,0.024757999999999985,0.0463686396750451,0.021610639675045114
0004,356,502.075,0.025537499999999994,0.0469808586968496,0.021443358696849605
0004,356,503.834,0.026500400000000004,0.0478607531137533,0.021360353113753294
0004,356,505.592,0.027514399999999987,0.048343477235899,0.02082907723589901
0004,356,507.351,0.0288159,0.0494607557068565,0.0206448557068565
0004,356,509.11,0.030299000000000013,0.0501563993425869,0.019857399342586887
0004,356,510.869,0.031969000000000025,0.0513034068265201,0.019334406826520073
0004,356,512.628,0.03395360000000005,0.0523881483365794,0.01843454833657935
0004,356,514.386,0.03624039999999995,0.0538482985301725,0.01760789853017255
0004,356,516.145,0.03881749999999997,0.0550424952944508,0.01622499529445083
0004,356,517.904,0.04163679999999999,0.0567166155706455,0.015079815570645513
0004,356,519.663,0.04469340000000002,0.0582983476978965,0.013604947697896476
0004,356,521.422,0.04800180000000005,0.0601016719917376,0.012099871991737544
0004,356,523.18,0.051305999999999914,0.0617201795164205,0.010414179516420582
0004,356,524.939,0.05429629999999994,0.0635923112288551,0.009296011228855157
0004,356,526.698,0.057695999999999956,0.0643795396568911,0.006683539656891141
0004,356,528.457,0.06121399999999999,0.0663441011369925,0.005130101136992513
0004,356,530.216,0.06432400000000002,0.0678033079604765,0.003479307960476477
0004,356,531.975,0.06686500000000004,0.0693853384699768,0.002520338469976763
0004,356,533.733,0.06890629999999993,0.0703240106636776,0.001417710663677671
0004,356,535.492,0.07079199999999997,0.0717549032467732,0.0009629032467732279
0004,356,537.251,0.07242589999999997,0.0728658246373708,0.000439924637370831
0004,356,539.01,0.07390599999999999,0.0742392311973685,0.0003332311973685137
0004,356,540.769,0.07503829999999999,0.0748488425488301,-0.00018945745116988322
0004,356,542.527,0.07632160000000003,0.07601841402179,-0.00030318597821002435
0004,356,544.286,0.07760019999999997,0.0766383613808788,-0.0009618386191211636
0004,356,546.045,0.07873599999999997,0.0781482004106479,-0.0005877995893520671
0004,356,547.804,0.08006279999999998,0.0781735146852616,-0.0018892853147383787
0004,356,549.563,0.08119409999999999,0.0793780413169398,-0.0018160586830601871
0004,356,551.321,0.08229260000000002,0.0797432304613969,-0.002549369538603116
0004,356,553.08,0.083216,0.0806935266357616,-0.0025224733642384006
0004,356,554.839,0.0834,0.0809945920875241,-0.0024054079124758987
0004,356,556.598,0.08318040000000002,0.0816583022486674,-0.0015220977513326212
0004,356,558.357,0.08252150000000001,0.0817936559961154,-0.0007278440038846062
0004,356,560.115,0.081531,0.0823840339459824,0.0008530339459823927
0004,356,561.874,0.08038819999999998,0.0823976645148979,0.0020094645148979184
0004,356,563.633,0.07883029999999996,0.0823116462715584,0.0034813462715584387
0004,356,565.392,0.07706879999999994,0.0821194226743162,0.00505062267431626
0004,356,567.151,0.07501880000000005,0.0820325302420234,0.007013730242023342
0004,356,568.91,0.07281700000000005,0.0818941951416773,0.00907719514167725
0004,356,570.668,0.07029799999999999,0.0819497339643243,0.011651733964324312
0004,356,572.427,0.06780219999999998,0.0816177453443488,0.013815545344348826
0004,356,574.186,0.06557679999999996,0.0816940557383826,0.016117255738382644
0004,356,575.945,0.06346599999999994,0.0805993085090495,0.017133308509049566
0004,356,577.704,0.06159600000000005,0.0807636675407369,0.01916766754073685
0004,356,579.462,0.05988420000000001,0.0805445200555372,0.020660320055537182
0004,356,581.221,0.0584232,0.0803867561019611,0.021963556101961094
0004,356,582.98,0.057113999999999984,0.0801317881629168,0.023017788162916816
0004,356,584.739,0.05595659999999998,0.0802960161464078,0.02433941614640782
0004,356,586.498,0.05495099999999997,0.0802353531569471,0.02528435315694713
0004,356,588.256,0.05409760000000001,0.0805500397936658,0.026452439793665794
0004,356,590.015,0.05319250000000001,0.0802695784520602,0.027077078452060192
0004,356,591.774,0.0524678,0.0804475727385695,0.027979772738569504
0004,356,593.533,0.051940099999999996,0.0802734510917366,0.028333351091736604
0004,356,595.292,0.0514416,0.0808860902218301,0.029444490221830107
0004,356,597.05,0.05109000000000002,0.0803776704647307,0.02928767046473068
0004,356,598.809,0.05073820000000001,0.0808853825195583,0.030147182519558294
0004,356,600.568,0.050386400000000005,0.0811998798370098,0.030813479837009793
0004,356,602.327,0.0498692,0.0815182714546217,0.0316490714546217
0004,356,604.086,0.0491656,0.0813967192489803,0.032231119248980304
0004,356,605.844,0.048462399999999975,0.0816490237437128,0.033186623743712826
0004,356,607.603,0.04759850000000002,0.081377579736633,0.03377907973663297
0004,356,609.362,0.046582800000000014,0.081674739468727,0.03509193946872698
0004,356,611.121,0.045427400000000014,0.08140612140728,0.035978721407279986
0004,356,612.88,0.044372,0.0816641503389128,0.037292150338912804
0004,356,614.639,0.04328049999999999,0.0811999783071353,0.0379194783071353
0004,356,616.397,0.042261799999999974,0.0814241600220384,0.03916236002203842
0004,356,618.156,0.041322000000000025,0.0813237608913768,0.040001760891376775
0004,356,619.915,0.040534000000000014,0.0811910288030439,0.04065702880304388
0004,356,621.674,0.03999780000000001,0.0810319420005976,0.041034142000597594
0004,356,623.433,0.0395567,0.0813010680622492,0.041744368062249196
0004,356,625.191,0.0392809,0.0813257561880119,0.042044856188011896
0004,356,626.95,0.03900999999999999,0.0817649249108183,0.04275492491081831
0004,356,628.709,0.03892910000000001,0.0821877251667484,0.04325862516674839
0004,356,630.468,0.038853200000000004,0.0822867156479023,0.04343351564790229
0004,356,632.227,0.03875460000000001,0.0821965799613712,0.04344197996137119
0004,356,633.985,0.03840299999999999,0.0831644820881058,0.044761482088105806
0004,356,635.744,0.037802399999999986,0.0825964235463102,0.04479402354631021
0004,356,637.503,0.03694849999999998,0.0831108842081507,0.04616238420815072
0004,356,639.262,0.03606900000000003,0.0829012321446149,0.04683223214461486
0004,356,641.021,0.03508530000000003,0.082813241174298,0.047727941174297975
0004,356,642.779,0.0338547,0.0825438254052365,0.0486891254052365
0004,356,644.538,0.03277719999999999,0.0824318900800838,0.0496546900800838
0004,356,646.297,0.03175149999999999,0.0817554235204019,0.05000392352040191
0004,356,648.056,0.03087759999999998,0.082078890422717,0.051201290422717025
0004,356,649.815,0.030255499999999984,0.0815871501159984,0.05133165011599842
0004,356,651.574,0.02978520000000001,0.081451496171526,0.05166629617152599
0004,356,653.332,0.0293336,0.0815291666901964,0.0521955666901964
0004,356,655.091,0.028990899999999997,0.0820102692907872,0.0530193692907872
0004,356,656.85,0.02855999999999999,0.0812567758881553,0.052696775888155314
0004,356,658.609,0.027856399999999986,0.0813541488284706,0.05349774882847061
0004,356,660.368,0.02715279999999998,0.0811986758351886,0.05404587583518862
0004,356,662.126,0.026437000000000013,0.08128569501166,0.05484869501165998
0004,356,663.885,0.025557500000000004,0.0807403500024322,0.05518285000243219
0004,356,665.644,0.024906799999999996,0.0808517347901951,0.055944934790195106
0004,356,667.403,0.024379099999999994,0.0802450951497457,0.05586599514974571
0004,356,669.162,0.023983799999999996,0.0808317757568507,0.0568479757568507
0004,356,670.92,0.0239,0.0807050428023518,0.056805042802351796
0004,356,672.679,0.0239,0.0806151814908818,0.0567151814908818
0004,356,674.438,0.024,0.080244434753445,0.056244434753445004
0004,356,676.197,0.0241197,0.0807975765037603,0.05667787650376029
0004,356,677.956,0.024295600000000004,0.0808713145016063,0.0565757145016063
0004,356,679.714,0.024642800000000013,0.0815711163851033,0.05692831638510328
0004,356,681.473,0.02518919999999998,0.082096631398641,0.05690743139864102
0004,356,683.232,0.02593919999999998,0.0831491344240052,0.057209934424005224
0004,356,684.991,0.027093699999999988,0.0833047644081938,0.05621106440819382
0004,356,686.75,0.02925,0.0855504767336937,0.056300476733693705
0004,356,688.508,0.032062000000000056,0.0871705450664164,0.055108545066416346
0004,356,690.267,0.03559420000000014,0.0899118284252231,0.05431762842522297
0004,356,692.026,0.04080139999999982,0.092902161312437,0.05210076131243718
0004,356,693.785,0.04821099999999985,0.0967866831881004,0.048575683188100544
0004,356,695.544,0.057863999999999895,0.0998252145142237,0.041961214514223806
0004,356,697.303,0.06891189999999998,0.1045631240273846,0.03565122402738462
0004,356,699.061,0.08251240000000029,0.108759093896772,0.026246693896771714
0004,356,700.82,0.09753400000000044,0.1142452161867738,0.01671121618677336
0004,356,702.579,0.11281099999999955,0.1188617984310227,0.006050798431023144
0004,356,704.338,0.1290771999999997,0.1241275707190469,-0.0049496292809528
0004,356,706.097,0.14511179999999982,0.1282079142772338,-0.01690388572276602
0004,356,707.855,0.16189350000000016,0.1335101596986797,-0.028383340301320475
0004,356,709.614,0.17927860000000032,0.1377027033512756,-0.041575896648724714
0004,356,711.373,0.19618080000000046,0.1436268516873714,-0.05255394831262905
0004,356,713.132,0.21375959999999944,0.1468414189365428,-0.06691818106345665
0004,356,714.891,0.23116449999999963,0.1516738131211511,-0.07949068687884853
0004,356,716.649,0.24857940000000003,0.1559127711408386,-0.09266662885916144
0004,356,718.408,0.2673288000000002,0.1608339921483076,-0.1064948078516926
0004,356,720.167,0.2866034000000003,0.165543621126598,-0.12105977887340227
0004,356,721.926,0.3038970000000004,0.1710795471666214,-0.132817452833379
0004,356,723.685,0.32044449999999947,0.1741794844161208,-0.14626501558387867
0004,356,725.443,0.33761989999999986,0.1786606188864944,-0.15895928111350546
0004,356,727.202,0.35369779999999995,0.1822119756602822,-0.17148582433971776
0004,356,728.961,0.3690646000000001,0.1877772291671409,-0.18128737083285917
0004,356,730.72,0.3831000000000002,0.1904897132318997,-0.19261028676810052
0004,356,732.479,0.3960009000000003,0.1945306751719884,-0.2014702248280119
0004,356,734.238,0.4078470000000004,0.1962147289662009,-0.2116322710337995
0004,356,735.996,0.4189751999999999,0.200517936168495,-0.21845726383150488
0004,356,737.755,0.42895249999999996,0.2030327053505557,-0.22591979464944426
0004,356,739.514,0.43821860000000007,0.2061147806958067,-0.23210381930419338
0004,356,741.273,0.4465285000000001,0.208476994524588,-0.2380515054754121
0004,356,743.032,0.4539216000000002,0.2111203102005547,-0.2428012897994455
0004,356,744.79,0.46036499999999986,0.2114690510398202,-0.24889594896017966
0004,356,746.549,0.46593719999999994,0.2137160858180121,-0.25222111418198784
0004,356,748.308,0.4707316,0.2146234178960632,-0.25610818210393677
0004,356,750.067,0.4752541,0.2166850238961303,-0.2585690761038697
0004,356,751.826,0.47905200000000003,0.2176164542240889,-0.2614355457759111
0004,356,753.584,0.4823927999999999,0.2199350754688606,-0.2624577245311393
0004,356,755.343,0.4852801999999999,0.2196471862842182,-0.2656330137157817
0004,356,757.102,0.48707140000000004,0.2190303211330818,-0.26804107886691825
0004,356,758.861,0.4889054,0.219862745007365,-0.269042654992635
0004,356,760.62,0.4939,0.2226234875043541,-0.2712765124956459
0004,356,762.378,0.4927512,0.2257957547255743,-0.2669554452744257
0004,356,764.137,0.49476439999999994,0.2276469373423213,-0.26711746265767866
0004,356,765.896,0.4968752,0.2281356015934608,-0.2687395984065392
0004,356,767.655,0.498424,0.2256504599930948,-0.2727735400069052
0004,356,769.414,0.5000897999999999,0.2268180810650978,-0.2732717189349021
0004,356,771.172,0.5012032,0.2280105361375582,-0.2731926638624418
0004,356,772.931,0.5024448,0.228361356056052,-0.274083443943948
0004,356,774.69,0.5032760000000001,0.2298109413981637,-0.27346505860183634
0004,356,776.449,0.5042592,0.2302507954171998,-0.2740084045828002
0004,356,778.208,0.505404,0.2308051504950654,-0.2745988495049346
0004,356,779.967,0.5060901,0.2304412870477466,-0.2756488129522534
0004,356,781.725,0.5067625,0.2316851506633437,-0.2750773493366563
0004,356,783.484,0.5076936,0.2333558583964344,-0.27433774160356555
0004,356,785.243,0.5083972,0.2327509116299956,-0.2756462883700044
0004,356,787.002,0.5093006,0.2325167109111647,-0.27678388908883533
0004,356,788.761,0.5097522,0.2350583027721045,-0.2746938972278955
0004,356,790.519,0.5101557,0.2341571044002484,-0.2759985955997516
0004,356,792.278,0.5109668,0.2375827542787305,-0.27338404572126956
0004,356,794.037,0.5120111,0.2360588309412595,-0.27595226905874054
0004,356,795.796,0.5125388,0.2365842926389911,-0.27595450736100885
0004,356,797.555,0.5128665,0.2379739027138832,-0.2748925972861168
0004,356,799.313,0.5135878,0.2377144253645185,-0.27587337463548156
0004,356,801.072,0.5145072,0.2378203470844348,-0.2766868529155653
0004,356,802.831,0.5147662,0.238627838180195,-0.27613836181980494
0004,356,804.59,0.515395,0.2389880298052053,-0.27640697019479477
0004,356,806.349,0.5160745,0.2410434806525798,-0.2750310193474202
0004,356,808.107,0.5168107000000001,0.2408486971010764,-0.2759620028989237
0004,356,809.866,0.5168134000000001,0.2428539298041814,-0.2739594701958187
0004,356,811.625,0.5173875,0.2409236395340748,-0.2764638604659252
0004,356,813.384,0.5176767999999999,0.2432276904690149,-0.274449109530985
0004,356,815.143,0.5177572,0.2435258912472007,-0.27423130875279933
0004,356,816.902,0.5184607999999999,0.2455392322204021,-0.27292156777959786
0004,356,818.66,0.519196,0.2440556646512244,-0.2751403353487756
0004,356,820.419,0.5195257,0.2450581011907163,-0.2744675988092837
0004,356,822.178,0.5202712,0.2457629914560198,-0.2745082085439803
0004,356,823.937,0.5204126,0.2456514046659266,-0.2747611953340734
0004,356,825.696,0.521348,0.2455332622426448,-0.2758147377573552
0004,356,827.454,0.5218908,0.2470740352560436,-0.2748167647439564
0004,356,829.213,0.5221787,0.2464333360219509,-0.2757453639780491
0004,356,830.972,0.5224888,0.2479245420752538,-0.27456425792474615
0004,356,832.731,0.5230462,0.2467534439999068,-0.2762927560000932
0004,356,834.49,0.523894,0.2468064569078291,-0.2770875430921709
0004,356,836.248,0.5243744,0.2496741880588791,-0.27470021194112093
0004,356,838.007,0.525,0.2489144839196368,-0.27608551608036325
0004,356,839.766,0.5253064,0.2489946621681281,-0.27631173783187185
0004,356,841.525,0.52591,0.2497655131918777,-0.2761444868081223
0004,356,843.284,0.5268271999999999,0.2516197406925835,-0.2752074593074164
0004,356,845.042,0.5273042,0.2522240950535564,-0.2750801049464436
0004,356,846.801,0.5276403000000001,0.2517574170435017,-0.2758828829564984
0004,356,848.56,0.528424,0.254505076225937,-0.273918923774063
0004,356,850.319,0.5292957,0.2514050793700066,-0.2778906206299934
0004,356,852.078,0.5298077999999999,0.2542061731676557,-0.27560162683234424
0004,356,853.836,0.5299836,0.255805366743666,-0.274178233256334
0004,356,855.595,0.5296785,0.2547491543190743,-0.27492934568092575
0004,356,857.354,0.5306416,0.254262853882518,-0.27637874611748203
0004,356,859.113,0.5309791,0.2554512763660977,-0.2755278236339023
0004,356,860.872,0.5318615999999999,0.2535517603844135,-0.2783098396155864
0004,356,862.631,0.5324523999999999,0.2562808756101026,-0.27617152438989734
0004,356,864.389,0.5329389,0.258001697953829,-0.274937202046171
0004,356,866.148,0.5337,0.2565881883254682,-0.27711181167453175
0004,356,867.907,0.5337907000000001,0.2574608397298918,-0.27632986027010825
0004,356,869.666,0.5342,0.2584615717918869,-0.2757384282081131
0004,356,871.425,0.5343424999999999,0.2599859391262317,-0.27435656087376825
0004,356,873.183,0.5346548999999999,0.2593502694141444,-0.2753046305858555
0004,356,874.942,0.5350884,0.260245009685899,-0.27484339031410104
0004,356,876.701,0.5356701,0.2577954407246933,-0.27787465927530675
0004,356,878.46,0.5357459999999999,0.2602085612909343,-0.27553743870906566
0004,356,880.219,0.5359438000000001,0.2590160664509643,-0.27692773354903577
0004,356,881.977,0.5361977,0.2614188596619115,-0.2747788403380885
0004,356,883.736,0.5364208,0.2598201294537129,-0.2766006705462871
0004,356,885.495,0.5366505,0.2598899005836152,-0.2767605994163848
0004,356,887.254,0.5367000000000001,0.2589416519674788,-0.27775834803252125
0004,356,889.013,0.5367026,0.262362845390635,-0.27433975460936505
0004,356,890.771,0.5369771,0.2612064471329006,-0.2757706528670994
0004,356,892.53,0.537065,0.2623521601220383,-0.2747128398779617
0004,356,894.289,0.5366844,0.2605991527583917,-0.27608524724160827
0004,356,896.048,0.5361952,0.2587369197031456,-0.2774582802968544
0004,356,897.807,0.5357772,0.2580040978627886,-0.27777310213721135
0004,356,899.566,0.5357264,0.2643156260877882,-0.27141077391221186
0004,356,901.324,0.5358324,0.2613176483404438,-0.2745147516595562
0004,356,903.083,0.5362,0.2606804873687146,-0.27551951263128543
0004,356,904.842,0.5367052,0.2606198334231212,-0.27608536657687877
0004,356,906.601,0.5364399,0.2576379670343913,-0.2788019329656087
0004,356,908.36,0.536156,0.2598901078902331,-0.2762658921097669
0004,356,910.118,0.5357236,0.2590213466298491,-0.27670225337015086
0004,356,911.877,0.5351984000000001,0.2585895360895087,-0.2766088639104914
0004,356,913.636,0.5353908,0.2645511574813496,-0.27083964251865034
0004,356,915.395,0.5354605,0.2614101306351325,-0.2740503693648675
0004,356,917.154,0.5351462,0.2652105876317124,-0.2699356123682876
0004,356,918.912,0.5355824000000001,0.2654612311367467,-0.27012116886325344
0004,356,920.671,0.5361684,0.2639220682568319,-0.2722463317431681
0004,356,922.43,0.536099,0.2656614899636744,-0.2704375100363256
0004,356,924.189,0.5353244,0.2648351872789966,-0.27048921272100346
0004,356,925.948,0.5348103999999999,0.2633584644482908,-0.2714519355517091
0004,356,927.706,0.5337763999999999,0.2622209286205056,-0.2715554713794943
0004,356,929.465,0.5325234999999999,0.2624774580399138,-0.27004604196008614
0004,356,931.224,0.5290296,0.2606262810021713,-0.2684033189978287
0004,356,932.983,0.5253357000000001,0.2575072764876642,-0.2678284235123359
0004,356,934.742,0.5225096,0.2641954161648291,-0.2583141838351709
0004,356,936.5,0.5218499999999999,0.2516253709722625,-0.2702246290277374
0004,356,938.259,0.5231741,0.253040618110002,-0.270133481889998
0004,356,940.018,0.5223,0.2510099550132187,-0.2712900449867813
0004,356,941.777,0.5229216,0.2733929949775431,-0.24952860502245688
0004,356,943.536,0.5227888,0.2661463533443126,-0.2566424466556875
0004,356,945.295,0.5200150000000001,0.2740832846154472,-0.24593171538455294
0004,356,947.053,0.5156106,0.2678849233471767,-0.24772567665282336
0004,356,948.812,0.5173428000000001,0.2585234987431504,-0.2588193012568497
0004,356,950.571,0.5172296,0.2531681545754772,-0.26406144542452276
0004,356,952.33,0.5136739999999999,0.2603261451539244,-0.25334785484607547
0004,356,954.089,0.5090822,0.2559507560167934,-0.25313144398320664
0004,356,955.847,0.5091540999999999,0.263133578099086,-0.24602052190091395
0004,356,957.606,0.5074122,0.2597677609392526,-0.2476444390607474
0004,356,959.365,0.5058794999999999,0.2638418600556432,-0.24203763994435673
0004,356,961.124,0.5019596000000001,0.2618535204059443,-0.24010607959405578
0004,356,962.883,0.5055596000000001,0.2649420012743784,-0.24061759872562172
0004,356,964.641,0.5062026000000001,0.2597991909621348,-0.24640340903786528
0004,356,966.4,0.50446,0.2625008774984769,-0.24195912250152313
0004,356,968.159,0.5055636,0.2644693538281134,-0.24109424617188663
0004,356,969.918,0.5052574,0.2712852451643979,-0.23397215483560208
0004,356,971.677,0.5039323,0.2737234189213279,-0.2302088810786721
0004,356,973.435,0.5052,0.2673793101633156,-0.23782068983668436
0004,356,975.194,0.5046164000000001,0.2616987721923071,-0.242917627807693
0004,356,976.953,0.5051,0.2702455364577086,-0.2348544635422914
0004,356,978.712,0.5036576,0.2612871519937585,-0.24237044800624152
0004,356,980.471,0.5049826000000001,0.2610469545205026,-0.24393564547949748
0004,356,982.23,0.5065329999999999,0.2624414186653499,-0.24409158133464998
0004,356,983.988,0.5024228,0.2638249435140721,-0.23859785648592785
0004,356,985.747,0.5006783,0.2601391606482612,-0.24053913935173882
0004,356,987.506,0.5024952,0.2726437025514153,-0.22985149744858474
0004,356,989.265,0.503924,0.2647175816617192,-0.23920641833828082
0004,356,991.024,0.5048976000000001,0.2806356156409414,-0.22426198435905864
0004,356,992.782,0.5047999999999999,0.2702072913528752,-0.23459270864712473
0004,356,994.541,0.5052622999999999,0.2692238218470315,-0.23603847815296847
0004,356,996.3,0.50582,0.2651607291287116,-0.24065927087128847
0004,356,998.059,0.5068413,0.2670691032992375,-0.23977219670076255
0004,356,999.818,0.5080726,0.2710678292878988,-0.2370047707121012
0004,356,1001.58,0.509148,0.2643315767725179,-0.24481642322748215
0005,342,398.305,0.016830499999999998,0.0389550984954578,0.022124598495457802
0005,342,400.064,0.016906400000000002,0.0362569645126858,0.019350564512685797
0005,342,401.823,0.017,0.0348150146635325,0.017815014663532497
0005,342,403.582,0.0171,0.0350649714477247,0.017964971447724697
0005,342,405.34,0.017233999999999996,0.034229802789515,0.016995802789515003
0005,342,407.099,0.0174099,0.033440986635004,0.016031086635004
0005,342,408.858,0.017585800000000002,0.03238937421132,0.01480357421132
0005,342,410.617,0.017761700000000002,0.031427636761515,0.013665936761514997
0005,342,412.376,0.017975199999999997,0.0301350828509517,0.012159882850951702
0005,342,414.134,0.0182,0.0293577266533398,0.011157726653339799
0005,342,415.893,0.018289299999999998,0.0287188725257638,0.010429572525763802
0005,342,417.652,0.0185304,0.0286361560512505,0.0101057560512505
0005,342,419.411,0.0187411,0.0285891226058556,0.0098480226058556
0005,342,421.17,0.019017000000000003,0.0281007998489953,0.009083799848995298
0005,342,422.928,0.0191928,0.0285129371781161,0.009320137178116101
0005,342,424.687,0.019468700000000002,0.0284250045781303,0.008956304578130299
0005,342,426.446,0.0196446,0.0287724814615447,0.0091278814615447
0005,342,428.205,0.019840999999999994,0.0282502037695477,0.008409203769547707
0005,342,429.964,0.020096399999999997,0.0286309437576725,0.008534543757672503
0005,342,431.722,0.020272199999999997,0.0288086056990879,0.008536405699087903
0005,342,433.481,0.0204481,0.0291502172730757,0.0087021172730757
0005,342,435.24,0.020624,0.0296671041731531,0.0090431041731531
0005,342,436.999,0.020799900000000003,0.0296640429748779,0.008864142974877896
0005,342,438.758,0.021075799999999995,0.0295818117355269,0.008506011735526904
0005,342,440.516,0.021251600000000002,0.0299415272861396,0.008689927286139598
0005,342,442.275,0.0214275,0.030001393912966,0.008573893912966
0005,342,444.034,0.021603400000000002,0.0305827028152801,0.008979302815280098
0005,342,445.793,0.0217793,0.0304732587279012,0.0086939587279012
0005,342,447.552,0.022010400000000003,0.0310848740150339,0.009074474015033897
0005,342,449.311,0.0222311,0.0310481266483932,0.008817026648393199
0005,342,451.069,0.0225069,0.0317065909236524,0.009199690923652398
0005,342,452.828,0.0226828,0.0315070544905819,0.008824254490581902
0005,342,454.587,0.0228587,0.0320079730956098,0.0091492730956098
0005,342,456.346,0.0230346,0.0319855195587133,0.008950919558713303
0005,342,458.105,0.023210500000000002,0.0323533252010835,0.009142825201083497
0005,342,459.863,0.0233863,0.0325060963899041,0.009119796389904102
0005,342,461.622,0.0234622,0.0327698412847828,0.009307641284782803
0005,342,463.381,0.0236381,0.0329025761734825,0.009264476173482503
0005,342,465.14,0.023799999999999998,0.0332300253251158,0.0094300253251158
0005,342,466.899,0.023889900000000002,0.0329344440164498,0.009044544016449798
0005,342,468.657,0.024,0.0333917808069138,0.009391780806913802
0005,342,470.416,0.0241416,0.0333895762550984,0.009247976255098399
0005,342,472.175,0.024317500000000002,0.0337421082468116,0.009424608246811596
0005,342,473.934,0.024493400000000002,0.0338821870753727,0.0093887870753727
0005,342,475.693,0.0246,0.0340736822051618,0.009473682205161798
0005,342,477.451,0.024745100000000003,0.0341179684723577,0.009372868472357698
0005,342,479.21,0.024821,0.0345834144267473,0.009762414426747298
0005,342,480.969,0.025093799999999996,0.0346574691316502,0.009563669131650205
0005,342,482.728,0.0252728,0.0348855816047183,0.0096127816047183
0005,342,484.487,0.0254487,0.0347717501253407,0.009323050125340699
0005,342,486.246,0.025624599999999997,0.0351092710596887,0.009484671059688705
0005,342,488.004,0.0258004,0.035164103000544,0.009363703000543996
0005,342,489.763,0.0259763,0.035721660616176,0.009745360616176
0005,342,491.522,0.0263044,0.0359063673198061,0.009601967319806101
0005,342,493.281,0.0265562,0.0363519963191418,0.009795796319141802
0005,342,495.04,0.026912000000000005,0.0364316371889903,0.009519637188990293
0005,342,496.798,0.0273596,0.0368087859426482,0.009449185942648198
0005,342,498.557,0.027767100000000006,0.0370524867219087,0.009285386721908696
0005,342,500.316,0.028194799999999992,0.0374810095688083,0.00928620956880831
0005,342,502.075,0.028729999999999995,0.0381661985750963,0.009436198575096307
0005,342,503.834,0.0293502,0.0388533860278154,0.0095031860278154
0005,342,505.592,0.030036799999999995,0.0393697736296467,0.009332973629646704
0005,342,507.351,0.030840399999999997,0.0403137279686667,0.009473327968666706
0005,342,509.11,0.031755000000000005,0.040997353083508,0.009242353083507994
0005,342,510.869,0.03272140000000001,0.0419726102182624,0.00925121021826239
0005,342,512.628,0.033839600000000025,0.0430161332716092,0.009176533271609173
0005,342,514.386,0.035108799999999975,0.0440929745902618,0.008984174590261823
0005,342,516.145,0.036515999999999986,0.0452758883758501,0.008759888375850115
0005,342,517.904,0.0379232,0.0467898513732769,0.008866651373276906
0005,342,519.663,0.03949670000000001,0.048233843166824,0.008737143166823988
0005,342,521.422,0.04117980000000002,0.0499820038777328,0.008802203877732777
0005,342,523.18,0.04296199999999996,0.0514312844703679,0.00846928447036794
0005,342,524.939,0.04454509999999997,0.0528633193532445,0.008318219353244533
0005,342,526.698,0.046058399999999985,0.054077963620967,0.008019563620967014
0005,342,528.457,0.047756999999999994,0.0557026545762502,0.007945654576250204
0005,342,530.216,0.049472800000000004,0.057029853663419,0.007557053663418994
0005,342,531.975,0.05088000000000002,0.058427277789435,0.007547277789434981
0005,342,533.733,0.05193979999999997,0.0593486594376408,0.00740885943764083
0005,342,535.492,0.05289679999999998,0.0605433313838347,0.007646531383834719
0005,342,537.251,0.053850599999999985,0.0614561879701174,0.007605587970117414
0005,342,539.01,0.054903,0.062470538467487,0.007567538467486999
0005,342,540.769,0.0555076,0.0631034466876884,0.007595846687688403
0005,342,542.527,0.05621080000000001,0.0640052922430857,0.007794492243085684
0005,342,544.286,0.05681439999999998,0.0645448603804726,0.007730460380472613
0005,342,546.045,0.057413499999999985,0.0659080943597179,0.00849459435971791
0005,342,547.804,0.05810199999999999,0.0663454495697243,0.00824344956972431
0005,342,549.563,0.058881499999999996,0.0670890595445237,0.0082075595445237
0005,342,551.321,0.05969630000000001,0.0673819112962812,0.007685611296281189
0005,342,553.08,0.060216000000000006,0.0681069318662715,0.007890931866271489
0005,342,554.839,0.0604,0.0683844175045229,0.007984417504522896
0005,342,556.598,0.060440200000000006,0.068571479090936,0.008131279090935993
0005,342,558.357,0.0603643,0.0687729349341376,0.008408634934137592
0005,342,560.115,0.060088499999999996,0.0688965244060009,0.008808024406000904
0005,342,561.874,0.0598252,0.068853847759674,0.009028647759673998
0005,342,563.633,0.05931009999999999,0.069009797131078,0.009699697131078003
0005,342,565.392,0.05864319999999998,0.0686534907177685,0.010010290717768516
0005,342,567.151,0.057939600000000015,0.068407418477925,0.010467818477924988
0005,342,568.91,0.057145000000000015,0.0682401704492059,0.011095170449205882
0005,342,570.668,0.05619919999999999,0.0680405148080285,0.01184131480802851
0005,342,572.427,0.05518649999999999,0.0675273996671819,0.012340899667181902
0005,342,574.186,0.05432559999999999,0.0675404971700717,0.01321489717007171
0005,342,575.945,0.05352749999999997,0.0664762911545699,0.012948791154569934
0005,342,577.704,0.05271840000000002,0.0665794285491652,0.013861028549165176
0005,342,579.462,0.0520614,0.0660048783426711,0.013943478342671102
0005,342,581.221,0.0515337,0.0658185139439932,0.014284813943993196
0005,342,582.98,0.05100599999999999,0.0655220155104224,0.014516015510422413
0005,342,584.739,0.050578299999999986,0.0655136675305304,0.01493536753053041
0005,342,586.498,0.05020039999999999,0.0652366013897707,0.0150362013897707
0005,342,588.256,0.049848800000000006,0.0652383000449487,0.015389500044948691
0005,342,590.015,0.049497000000000006,0.0650805084168553,0.01558350841685529
0005,342,591.774,0.0492226,0.0651270654314839,0.015904465431483904
0005,342,593.533,0.049100000000000005,0.0651094170061032,0.0160094170061032
0005,342,595.292,0.048970799999999995,0.0654579910430974,0.0164871910430974
0005,342,597.05,0.0489,0.0651419039678471,0.016241903967847096
0005,342,598.809,0.0488191,0.0653929588008827,0.016573858800882697
0005,342,600.568,0.0487432,0.0655221009164226,0.016778900916422604
0005,342,602.327,0.0486346,0.0655525526224524,0.016917952622452395
0005,342,604.086,0.0483828,0.0654716725104009,0.0170888725104009
0005,342,605.844,0.048115599999999994,0.0656797527515139,0.017564152751513906
0005,342,607.603,0.04777940000000001,0.0652108150827856,0.017431415082785597
0005,342,609.362,0.04739140000000001,0.0652885869320862,0.01789718693208619
0005,342,611.121,0.04687580000000001,0.0650225115139609,0.018146711513960898
0005,342,612.88,0.046436,0.0649538827099678,0.0185178827099678
0005,342,614.639,0.0459722,0.0645608326886386,0.018588632688638605
0005,342,616.397,0.04552059999999999,0.0644601936785612,0.01893959367856122
0005,342,618.156,0.045084400000000004,0.0644560576876944,0.019371657687694395
0005,342,619.915,0.04481700000000001,0.0643797606877901,0.019562760687790087
0005,342,621.674,0.044532600000000006,0.0640898347032111,0.019557234703211093
0005,342,623.433,0.0444567,0.0643190971937583,0.019862397193758305
0005,342,625.191,0.0443809,0.0639631980855926,0.0195822980855926
0005,342,626.95,0.0443,0.0643000170821592,0.020000017082159198
0005,342,628.709,0.0443,0.0644480853486239,0.020148085348623897
0005,342,630.468,0.0444,0.0646179386981638,0.020217938698163802
0005,342,632.227,0.0444,0.0644488758118309,0.020048875811830895
0005,342,633.985,0.0443015,0.0652119168625506,0.020910416862550595
0005,342,635.744,0.0440512,0.0648031071423227,0.020751907142322695
0005,342,637.503,0.04369939999999999,0.0650072285671735,0.02130782856717351
0005,342,639.262,0.04324760000000001,0.064501934720724,0.021254334720723994
0005,342,641.021,0.04279160000000002,0.0645029523174008,0.021711352317400782
0005,342,642.779,0.0421663,0.0642511816577062,0.022084881657706203
0005,342,644.538,0.0416386,0.0643562849357731,0.0227176849357731
0005,342,646.297,0.041240599999999995,0.0636115803251473,0.022370980325147304
0005,342,648.056,0.04077759999999998,0.0635257910692358,0.022748191069235812
0005,342,649.815,0.04015549999999998,0.0628435496069685,0.02268804960696852
0005,342,651.574,0.039900000000000005,0.0626942848545225,0.022794284854522492
0005,342,653.332,0.039900000000000005,0.0625124781168231,0.022612478116823098
0005,342,655.091,0.039790900000000004,0.0629612750566668,0.02317037505666679
0005,342,656.85,0.039529999999999996,0.0624004833155537,0.022870483315553705
0005,342,658.609,0.03891729999999999,0.062185489350882,0.023268189350882013
0005,342,660.368,0.03856319999999999,0.0622652611860592,0.023702061186059206
0005,342,662.126,0.038287400000000006,0.0622164752862055,0.02392907528620549
0005,342,663.885,0.038023,0.0616828394800861,0.023659839480086098
0005,342,665.644,0.0375712,0.0615447484078524,0.023973548407852402
0005,342,667.403,0.0372194,0.0609341051480688,0.023714705148068803
0005,342,669.162,0.036983800000000004,0.061262068882089,0.024278268882088998
0005,342,670.92,0.0369,0.060950216303937,0.024050216303937
0005,342,672.679,0.0368,0.0609701600513235,0.024170160051323504
0005,342,674.438,0.0369,0.0609188155249393,0.0240188155249393
0005,342,676.197,0.0369197,0.0612588535654103,0.024339153565410297
0005,342,677.956,0.037095600000000006,0.0609932667142477,0.023897666714247694
0005,342,679.714,0.037342800000000016,0.0618355094579473,0.024492709457947286
0005,342,681.473,0.037641899999999985,0.0620681974395835,0.024426297439583515
0005,342,683.232,0.03819279999999999,0.0624324202785258,0.02423962027852581
0005,342,684.991,0.038995499999999995,0.0629160549014048,0.0239205549014048
0005,342,686.75,0.040475,0.0644497635239518,0.02397476352395181
0005,342,688.508,0.04230800000000004,0.0661958294841704,0.023887829484170356
0005,342,690.267,0.044527200000000086,0.068763396606478,0.02423619660647791
0005,342,692.026,0.0476545999999999,0.071467908703976,0.023813308703976098
0005,342,693.785,0.05166249999999992,0.0750338713255934,0.023371371325593485
0005,342,695.544,0.05668639999999994,0.0779151472443023,0.021228747244302362
0005,342,697.303,0.06232109999999999,0.0822486191408683,0.019927519140868308
0005,342,699.061,0.06895010000000014,0.0860703684156491,0.017120268415648968
0005,342,700.82,0.07632600000000021,0.091146446468149,0.014820446468148785
0005,342,702.579,0.08384759999999979,0.0956628563362503,0.01181525633625051
0005,342,704.338,0.09175479999999984,0.1003901498573714,0.00863534985737155
0005,342,706.097,0.09964619999999991,0.1048970076209697,0.0052508076209698
0005,342,707.855,0.10790400000000008,0.1097764723558564,0.0018724723558563167
0005,342,709.614,0.11647000000000017,0.1138557055891953,-0.0026142944108048655
0005,342,711.373,0.12489040000000022,0.1190099052889597,-0.005880494711040518
0005,342,713.132,0.13377319999999973,0.1221594922128428,-0.011613707787156938
0005,342,714.891,0.1423876999999998,0.1262430683312938,-0.016144631668706
0005,342,716.649,0.1509099,0.1299838120908257,-0.0209260879091743
0005,342,718.408,0.1603256000000001,0.1353125255163548,-0.025013074483645287
0005,342,720.167,0.17041850000000014,0.139531642431662,-0.030886857568338144
0005,342,721.926,0.17972260000000023,0.1454201331962079,-0.03430246680379234
0005,342,723.685,0.18839349999999971,0.1501309112655361,-0.038262588734463615
0005,342,725.443,0.1975592999999999,0.1535961403311695,-0.04396315966883041
0005,342,727.202,0.20638979999999998,0.1569058785491986,-0.04948392145080138
0005,342,728.961,0.21491280000000007,0.162053967800264,-0.05285883219973608
0005,342,730.72,0.2227960000000001,0.1652140347405328,-0.057581965259467294
0005,342,732.479,0.23045970000000018,0.1694392635837744,-0.06102043641622579
0005,342,734.238,0.2374806000000002,0.1717646920064791,-0.06571590799352112
0005,342,735.996,0.24398519999999993,0.1756090830983148,-0.06837611690168513
0005,342,737.755,0.24989149999999996,0.1771297657690705,-0.07276173423092946
0005,342,739.514,0.25554200000000005,0.1800263951891867,-0.07551560481081335
0005,342,741.273,0.2605644000000001,0.1820827253942152,-0.0784816746057849
0005,342,743.032,0.26517360000000006,0.184075509789575,-0.08109809021042508
0005,342,744.79,0.26913799999999993,0.1844387309863574,-0.08469926901364253
0005,342,746.549,0.27258819999999995,0.1874862334584975,-0.08510196654150246
0005,342,748.308,0.27562359999999997,0.188072433955391,-0.08755116604460897
0005,342,750.067,0.2785005,0.1894807233706312,-0.08901977662936877
0005,342,751.826,0.28105640000000004,0.1905040099141253,-0.09055239008587473
0005,342,753.584,0.2832007999999999,0.1923346141797514,-0.09086618582024852
0005,342,755.343,0.28500869999999995,0.1915178973076353,-0.09349080269236465
0005,342,757.102,0.28645099999999996,0.1894425582856755,-0.09700844171432446
0005,342,758.861,0.2870722,0.1888475050440965,-0.0982246949559035
0005,342,760.62,0.289424,0.1894865921758505,-0.0999374078241495
0005,342,762.378,0.2888756,0.191145022131573,-0.09773057786842701
0005,342,764.137,0.29052329999999993,0.1962590928861874,-0.09426420711381253
0005,342,765.896,0.29219599999999996,0.2027444156332754,-0.08945158436672457
0005,342,767.655,0.293724,0.2026233043327249,-0.09110069566727508
0005,342,769.414,0.2951484,0.2035867604813029,-0.09156163951869709
0005,342,771.172,0.2962032,0.2021847102852141,-0.09401848971478591
0005,342,772.931,0.29716549999999997,0.2010777614674421,-0.09608773853255786
0005,342,774.69,0.297976,0.2013492793785771,-0.09662672062142291
0005,342,776.449,0.29872449999999995,0.2011448277177298,-0.09757967228227016
0005,342,778.208,0.2995832,0.2016903708887393,-0.09789282911126068
0005,342,779.967,0.3001901,0.2021547732468331,-0.09803532675316692
0005,342,781.725,0.30089,0.2032245132015019,-0.0976654867984981
0005,342,783.484,0.3016936,0.2042001852921795,-0.0974934147078205
0005,342,785.243,0.3022729,0.2030992007893265,-0.09917369921067351
0005,342,787.002,0.30290059999999996,0.2024193256026848,-0.10048127439731516
0005,342,788.761,0.3033522,0.204357468203756,-0.09899473179624402
0005,342,790.519,0.3038076,0.2033702302405868,-0.1004373697594132
0005,342,792.278,0.3046668,0.2066297837559075,-0.09803701624409253
0005,342,794.037,0.3055111,0.205490634872773,-0.10002046512722698
0005,342,795.796,0.3059592,0.2055699049181852,-0.1003892950818148
0005,342,797.555,0.3064665,0.2071802205359036,-0.09928627946409638
0005,342,799.313,0.3071565,0.2062951304845097,-0.1008613695154903
0005,342,801.072,0.3079216,0.207221747283774,-0.10069985271622603
0005,342,802.831,0.3084493,0.2076931163054488,-0.1007561836945512
0005,342,804.59,0.309136,0.2086251881369243,-0.10051081186307573
0005,342,806.349,0.3097396,0.2096126157914283,-0.10012698420857172
0005,342,808.107,0.3103214,0.2095949342145335,-0.10072646578546651
0005,342,809.866,0.3105,0.2098389117464791,-0.10066108825352091
0005,342,811.625,0.31076249999999994,0.2081854466634454,-0.10257705333655454
0005,342,813.384,0.31076159999999997,0.2095576975209915,-0.10120390247900848
0005,342,815.143,0.3107572,0.2094672604800956,-0.10128993951990442
0005,342,816.902,0.31146080000000004,0.2116011947890581,-0.09985960521094195
0005,342,818.66,0.31229599999999996,0.2100207138384249,-0.10227528616157505
0005,342,820.419,0.3128,0.2120857506104912,-0.10071424938950882
0005,342,822.178,0.3131068,0.2138843584334367,-0.09922244156656332
0005,342,823.937,0.3137874,0.2141218485865037,-0.09966555141349628
0005,342,825.696,0.3145784,0.2144053876464504,-0.10017301235354958
0005,342,827.454,0.31489999999999996,0.2147089770092572,-0.10019102299074276
0005,342,829.213,0.3151426,0.2150030128029481,-0.1001395871970519
0005,342,830.972,0.31559159999999997,0.2150012036969124,-0.10059039630308758
0005,342,832.731,0.3162193,0.2145996812266118,-0.10161961877338818
0005,342,834.49,0.31709600000000004,0.2160569465214042,-0.10103905347859585
0005,342,836.248,0.3174744,0.2190989780439099,-0.09837542195609009
0005,342,838.007,0.3181021,0.2176004745774925,-0.10050162542250751
0005,342,839.766,0.31862979999999996,0.2162710225766107,-0.10235877742338925
0005,342,841.525,0.3191575,0.21728194355655,-0.10187555644344998
0005,342,843.284,0.3198704,0.2188720081379553,-0.1009983918620447
0005,342,845.042,0.32020840000000006,0.2188309661152077,-0.10137743388479237
0005,342,846.801,0.3206403,0.2180852459034428,-0.10255505409655719
0005,342,848.56,0.321212,0.2191288757456853,-0.1020831242543147
0005,342,850.319,0.32199569999999994,0.2178985468421369,-0.10409715315786305
0005,342,852.078,0.3223,0.2203222910805425,-0.10197770891945748
0005,342,853.836,0.32255079999999997,0.2225016694031251,-0.10004913059687487
0005,342,855.595,0.3229785,0.2203551738821202,-0.1026233261178798
0005,342,857.354,0.3234708,0.2212761734334673,-0.10219462656653269
0005,342,859.113,0.32385650000000005,0.2224680137444442,-0.10138848625555585
0005,342,860.872,0.3244744,0.2222910455957698,-0.10218335440423021
0005,342,862.631,0.3250262,0.2217999818338942,-0.10322621816610578
0005,342,864.389,0.32523890000000005,0.2243103478916713,-0.10092855210832874
0005,342,866.148,0.32602960000000003,0.2235166728649227,-0.10251292713507734
0005,342,867.907,0.32638140000000004,0.2238515118204523,-0.10252988817954775
0005,342,869.666,0.3266666,0.224029531346729,-0.10263706865327096
0005,342,871.425,0.3268425,0.2239353256211926,-0.10290717437880739
0005,342,873.183,0.3272549,0.2227640581340684,-0.1044908418659316
0005,342,874.942,0.3275942,0.2244230861900513,-0.1031711138099487
0005,342,876.701,0.3280701,0.2225450008102939,-0.10552509918970607
0005,342,878.46,0.328146,0.2267805900275483,-0.10136540997245169
0005,342,880.219,0.3284438,0.2251836144997792,-0.10326018550022081
0005,342,881.977,0.3286977,0.2255906004336524,-0.10310709956634759
0005,342,883.736,0.3289472,0.2234440557349019,-0.1055031442650981
0005,342,885.495,0.3292,0.2228015499351633,-0.1063984500648367
0005,342,887.254,0.3294254,0.2225604174678869,-0.10686498253211307
0005,342,889.013,0.3296026,0.2242280644124029,-0.10537453558759713
0005,342,890.771,0.32987710000000003,0.2239522165262951,-0.10592488347370493
0005,342,892.53,0.329747,0.2254844136334846,-0.10426258636651542
0005,342,894.289,0.3291555,0.2241604931984131,-0.10499500680158688
0005,342,896.048,0.3286,0.2199893275133257,-0.1086106724866743
0005,342,897.807,0.3283579,0.2217840169339467,-0.10657388306605328
0005,342,899.566,0.32855660000000003,0.2268811852276183,-0.10167541477238173
0005,342,901.324,0.3286972,0.2277812544535243,-0.10091594554647573
0005,342,903.083,0.3295249,0.2266996362551602,-0.1028252637448398
0005,342,904.842,0.3298,0.2268869144194983,-0.10291308558050169
0005,342,906.601,0.32917979999999997,0.2256740292398114,-0.10350577076018858
0005,342,908.36,0.32909999999999995,0.2244624361959016,-0.10463756380409836
0005,342,910.118,0.3294354,0.2239442346018702,-0.10549116539812978
0005,342,911.877,0.32926150000000004,0.2239396390054633,-0.10532186099453675
0005,342,913.636,0.3293272,0.2304645739975285,-0.09886262600247148
0005,342,915.395,0.32939999999999997,0.2315869268121426,-0.09781307318785737
0005,342,917.154,0.3292846,0.2288635817012994,-0.10042101829870059
0005,342,918.912,0.32947360000000003,0.2299211562601593,-0.09955244373984073
0005,342,920.671,0.3305697,0.2293342534821248,-0.10123544651787522
0005,342,922.43,0.3305990000000001,0.2287615567358234,-0.10183744326417668
0005,342,924.189,0.32988110000000004,0.2284513212311638,-0.10142977876883624
0005,342,925.948,0.32942079999999996,0.2255771396000215,-0.10384366039997847
0005,342,927.706,0.328347,0.2216439334177941,-0.10670306658220591
0005,342,929.465,0.32710949999999994,0.2163960018938807,-0.11071349810611925
0005,342,931.224,0.3246743999999999,0.2144920470327184,-0.11018235296728152
0005,342,932.983,0.3216272,0.2118957637082308,-0.10973143629176921
0005,342,934.742,0.32055480000000003,0.2214341030017407,-0.09912069699825932
0005,342,936.5,0.31955,0.2223962724262773,-0.0971537275737227
0005,342,938.259,0.3215446,0.2241840510982687,-0.09736054890173132
0005,342,940.018,0.3206982,0.2263282898976145,-0.09436991010238549
0005,342,941.777,0.3203669,0.2306554900895155,-0.08971140991048451
0005,342,943.536,0.3184352000000001,0.2209206374918799,-0.09751456250812018
0005,342,945.295,0.31829999999999997,0.2296996494586548,-0.08860035054134519
0005,342,947.053,0.3180258,0.2243755004336415,-0.09365029956635854
0005,342,948.812,0.31686240000000004,0.2235343708671043,-0.09332802913289576
0005,342,950.571,0.31687219999999994,0.2199672605001717,-0.09690493949982823
0005,342,952.33,0.31426999999999994,0.2170254500582377,-0.09724454994176224
0005,342,954.089,0.31175549999999996,0.2159552307292944,-0.09580026927070556
0005,342,955.847,0.3118082,0.2268617231505411,-0.08494647684945889
0005,342,957.606,0.3096486,0.2272764675817589,-0.0823721324182411
0005,342,959.365,0.30883649999999996,0.23262083605183,-0.07621566394816995
0005,342,961.124,0.30804800000000004,0.2350312619089664,-0.07301673809103365
0005,342,962.883,0.30918189999999995,0.2289549159792405,-0.08022698402075945
0005,342,964.641,0.30883080000000007,0.2268539924665196,-0.08197680753348047
0005,342,966.4,0.30873999999999996,0.2250369938804422,-0.08370300611955775
0005,342,968.159,0.3095477,0.2265431799217802,-0.08300452007821979
0005,342,969.918,0.30915739999999997,0.2312288371336557,-0.07792856286634428
0005,342,971.677,0.3088677,0.2300728590995543,-0.07879484090044572
0005,342,973.435,0.309913,0.2324917094924489,-0.07742129050755109
0005,342,975.194,0.3098776,0.2289517226410746,-0.08092587735892537
0005,342,976.953,0.3100094,0.2349921872557048,-0.07501721274429518
0005,342,978.712,0.3097712,0.2287361550719538,-0.08103504492804622
0005,342,980.471,0.3103065,0.2318586804084262,-0.07844781959157379
0005,342,982.23,0.31129399999999996,0.2295846351134209,-0.08170936488657907
0005,342,983.988,0.3094024,0.2271095871730113,-0.08229281282698872
0005,342,985.747,0.30972770000000005,0.227373371313433,-0.08235432868656706
0005,342,987.506,0.31074820000000003,0.2263900491042819,-0.08435815089571813
0005,342,989.265,0.3108325,0.2244020998482502,-0.0864304001517498
0005,342,991.024,0.3115072,0.2356258153926269,-0.07588138460737309
0005,342,992.782,0.3120346,0.227901691481051,-0.084132908518949
0005,342,994.541,0.3127164,0.2295773538442846,-0.08313904615571541
0005,342,996.3,0.31334999999999996,0.2307156230133822,-0.08263437698661777
0005,342,998.059,0.3142295,0.2287837437601558,-0.08544575623984418
0005,342,999.818,0.3151908,0.2295439064139762,-0.08564689358602379
0005,342,1001.58,0.31599000000000005,0.2367490566116784,-0.07924094338832166
